tp_r,sl_atr_mult,min_sl_usd,trend_filter,adx_min,session_mode,trades,wr,net_pf,net_pnl,max_dd
0.64,1.5,8.0,M5_M15,0,LONDON_EXPANSION,133,68.4,0.97,-16.99,12.92
0.72,1.5,8.0,M5_M15,0,LONDON_EXPANSION,133,68.4,1.11,56.76,9.68
0.8,1.5,8.0,M5_M15,0,LONDON_EXPANSION,131,67.2,1.19,99.63,9.83
0.88,1.5,8.0,M5_M15,0,LONDON_EXPANSION,131,63.4,1.11,68.15,8.61
0.96,1.5,8.0,M5_M15,0,LONDON_EXPANSION,130,56.9,0.94,-39.31,12.93
1.1,1.5,8.0,M5_M15,0,LONDON_EXPANSION,126,50.8,0.85,-102.51,18.17
0.8,1.2,8.0,M5_M15,0,LONDON_EXPANSION,131,67.2,1.19,99.21,9.86
0.8,1.35,8.0,M5_M15,0,LONDON_EXPANSION,131,67.2,1.19,99.45,9.85
0.8,1.5,8.0,M5_M15,0,LONDON_EXPANSION,131,67.2,1.19,99.63,9.83
0.8,1.65,8.0,M5_M15,0,LONDON_EXPANSION,131,67.2,1.19,100.0,9.82
0.8,1.8,8.0,M5_M15,0,LONDON_EXPANSION,131,66.4,1.15,79.87,9.81
0.8,1.5,6.0,M5_M15,0,LONDON_EXPANSION,133,63.2,0.9,-61.3,17.53
0.8,1.5,8.0,M5_M15,0,LONDON_EXPANSION,131,67.2,1.19,99.63,9.83
0.8,1.5,10.0,M5_M15,0,LONDON_EXPANSION,129,60.5,0.94,-33.87,12.92
0.8,1.5,8.0,M5_M15,0,LONDON_EXPANSION,131,67.2,1.19,99.63,9.83
0.8,1.5,8.0,STRICT_HTF,0,LONDON_EXPANSION,142,65.5,1.1,59.29,11.88
0.8,1.5,8.0,NONE,0,LONDON_EXPANSION,146,65.8,1.11,68.09,11.78
0.8,1.5,8.0,M5_M15,18,LONDON_EXPANSION,104,65.4,1.09,40.7,7.37
0.8,1.5,8.0,M5_M15,20,LONDON_EXPANSION,96,66.7,1.16,61.74,6.33
0.8,1.5,8.0,M5_M15,22,LONDON_EXPANSION,86,66.3,1.13,47.92,5.9
0.8,1.5,8.0,M5_M15,24,LONDON_EXPANSION,72,65.3,1.09,26.73,6.06
0.8,1.5,8.0,M5_M15,26,LONDON_EXPANSION,60,63.3,1.0,-0.46,9.02
0.8,1.5,8.0,M5_M15,0,LONDON_EXPANSION,131,67.2,1.19,99.63,9.83
0.8,1.5,8.0,M5_M15,0,MAJOR,184,65.8,1.12,88.04,13.14
0.8,1.5,8.0,M5_M15,0,ALL_24H,304,63.2,0.99,-13.04,14.28
