timestamp,symbol,side,module,entry,SL,TP,exit,result,R,gross_pnl,commission,slippage,net_pnl,MAE,MFE,session,trend,ADX,score
2026-06-30 12:47:00 UTC,ETHUSDT,SHORT,MODULE_B_BREAKOUT,1559.53,1567.53,1553.13,1553.13,TP_HIT,0.72,8.0,0.7782,0.0,7.2218,1.82,9.53,LONDON,BEARISH,39.1,100
2026-06-30 14:36:00 UTC,ETHUSDT,SHORT,MODULE_B_BREAKOUT,1569.93,1577.93,1563.53,1563.53,TP_HIT,0.72,8.0576,0.789,0.0,7.2686,0.31,6.6,LONDON_NY_OVERLAP,BEARISH,48.1,85
2026-07-01 11:00:00 UTC,ETHUSDT,SHORT,MODULE_B_BREAKOUT,1572.0,1580.0,1565.6,1565.6,TP_HIT,0.72,8.1152,0.7957,0.0,7.3195,3.19,6.52,LONDON,BEARISH,13.6,100
2026-07-01 14:10:00 UTC,ETHUSDT,LONG,MODULE_B_BREAKOUT,1602.84,1594.84,1609.24,1609.24,TP_HIT,0.72,8.1728,0.8204,0.0,7.3524,0.63,7.15,LONDON_NY_OVERLAP,BULLISH,20.9,100
2026-07-02 10:31:00 UTC,ETHUSDT,LONG,MODULE_B_BREAKOUT,1646.82,1638.82,1653.22,1653.22,TP_HIT,0.72,8.2304,0.8488,0.0,7.3816,4.52,7.54,LONDON,BULLISH,24.8,100
2026-07-02 11:47:00 UTC,ETHUSDT,LONG,MODULE_B_BREAKOUT,1647.33,1639.33,1653.73,1653.73,TP_HIT,0.72,8.288,0.855,0.0,7.433,3.81,9.67,LONDON,BULLISH,33.3,85
2026-07-02 14:01:00 UTC,ETHUSDT,LONG,MODULE_B_BREAKOUT,1717.64,1709.64,1724.04,1709.63,SL_HIT,-1.15,-10.445,1.5627,0.0,-12.0077,9.34,0.91,LONDON_NY_OVERLAP,BULLISH,52.4,100
2026-07-02 15:00:00 UTC,ETHUSDT,LONG,MODULE_B_BREAKOUT,1701.98,1693.98,1708.38,1693.97,SL_HIT,-1.15,-10.3249,1.5306,0.0,-11.8555,10.26,0.37,LONDON_NY_OVERLAP,BULLISH,56.4,100
2026-07-03 10:38:00 UTC,ETHUSDT,LONG,MODULE_B_BREAKOUT,1741.26,1733.26,1747.66,1747.66,TP_HIT,0.71,8.16,0.8897,0.0,7.2703,3.84,7.41,LONDON,BULLISH,51.0,100
2026-07-04 10:05:00 UTC,ETHUSDT,LONG,MODULE_B_BREAKOUT,1759.15,1751.15,1765.55,1765.55,TP_HIT,0.71,8.2176,0.9051,0.0,7.3125,3.78,6.67,LONDON,BULLISH,25.4,100
2026-07-04 13:59:00 UTC,ETHUSDT,LONG,MODULE_B_BREAKOUT,1763.17,1755.17,1769.57,1769.57,TP_HIT,0.71,8.2752,0.9136,0.0,7.3616,0.15,7.61,LONDON_NY_OVERLAP,BULLISH,30.3,85
2026-07-05 14:01:00 UTC,ETHUSDT,LONG,MODULE_B_BREAKOUT,1766.35,1758.35,1772.75,1772.75,TP_HIT,0.71,8.3328,0.9216,0.0,7.4112,2.35,14.83,LONDON_NY_OVERLAP,BULLISH,16.6,100
2026-07-06 09:08:00 UTC,ETHUSDT,SHORT,MODULE_B_BREAKOUT,1763.48,1771.48,1757.08,1757.08,TP_HIT,0.71,8.3904,0.9231,0.0,7.4673,1.47,6.78,LONDON,BEARISH,21.9,100
2026-07-06 12:42:00 UTC,ETHUSDT,SHORT,MODULE_B_BREAKOUT,1745.49,1753.49,1739.09,1739.09,TP_HIT,0.71,8.4544,0.9207,0.0,7.5337,0.24,6.76,LONDON,BEARISH,23.1,90
2026-07-06 16:08:00 UTC,ETHUSDT,LONG,MODULE_B_BREAKOUT,1793.44,1785.44,1799.84,1799.84,TP_HIT,0.71,8.512,0.9559,0.0,7.5561,1.15,9.41,LONDON_NY_OVERLAP,BULLISH,25.6,100
2026-07-07 10:03:00 UTC,ETHUSDT,LONG,MODULE_B_BREAKOUT,1782.23,1774.23,1788.63,1774.22,SL_HIT,-1.16,-10.7334,1.6663,0.0,-12.3997,8.77,1.19,LONDON,BULLISH,19.0,100
2026-07-07 15:22:00 UTC,ETHUSDT,LONG,MODULE_B_BREAKOUT,1791.95,1783.95,1798.35,1798.35,TP_HIT,0.71,8.4736,0.9507,0.0,7.5229,1.85,6.55,LONDON_NY_OVERLAP,BULLISH,15.8,100
2026-07-08 08:38:00 UTC,ETHUSDT,SHORT,MODULE_B_BREAKOUT,1727.0,1735.0,1720.6,1735.01,SL_HIT,-1.15,-10.6773,1.6168,0.0,-12.2941,9.45,2.69,LONDON,BEARISH,35.7,100
2026-07-08 14:16:00 UTC,ETHUSDT,SHORT,MODULE_B_BREAKOUT,1725.73,1733.73,1719.33,1733.74,SL_HIT,-1.15,-10.5572,1.5974,0.0,-12.1546,11.38,0.68,LONDON_NY_OVERLAP,BEARISH,22.4,100
2026-07-08 14:45:00 UTC,ETHUSDT,SHORT,MODULE_B_BREAKOUT,1723.8,1731.8,1717.4,1731.81,SL_HIT,-1.15,-10.437,1.5775,0.0,-12.0145,8.75,1.41,LONDON_NY_OVERLAP,BEARISH,24.6,100
2026-07-09 15:55:00 UTC,ETHUSDT,SHORT,MODULE_B_BREAKOUT,1738.55,1746.55,1732.15,1732.15,TP_HIT,0.71,8.2432,0.8941,0.0,7.3491,4.45,7.45,LONDON_NY_OVERLAP,BEARISH,14.5,100
2026-07-10 11:05:00 UTC,ETHUSDT,LONG,MODULE_B_BREAKOUT,1798.24,1790.24,1804.64,1804.64,TP_HIT,0.71,8.3008,0.9346,0.0,7.3662,4.76,8.58,LONDON,BULLISH,41.9,100
2026-07-10 13:22:00 UTC,ETHUSDT,LONG,MODULE_B_BREAKOUT,1795.79,1787.79,1802.19,1802.19,TP_HIT,0.71,8.3584,0.9398,0.0,7.4186,1.79,7.3,LONDON,BULLISH,44.8,90
2026-07-11 08:36:00 UTC,ETHUSDT,LONG,MODULE_B_BREAKOUT,1801.28,1793.28,1807.68,1807.68,TP_HIT,0.71,8.4224,0.9499,0.0,7.4725,7.04,6.72,LONDON,BULLISH,16.7,100
2026-07-12 14:31:00 UTC,ETHUSDT,LONG,MODULE_B_BREAKOUT,1805.55,1797.55,1811.95,1811.95,TP_HIT,0.71,8.48,0.9587,0.0,7.5213,0.0,13.94,LONDON_NY_OVERLAP,BULLISH,11.5,100
2026-07-14 11:15:00 UTC,ETHUSDT,LONG,MODULE_B_BREAKOUT,1798.25,1790.25,1804.65,1804.65,TP_HIT,0.71,8.5376,0.9613,0.0,7.5763,4.91,8.41,LONDON,BULLISH,21.7,80
2026-07-14 13:21:00 UTC,ETHUSDT,LONG,MODULE_B_BREAKOUT,1875.7,1867.7,1882.1,1882.1,TP_HIT,0.71,8.6016,1.0101,0.0,7.5915,2.63,6.95,LONDON,BULLISH,40.1,100
2026-07-14 14:34:00 UTC,ETHUSDT,LONG,MODULE_B_BREAKOUT,1868.98,1860.98,1875.38,1875.38,TP_HIT,0.71,8.6592,1.0132,0.0,7.646,1.2,7.4,LONDON_NY_OVERLAP,BULLISH,51.8,100
2026-07-15 15:08:00 UTC,ETHUSDT,LONG,MODULE_B_BREAKOUT,1934.8,1926.8,1941.2,1926.79,SL_HIT,-1.17,-10.9176,1.8405,0.0,-12.7581,9.24,0.3,LONDON_NY_OVERLAP,BULLISH,36.6,100
2026-07-16 08:10:00 UTC,ETHUSDT,SHORT,MODULE_B_BREAKOUT,1898.6,1906.6,1892.2,1892.2,TP_HIT,0.71,8.6208,1.0213,0.0,7.5995,0.55,10.5,LONDON,BEARISH,14.0,100
2026-07-16 08:45:00 UTC,ETHUSDT,SHORT,MODULE_B_BREAKOUT,1887.68,1895.68,1881.28,1881.28,TP_HIT,0.71,8.6784,1.0221,0.0,7.6563,3.6,7.44,LONDON,BEARISH,23.6,100
2026-07-16 09:28:00 UTC,ETHUSDT,SHORT,MODULE_B_BREAKOUT,1883.65,1891.65,1877.25,1877.25,TP_HIT,0.71,8.7424,1.0275,0.0,7.7149,7.23,6.94,LONDON,BEARISH,28.7,100
2026-07-16 14:52:00 UTC,ETHUSDT,SHORT,MODULE_B_BREAKOUT,1883.89,1891.89,1877.49,1877.49,TP_HIT,0.71,8.8064,1.0351,0.0,7.7713,0.0,8.62,LONDON_NY_OVERLAP,BEARISH,35.5,100
2026-07-17 08:17:00 UTC,ETHUSDT,SHORT,MODULE_B_BREAKOUT,1824.61,1832.61,1818.21,1832.62,SL_HIT,-1.16,-11.0938,1.7745,0.0,-12.8683,8.79,4.51,LONDON,BEARISH,42.6,100
2026-07-17 13:33:00 UTC,ETHUSDT,SHORT,MODULE_B_BREAKOUT,1811.56,1819.56,1805.16,1805.16,TP_HIT,0.71,8.7616,0.9903,0.0,7.7713,0.96,7.95,LONDON_NY_OVERLAP,BEARISH,28.6,100
2026-07-18 09:54:00 UTC,ETHUSDT,LONG,MODULE_B_BREAKOUT,1844.72,1836.72,1851.12,1836.71,SL_HIT,-1.16,-11.0458,1.7752,0.0,-12.821,8.36,4.99,LONDON,BULLISH,13.7,100
2026-07-20 08:32:00 UTC,ETHUSDT,SHORT,MODULE_B_BREAKOUT,1862.55,1870.55,1856.15,1856.15,TP_HIT,0.71,8.7232,1.0137,0.0,7.7095,1.67,9.35,LONDON,BEARISH,22.2,90
2026-07-20 11:31:00 UTC,ETHUSDT,LONG,MODULE_B_BREAKOUT,1880.0,1872.0,1886.4,1886.4,TP_HIT,0.71,8.7872,1.0342,0.0,7.753,0.28,8.0,LONDON,BULLISH,16.8,100
2026-07-20 11:57:00 UTC,ETHUSDT,LONG,MODULE_B_BREAKOUT,1894.18,1886.18,1900.58,1886.17,SL_HIT,-1.17,-11.0698,1.8269,0.0,-12.8968,12.26,2.03,LONDON,BULLISH,19.1,100
2026-07-20 13:11:00 UTC,ETHUSDT,LONG,MODULE_B_BREAKOUT,1874.06,1866.06,1880.46,1866.05,SL_HIT,-1.16,-10.9417,1.7865,0.0,-12.7282,8.01,0.56,LONDON,BULLISH,20.6,100
2026-07-20 14:17:00 UTC,ETHUSDT,SHORT,MODULE_B_BREAKOUT,1856.22,1864.22,1849.82,1864.23,SL_HIT,-1.16,-10.8135,1.7596,0.0,-12.5731,8.04,3.56,LONDON_NY_OVERLAP,BEARISH,17.0,100
2026-07-21 13:07:00 UTC,ETHUSDT,LONG,MODULE_B_BREAKOUT,1942.4,1934.4,1948.8,1934.39,SL_HIT,-1.17,-10.6853,1.8084,0.0,-12.4938,8.35,0.01,LONDON,BULLISH,40.7,90
2026-07-22 10:20:00 UTC,ETHUSDT,LONG,MODULE_B_BREAKOUT,1925.01,1917.01,1931.41,1931.41,TP_HIT,0.7,8.4416,1.0173,0.0,7.4243,1.47,6.88,LONDON,BULLISH,18.6,100
2026-07-22 15:00:00 UTC,ETHUSDT,LONG,MODULE_B_BREAKOUT,1934.04,1926.04,1940.44,1940.44,TP_HIT,0.7,8.4992,1.0291,0.0,7.4701,2.04,6.46,LONDON_NY_OVERLAP,BULLISH,19.9,100
2026-07-23 10:25:00 UTC,ETHUSDT,LONG,MODULE_B_BREAKOUT,1926.63,1918.63,1933.03,1918.6200000000001,SL_HIT,-1.17,-10.7094,1.7978,0.0,-12.5072,9.56,2.72,LONDON,BULLISH,15.0,90
2026-07-23 13:05:00 UTC,ETHUSDT,SHORT,MODULE_B_BREAKOUT,1898.56,1906.56,1892.16,1906.57,SL_HIT,-1.17,-10.5892,1.7622,0.0,-12.3515,8.68,4.46,LONDON,BEARISH,16.7,80
2026-07-25 08:36:00 UTC,ETHUSDT,SHORT,MODULE_B_BREAKOUT,1853.56,1861.56,1847.16,1861.57,SL_HIT,-1.16,-10.4611,1.6997,0.0,-12.1608,8.79,3.3,LONDON,BEARISH,27.8,100
2026-07-26 15:35:00 UTC,ETHUSDT,LONG,MODULE_B_BREAKOUT,1908.28,1900.28,1914.68,1914.68,TP_HIT,0.7,8.2624,0.9871,0.0,7.2753,0.01,9.17,LONDON_NY_OVERLAP,BULLISH,32.1,90
2026-07-27 15:09:00 UTC,ETHUSDT,SHORT,MODULE_B_BREAKOUT,1925.42,1933.42,1919.02,1933.43,SL_HIT,-1.17,-10.413,1.7573,0.0,-12.1703,8.26,1.14,LONDON_NY_OVERLAP,BEARISH,20.6,100
2026-07-27 16:00:00 UTC,ETHUSDT,SHORT,MODULE_B_BREAKOUT,1926.28,1934.28,1919.88,1934.29,SL_HIT,-1.17,-10.2928,1.7379,0.0,-12.0307,10.23,4.85,LONDON_NY_OVERLAP,BEARISH,22.1,100
2026-07-28 11:00:00 UTC,ETHUSDT,SHORT,MODULE_B_BREAKOUT,1877.75,1885.75,1871.35,1871.35,TP_HIT,0.71,8.128,0.9522,0.0,7.1758,0.54,6.48,LONDON,BEARISH,26.7,85
2026-07-28 16:19:00 UTC,ETHUSDT,LONG,MODULE_B_BREAKOUT,1921.22,1913.22,1927.62,1927.62,TP_HIT,0.7,8.1856,0.9845,0.0,7.2011,7.84,6.55,LONDON_NY_OVERLAP,BULLISH,26.3,100
2026-07-29 15:18:00 UTC,ETHUSDT,SHORT,MODULE_B_BREAKOUT,1892.45,1900.45,1886.05,1900.46,SL_HIT,-1.17,-10.3169,1.7114,0.0,-12.0283,8.45,6.17,LONDON_NY_OVERLAP,BEARISH,25.5,100
2026-07-30 11:37:00 UTC,ETHUSDT,LONG,MODULE_B_BREAKOUT,1922.38,1914.38,1928.78,1928.78,TP_HIT,0.7,8.1472,0.9805,0.0,7.1667,6.28,7.95,LONDON,BULLISH,21.4,100
2026-07-31 13:31:00 UTC,ETHUSDT,SHORT,MODULE_B_BREAKOUT,1881.25,1889.25,1874.85,1874.85,TP_HIT,0.71,8.2048,0.9631,0.0,7.2417,6.75,6.54,LONDON_NY_OVERLAP,BEARISH,31.2,100
2026-08-01 10:37:00 UTC,ETHUSDT,SHORT,MODULE_B_BREAKOUT,1863.36,1871.36,1856.96,1871.37,SL_HIT,-1.16,-10.3409,1.6891,0.0,-12.03,9.64,0.01,LONDON,BEARISH,13.5,100
2026-08-01 14:56:00 UTC,ETHUSDT,LONG,MODULE_B_BREAKOUT,1872.1,1864.1,1878.5,1864.09,SL_HIT,-1.16,-10.2208,1.6671,0.0,-11.8878,8.48,2.34,LONDON_NY_OVERLAP,BULLISH,17.7,100
2026-08-02 08:56:00 UTC,ETHUSDT,SHORT,MODULE_B_BREAKOUT,1867.4,1875.4,1861.0,1861.0,TP_HIT,0.71,8.0704,0.9403,0.0,7.1301,4.76,7.14,LONDON,BEARISH,48.2,90
2026-08-02 12:38:00 UTC,ETHUSDT,SHORT,MODULE_B_BREAKOUT,1855.71,1863.71,1849.31,1863.72,SL_HIT,-1.16,-10.1727,1.6549,0.0,-11.8276,8.04,4.41,LONDON,BEARISH,42.2,85
2026-08-03 10:47:00 UTC,ETHUSDT,SHORT,MODULE_B_BREAKOUT,1844.95,1852.95,1838.55,1838.55,TP_HIT,0.71,8.032,0.9246,0.0,7.1074,2.08,6.55,LONDON,BEARISH,39.9,100
2026-08-04 11:22:00 UTC,ETHUSDT,LONG,MODULE_B_BREAKOUT,1869.42,1861.42,1875.82,1875.82,TP_HIT,0.71,8.0896,0.9468,0.0,7.1428,3.53,8.54,LONDON,BULLISH,13.5,100
2026-08-07 09:01:00 UTC,ETHUSDT,LONG,MODULE_B_BREAKOUT,1911.26,1903.26,1917.66,1917.66,TP_HIT,0.7,8.1472,0.9748,0.0,7.1724,1.64,9.24,LONDON,BULLISH,19.1,80
2026-08-07 12:54:00 UTC,ETHUSDT,LONG,MODULE_B_BREAKOUT,1934.53,1926.53,1940.93,1926.52,SL_HIT,-1.17,-10.2688,1.7309,0.0,-11.9997,9.16,0.61,LONDON,BULLISH,47.7,100
2026-08-09 14:57:00 UTC,ETHUSDT,LONG,MODULE_B_BREAKOUT,1924.64,1916.64,1931.04,1931.04,TP_HIT,0.7,8.1088,0.977,0.0,7.1318,7.54,11.58,LONDON_NY_OVERLAP,BULLISH,25.4,100
2026-08-11 08:41:00 UTC,ETHUSDT,LONG,MODULE_B_BREAKOUT,1878.24,1870.24,1884.64,1884.64,TP_HIT,0.71,8.1664,0.9603,0.0,7.2061,1.82,6.63,LONDON,BULLISH,21.4,100
2026-08-11 12:01:00 UTC,ETHUSDT,LONG,MODULE_B_BREAKOUT,1894.22,1886.22,1900.62,1886.21,SL_HIT,-1.17,-10.2928,1.6987,0.0,-11.9915,8.1,3.08,LONDON,BULLISH,35.8,90
2026-08-12 16:02:00 UTC,ETHUSDT,SHORT,MODULE_B_BREAKOUT,1890.05,1898.05,1883.65,1883.65,TP_HIT,0.71,8.128,0.9585,0.0,7.1695,4.85,7.5,LONDON_NY_OVERLAP,BEARISH,32.8,100
2026-08-13 11:05:00 UTC,ETHUSDT,SHORT,MODULE_B_BREAKOUT,1881.53,1889.53,1875.13,1875.13,TP_HIT,0.71,8.1856,0.961,0.0,7.2246,0.37,6.42,LONDON,BEARISH,25.7,100
2026-08-14 08:17:00 UTC,ETHUSDT,SHORT,MODULE_B_BREAKOUT,1872.6,1880.6,1866.2,1880.61,SL_HIT,-1.17,-10.3169,1.6935,0.0,-12.0104,8.26,4.52,LONDON,BEARISH,29.8,100
2026-08-17 15:27:00 UTC,ETHUSDT,LONG,MODULE_B_BREAKOUT,1908.83,1900.83,1915.23,1915.23,TP_HIT,0.7,8.1472,0.9736,0.0,7.1736,6.25,7.86,LONDON_NY_OVERLAP,BULLISH,23.3,100
2026-08-19 09:58:00 UTC,ETHUSDT,LONG,MODULE_B_BREAKOUT,1918.53,1910.53,1924.93,1924.93,TP_HIT,0.7,8.2048,0.9855,0.0,7.2193,2.08,6.9,LONDON,BULLISH,24.6,85
2026-08-19 15:23:00 UTC,ETHUSDT,LONG,MODULE_B_BREAKOUT,2019.83,2010.44,2027.34,2027.34,TP_HIT,0.71,8.261,0.8904,0.0,7.3706,0.87,14.7,LONDON_NY_OVERLAP,BULLISH,48.7,100
2026-08-19 16:01:00 UTC,ETHUSDT,LONG,MODULE_B_BREAKOUT,2092.6,2082.19,2100.93,2100.93,TP_HIT,0.72,8.3217,0.8379,0.0,7.4838,4.4,10.66,LONDON_NY_OVERLAP,BULLISH,57.3,100
2026-08-20 10:59:00 UTC,ETHUSDT,LONG,MODULE_B_BREAKOUT,2286.34,2278.34,2292.74,2292.74,TP_HIT,0.69,8.3776,1.1988,0.0,7.1788,4.91,9.4,LONDON,BULLISH,27.0,100
2026-08-20 12:25:00 UTC,ETHUSDT,LONG,MODULE_B_BREAKOUT,2280.11,2272.11,2286.51,2272.1,SL_HIT,-1.2,-10.5572,2.0983,0.0,-12.6555,8.53,4.52,LONDON,BULLISH,30.3,85
2026-08-21 10:46:00 UTC,ETHUSDT,LONG,MODULE_B_BREAKOUT,2403.68,2395.68,2410.08,2395.6699999999996,SL_HIT,-1.21,-10.437,2.1872,0.0,-12.6242,8.56,1.32,LONDON,BULLISH,40.9,100
2026-08-21 15:05:00 UTC,ETHUSDT,LONG,MODULE_B_BREAKOUT,2399.26,2391.26,2405.66,2405.66,TP_HIT,0.68,8.2368,1.2368,0.0,7.0,4.39,6.74,LONDON_NY_OVERLAP,BULLISH,20.0,100
2026-08-22 09:03:00 UTC,ETHUSDT,SHORT,MODULE_B_BREAKOUT,2413.02,2421.02,2406.62,2421.03,SL_HIT,-1.21,-10.381,2.1943,0.0,-12.5753,10.74,1.5,LONDON,BEARISH,45.0,100
2026-08-22 10:03:00 UTC,ETHUSDT,SHORT,MODULE_B_BREAKOUT,2408.0,2416.0,2401.6,2416.01,SL_HIT,-1.21,-10.2528,2.1626,0.0,-12.4154,8.09,3.2,LONDON,BEARISH,48.3,100
2026-08-22 11:02:00 UTC,ETHUSDT,SHORT,MODULE_B_BREAKOUT,2407.09,2415.09,2400.69,2415.1000000000004,SL_HIT,-1.21,-10.1246,2.1348,0.0,-12.2595,8.59,2.59,LONDON,BEARISH,51.7,100
2026-08-23 08:33:00 UTC,ETHUSDT,LONG,MODULE_B_BREAKOUT,2412.42,2404.42,2418.82,2418.82,TP_HIT,0.68,7.9936,1.2068,0.0,6.7868,2.31,10.53,LONDON,BULLISH,33.0,100
2026-08-24 09:04:00 UTC,ETHUSDT,LONG,MODULE_B_BREAKOUT,2458.01,2450.01,2464.41,2464.41,TP_HIT,0.68,8.0448,1.2375,0.0,6.8073,5.61,6.44,LONDON,BULLISH,10.9,100
2026-08-24 15:22:00 UTC,ETHUSDT,LONG,MODULE_B_BREAKOUT,2523.97,2515.97,2530.37,2530.37,TP_HIT,0.67,8.1024,1.2798,0.0,6.8226,0.8,8.76,LONDON_NY_OVERLAP,BULLISH,23.3,100
2026-08-25 13:08:00 UTC,ETHUSDT,SHORT,MODULE_B_BREAKOUT,2469.1,2477.1,2462.7,2462.7,TP_HIT,0.68,8.16,1.2576,0.0,6.9024,3.19,6.86,LONDON,BEARISH,24.8,85
2026-08-25 15:09:00 UTC,ETHUSDT,SHORT,MODULE_B_BREAKOUT,2472.0,2480.0,2465.6,2465.6,TP_HIT,0.68,8.2112,1.267,0.0,6.9442,1.32,7.15,LONDON_NY_OVERLAP,BEARISH,23.9,90
2026-08-27 09:26:00 UTC,ETHUSDT,LONG,MODULE_B_BREAKOUT,2557.59,2549.41,2564.13,2564.13,TP_HIT,0.67,8.2666,1.2948,0.0,6.9717,3.41,8.81,LONDON,BULLISH,29.8,100
2026-08-27 12:07:00 UTC,ETHUSDT,SHORT,MODULE_B_BREAKOUT,2499.19,2507.19,2492.79,2492.79,TP_HIT,0.68,8.3264,1.2989,0.0,7.0275,6.96,9.25,LONDON,BEARISH,24.4,90
2026-08-27 16:03:00 UTC,ETHUSDT,LONG,MODULE_B_BREAKOUT,2525.25,2517.25,2531.65,2517.24,SL_HIT,-1.22,-10.4851,2.3086,0.0,-12.7937,8.61,0.6,LONDON_NY_OVERLAP,BULLISH,19.5,100
2026-08-28 09:32:00 UTC,ETHUSDT,SHORT,MODULE_B_BREAKOUT,2489.13,2497.13,2482.73,2482.73,TP_HIT,0.68,8.2752,1.2857,0.0,6.9895,3.14,6.64,LONDON,BEARISH,15.2,85
2026-08-29 10:40:00 UTC,ETHUSDT,SHORT,MODULE_B_BREAKOUT,2434.44,2442.44,2428.04,2442.4500000000003,SL_HIT,-1.21,-10.429,2.2239,0.0,-12.653,10.13,3.24,LONDON,BEARISH,18.3,90
2026-08-30 16:03:00 UTC,ETHUSDT,LONG,MODULE_B_BREAKOUT,2483.41,2475.41,2489.81,2489.81,TP_HIT,0.68,8.2304,1.2791,0.0,6.9513,1.57,12.14,LONDON_NY_OVERLAP,BULLISH,36.7,100
2026-08-31 08:42:00 UTC,ETHUSDT,LONG,MODULE_B_BREAKOUT,2444.45,2436.45,2450.85,2450.85,TP_HIT,0.68,8.288,1.2679,0.0,7.0201,3.19,8.05,LONDON,BULLISH,23.3,100
2026-08-31 09:44:00 UTC,ETHUSDT,LONG,MODULE_B_BREAKOUT,2448.27,2440.27,2454.67,2454.67,TP_HIT,0.68,8.3456,1.2787,0.0,7.0669,0.0,8.1,LONDON,BULLISH,26.5,80
2026-08-31 10:52:00 UTC,ETHUSDT,LONG,MODULE_B_BREAKOUT,2454.86,2446.86,2461.26,2446.85,SL_HIT,-1.22,-10.5171,2.251,0.0,-12.7681,8.65,2.12,LONDON,BULLISH,29.9,100
2026-08-31 13:01:00 UTC,ETHUSDT,LONG,MODULE_B_BREAKOUT,2456.74,2448.74,2463.14,2448.7299999999996,SL_HIT,-1.22,-10.389,2.2253,0.0,-12.6143,8.48,1.81,LONDON,BULLISH,32.0,100
2026-09-01 08:06:00 UTC,ETHUSDT,SHORT,MODULE_B_BREAKOUT,2464.37,2472.37,2457.97,2457.97,TP_HIT,0.68,8.1984,1.2611,0.0,6.9373,0.69,8.79,LONDON,BEARISH,17.7,100
2026-09-01 10:06:00 UTC,ETHUSDT,SHORT,MODULE_B_BREAKOUT,2450.32,2458.32,2443.92,2458.3300000000004,SL_HIT,-1.22,-10.3329,2.2178,0.0,-12.5507,8.23,3.12,LONDON,BEARISH,27.1,100
2026-09-01 13:01:00 UTC,ETHUSDT,SHORT,MODULE_B_BREAKOUT,2441.83,2449.83,2435.43,2435.43,TP_HIT,0.68,8.1536,1.2427,0.0,6.9109,1.62,20.83,LONDON,BEARISH,24.1,100
2026-09-02 09:15:00 UTC,ETHUSDT,SHORT,MODULE_B_BREAKOUT,2389.82,2397.82,2383.42,2383.42,TP_HIT,0.68,8.2048,1.2238,0.0,6.981,3.73,15.87,LONDON,BEARISH,18.0,100
2026-09-02 14:21:00 UTC,ETHUSDT,LONG,MODULE_B_BREAKOUT,2408.64,2400.64,2415.04,2400.6299999999997,SL_HIT,-1.21,-10.3409,2.1715,0.0,-12.5124,8.91,1.56,LONDON_NY_OVERLAP,BULLISH,32.7,100
2026-09-03 12:10:00 UTC,ETHUSDT,LONG,MODULE_B_BREAKOUT,2409.11,2401.11,2415.51,2415.51,TP_HIT,0.68,8.1664,1.2312,0.0,6.9352,4.51,7.88,LONDON,BULLISH,12.9,100
2026-09-04 11:22:00 UTC,ETHUSDT,LONG,MODULE_B_BREAKOUT,2524.49,2516.49,2530.89,2530.89,TP_HIT,0.67,8.2176,1.2982,0.0,6.9194,6.48,6.91,LONDON,BULLISH,36.0,100
2026-09-04 13:33:00 UTC,ETHUSDT,SHORT,MODULE_B_BREAKOUT,2447.39,2455.39,2440.99,2440.99,TP_HIT,0.68,8.2752,1.2641,0.0,7.0111,0.22,7.07,LONDON_NY_OVERLAP,BEARISH,41.2,90
2026-09-05 11:45:00 UTC,ETHUSDT,SHORT,MODULE_B_BREAKOUT,2452.29,2460.29,2445.89,2460.3,SL_HIT,-1.22,-10.429,2.2403,0.0,-12.6693,8.7,0.19,LONDON,BEARISH,13.5,100
2026-09-05 15:45:00 UTC,ETHUSDT,LONG,MODULE_B_BREAKOUT,2458.28,2450.28,2464.68,2464.68,TP_HIT,0.68,8.2304,1.2662,0.0,6.9642,1.26,9.56,LONDON_NY_OVERLAP,BULLISH,12.6,100
2026-09-06 13:34:00 UTC,ETHUSDT,SHORT,MODULE_B_BREAKOUT,2486.8,2494.8,2480.4,2480.4,TP_HIT,0.68,8.2816,1.2855,0.0,6.9961,7.99,15.96,LONDON_NY_OVERLAP,BEARISH,15.7,100
2026-09-06 15:33:00 UTC,ETHUSDT,SHORT,MODULE_B_BREAKOUT,2475.88,2483.88,2469.48,2483.8900000000003,SL_HIT,-1.22,-10.437,2.2635,0.0,-12.7005,8.52,1.94,LONDON_NY_OVERLAP,BEARISH,33.7,100
2026-09-07 11:52:00 UTC,ETHUSDT,SHORT,MODULE_B_BREAKOUT,2487.72,2495.72,2481.32,2495.73,SL_HIT,-1.22,-10.3089,2.2463,0.0,-12.5552,9.17,0.98,LONDON,BEARISH,21.8,100
2026-09-07 16:23:00 UTC,ETHUSDT,SHORT,MODULE_B_BREAKOUT,2471.41,2479.41,2465.01,2479.42,SL_HIT,-1.22,-10.1887,2.2056,0.0,-12.3943,9.59,2.26,LONDON_NY_OVERLAP,BEARISH,23.7,100
2026-09-08 13:32:00 UTC,ETHUSDT,SHORT,MODULE_B_BREAKOUT,2456.74,2464.74,2450.34,2450.34,TP_HIT,0.68,8.0384,1.2326,0.0,6.8058,1.75,7.55,LONDON_NY_OVERLAP,BEARISH,16.6,100
2026-09-09 08:02:00 UTC,ETHUSDT,LONG,MODULE_B_BREAKOUT,2514.72,2506.72,2521.12,2521.12,TP_HIT,0.67,8.096,1.274,0.0,6.822,4.36,6.84,LONDON,BULLISH,23.6,100
2026-09-09 13:20:00 UTC,ETHUSDT,LONG,MODULE_B_BREAKOUT,2513.57,2505.57,2519.97,2519.97,TP_HIT,0.67,8.1472,1.2816,0.0,6.8656,3.29,7.01,LONDON,BULLISH,21.8,90
2026-09-10 11:47:00 UTC,ETHUSDT,SHORT,MODULE_B_BREAKOUT,2462.72,2470.72,2456.32,2456.32,TP_HIT,0.68,8.2048,1.2612,0.0,6.9436,3.15,6.86,LONDON,BEARISH,13.3,100
2026-09-10 12:31:00 UTC,ETHUSDT,SHORT,MODULE_B_BREAKOUT,2449.35,2457.35,2442.95,2442.95,TP_HIT,0.68,8.256,1.2622,0.0,6.9938,3.01,16.35,LONDON,BEARISH,16.8,100
2026-09-11 15:06:00 UTC,ETHUSDT,LONG,MODULE_B_BREAKOUT,2608.92,2600.92,2615.32,2615.32,TP_HIT,0.67,8.3136,1.3573,0.0,6.9563,7.92,7.5,LONDON_NY_OVERLAP,BULLISH,46.4,90
2026-09-12 10:41:00 UTC,ETHUSDT,LONG,MODULE_B_BREAKOUT,2532.53,2524.53,2538.93,2538.93,TP_HIT,0.67,8.3712,1.3267,0.0,7.0445,3.02,12.13,LONDON,BULLISH,37.0,100
2026-09-15 13:31:00 UTC,ETHUSDT,SHORT,MODULE_B_BREAKOUT,2469.03,2477.03,2462.63,2462.63,TP_HIT,0.68,8.4288,1.299,0.0,7.1298,4.67,17.03,LONDON_NY_OVERLAP,BEARISH,23.2,100
2026-09-18 09:47:00 UTC,ETHUSDT,LONG,MODULE_B_BREAKOUT,2507.16,2499.16,2513.56,2513.56,TP_HIT,0.67,8.4864,1.3315,0.0,7.1549,5.8,8.67,LONDON,BULLISH,55.7,85
2026-09-18 11:32:00 UTC,ETHUSDT,LONG,MODULE_B_BREAKOUT,2509.19,2501.19,2515.59,2501.18,SL_HIT,-1.22,-10.6934,2.3395,0.0,-13.0329,9.43,3.88,LONDON,BULLISH,56.2,100
2026-09-18 16:04:00 UTC,ETHUSDT,LONG,MODULE_B_BREAKOUT,2585.04,2577.04,2591.44,2591.44,TP_HIT,0.67,8.4352,1.3645,0.0,7.0707,1.64,10.96,LONDON_NY_OVERLAP,BULLISH,52.8,100
2026-09-21 09:26:00 UTC,ETHUSDT,LONG,MODULE_B_BREAKOUT,2705.3,2697.3,2711.7,2711.7,TP_HIT,0.66,8.4928,1.4377,0.0,7.0551,1.03,7.36,LONDON,BULLISH,28.7,100
2026-09-21 12:54:00 UTC,ETHUSDT,LONG,MODULE_B_BREAKOUT,2729.18,2721.18,2735.58,2735.58,TP_HIT,0.66,8.5504,1.4601,0.0,7.0903,1.29,7.7,LONDON,BULLISH,48.5,100
2026-09-22 08:25:00 UTC,ETHUSDT,SHORT,MODULE_B_BREAKOUT,2726.74,2734.74,2720.34,2720.34,TP_HIT,0.66,8.608,1.4653,0.0,7.1427,1.08,6.54,LONDON,BEARISH,32.7,85
2026-09-22 09:52:00 UTC,ETHUSDT,LONG,MODULE_B_BREAKOUT,2747.03,2739.03,2753.43,2753.43,TP_HIT,0.66,8.6656,1.4895,0.0,7.1761,1.54,6.41,LONDON,BULLISH,23.9,100
2026-09-22 16:05:00 UTC,ETHUSDT,SHORT,MODULE_B_BREAKOUT,2740.64,2748.64,2734.24,2734.24,TP_HIT,0.66,8.7232,1.4925,0.0,7.2307,4.58,7.11,LONDON_NY_OVERLAP,BEARISH,14.7,100
2026-09-23 09:51:00 UTC,ETHUSDT,SHORT,MODULE_B_BREAKOUT,2732.75,2740.75,2726.35,2726.35,TP_HIT,0.66,8.7808,1.498,0.0,7.2828,3.72,7.25,LONDON,BEARISH,27.8,90
2026-09-23 16:01:00 UTC,ETHUSDT,SHORT,MODULE_B_BREAKOUT,2643.59,2651.59,2637.19,2637.19,TP_HIT,0.67,8.8384,1.4586,0.0,7.3798,0.61,9.89,LONDON_NY_OVERLAP,BEARISH,51.4,100
2026-09-23 16:21:00 UTC,ETHUSDT,SHORT,MODULE_B_BREAKOUT,2658.67,2666.67,2652.27,2652.27,TP_HIT,0.67,8.896,1.4764,0.0,7.4196,7.99,10.65,LONDON_NY_OVERLAP,BEARISH,52.6,85
2026-09-24 15:54:00 UTC,ETHUSDT,LONG,MODULE_B_BREAKOUT,2682.38,2674.38,2688.78,2674.37,SL_HIT,-1.24,-11.206,2.6212,0.0,-13.8272,9.16,1.14,LONDON_NY_OVERLAP,BULLISH,23.8,90
2026-09-25 09:24:00 UTC,ETHUSDT,LONG,MODULE_B_BREAKOUT,2697.63,2689.63,2704.03,2704.03,TP_HIT,0.66,8.8448,1.493,0.0,7.3518,0.59,7.0,LONDON,BULLISH,16.4,100
2026-09-25 16:21:00 UTC,ETHUSDT,SHORT,MODULE_B_BREAKOUT,2686.55,2694.55,2680.15,2694.5600000000004,SL_HIT,-1.24,-11.1419,2.6215,0.0,-13.7634,8.24,1.18,LONDON_NY_OVERLAP,BEARISH,24.2,85
