decision_timestamp,symbol,decision,confidence,setup_quality,regime,setup_type,entry,stop_loss,take_profit_1,take_profit_2,status,gross_r,net_r,mfe_r,mae_r,holding_minutes
1785858300000,BTCUSDT,SHORT,88.0,90.0,REVERSAL,LIQUIDITY_SWEEP_REVERSAL,64114.5,64272.81,63797.88,63560.42,EXPIRED,0.872,0.386,1.57,0.54,60.0
1785861900000,BTCUSDT,LONG,78.0,80.0,LOW_VOLATILITY,PULLBACK,63976.5,63745.12,64392.98,64670.64,EXPIRED,-0.069,-0.484,0.79,0.42,60.0
1785876300000,BTCUSDT,SHORT,88.0,90.0,REVERSAL,LIQUIDITY_SWEEP_REVERSAL,64314.1,64442.85,64056.6,63863.47,EXPIRED,1.106,0.507,1.23,0.04,60.0
1785926700000,BTCUSDT,SHORT,88.0,90.0,REVERSAL,LIQUIDITY_SWEEP_REVERSAL,64023.3,64214.92,63640.06,63352.63,EXPIRED,-0.223,-0.724,0.21,0.48,60.0
1785937500000,BTCUSDT,LONG,88.0,90.0,REVERSAL,LIQUIDITY_SWEEP_REVERSAL,64232.7,63941.97,64814.16,65250.25,EXPIRED,0.723,0.458,1.09,0.31,60.0
1786106700000,BTCUSDT,LONG,78.0,80.0,TRENDING_UP,TREND_CONTINUATION,65214.8,64233.45,66784.96,67962.58,EXPIRED,-0.023,-0.123,0.15,0.15,60.0
1786110300000,BTCUSDT,LONG,78.0,80.0,TRENDING_UP,TREND_CONTINUATION,65191.8,64691.34,65992.54,66593.09,EXPIRED,-0.267,-0.462,0.12,0.87,60.0
1786322700000,BTCUSDT,LONG,88.0,90.0,REVERSAL,LIQUIDITY_SWEEP_REVERSAL,64914.7,64757.15,65229.8,65466.12,EXPIRED,1.945,1.451,2.03,0.32,60.0
1786369500000,BTCUSDT,SHORT,78.0,80.0,TRENDING_DOWN,TREND_CONTINUATION,64532.2,65252.6,63379.56,62515.08,EXPIRED,-0.305,-0.439,0.07,0.45,60.0
1786376700000,BTCUSDT,SHORT,78.0,80.0,TRENDING_DOWN,TREND_CONTINUATION,64210.8,64933.42,63054.61,62187.46,EXPIRED,0.409,0.302,0.45,0.17,60.0
1786380300000,BTCUSDT,SHORT,78.0,80.0,TRENDING_DOWN,TREND_CONTINUATION,63915.1,64896.06,62345.56,61168.41,EXPIRED,0.002,-0.076,0.11,0.1,60.0
1786387500000,BTCUSDT,LONG,83.0,85.0,REVERSAL,LIQUIDITY_SWEEP_REVERSAL,63897.2,63763.8,64164.0,64364.1,EXPIRED,0.792,0.217,1.32,0.28,60.0
1786463100000,BTCUSDT,SHORT,78.0,80.0,TRENDING_DOWN,TREND_CONTINUATION,63518.5,64274.45,62308.98,61401.84,EXPIRED,0.015,-0.086,0.11,0.16,60.0
1786538700000,BTCUSDT,SHORT,88.0,90.0,REVERSAL,LIQUIDITY_SWEEP_REVERSAL,63960.0,64240.09,63399.82,62979.69,EXPIRED,-0.03,-0.373,0.46,0.69,60.0
1786693500000,BTCUSDT,SHORT,78.0,80.0,TRENDING_DOWN,TREND_CONTINUATION,62975.3,63395.61,62302.8,61798.43,EXPIRED,0.268,0.088,0.75,0.02,60.0
1786697100000,BTCUSDT,SHORT,78.0,80.0,TRENDING_DOWN,TREND_CONTINUATION,62862.7,63399.71,62003.48,61359.07,EXPIRED,0.133,-0.007,0.29,0.09,60.0
1786704300000,BTCUSDT,SHORT,83.0,85.0,REVERSAL,LIQUIDITY_SWEEP_REVERSAL,62814.7,62941.35,62561.4,62371.42,EXPIRED,-0.205,-0.949,0.33,0.72,60.0
1786715100000,BTCUSDT,SHORT,78.0,80.0,TRENDING_DOWN,TREND_CONTINUATION,62638.0,63031.91,62007.74,61535.05,EXPIRED,-0.21,-0.449,0.26,0.35,60.0
1786949100000,BTCUSDT,LONG,78.0,80.0,TRENDING_UP,TREND_CONTINUATION,63660.0,63226.52,64353.57,64873.74,EXPIRED,-0.368,-0.588,0.01,0.37,60.0
1786981500000,BTCUSDT,LONG,78.0,80.0,TRENDING_UP,TREND_CONTINUATION,64139.9,63378.29,65358.48,66272.41,EXPIRED,-0.052,-0.178,0.08,0.15,60.0
1787060700000,BTCUSDT,LONG,88.0,90.0,REVERSAL,LIQUIDITY_SWEEP_REVERSAL,64206.3,64068.85,64481.2,64687.38,WIN_TP2,3.5,2.939,3.74,0.88,35.0
1787147100000,BTCUSDT,LONG,78.0,80.0,TRENDING_UP,TREND_CONTINUATION,65029.9,64386.65,66059.1,66831.0,EXPIRED,0.731,0.61,0.75,0.12,60.0
1787175900000,BTCUSDT,LONG,78.0,80.0,TRENDING_UP,TREND_CONTINUATION,69802.1,67214.44,73942.36,77047.55,EXPIRED,-0.248,-0.288,0.01,0.33,60.0
1787208300000,BTCUSDT,LONG,78.0,80.0,TRENDING_UP,TREND_CONTINUATION,69859.8,68881.51,71425.06,72599.01,EXPIRED,-0.196,-0.303,0.14,0.39,60.0
1787233500000,BTCUSDT,LONG,88.0,90.0,REVERSAL,LIQUIDITY_SWEEP_REVERSAL,71596.9,71310.82,72169.06,72598.18,LOSS_SL,-1.0,-1.375,1.3,1.0,40.0
1787258700000,BTCUSDT,SHORT,88.0,90.0,REVERSAL,LIQUIDITY_SWEEP_REVERSAL,72689.8,73029.32,72010.76,71501.48,EXPIRED,0.011,-0.246,0.52,0.38,60.0
1787298300000,BTCUSDT,LONG,78.0,80.0,TRENDING_UP,TREND_CONTINUATION,76428.1,74229.63,79945.65,82583.82,EXPIRED,0.688,0.646,0.78,0.1,60.0
1787319900000,BTCUSDT,LONG,83.0,85.0,REVERSAL,LIQUIDITY_SWEEP_REVERSAL,77457.4,76190.29,79991.62,81892.29,EXPIRED,-0.091,-0.183,0.21,0.72,60.0
1787341500000,BTCUSDT,LONG,78.0,80.0,LOW_VOLATILITY,PULLBACK,77174.6,76714.44,78002.89,78555.08,EXPIRED,0.488,0.287,0.71,0.78,60.0
1787348700000,BTCUSDT,LONG,78.0,80.0,TRENDING_UP,TREND_CONTINUATION,78323.9,76731.45,80871.82,82782.76,EXPIRED,-0.035,-0.109,0.27,0.16,60.0
1787373900000,BTCUSDT,LONG,78.0,80.0,TRENDING_UP,TREND_CONTINUATION,78560.0,77814.41,79752.94,80647.65,LOSS_SL,-1.0,-1.158,0.04,1.04,20.0
1787399100000,BTCUSDT,SHORT,83.0,85.0,REVERSAL,LIQUIDITY_SWEEP_REVERSAL,77101.1,77277.59,76748.12,76483.39,LOSS_SL,-1.0,-1.655,0.18,1.11,15.0
1787460300000,BTCUSDT,SHORT,78.0,80.0,TRENDING_DOWN,TREND_CONTINUATION,76627.1,77180.55,75741.58,75077.44,EXPIRED,0.805,0.639,1.88,0.22,60.0
1787496300000,BTCUSDT,LONG,88.0,90.0,REVERSAL,LIQUIDITY_SWEEP_REVERSAL,77189.6,76912.53,77743.74,78159.35,LOSS_SL,-1.0,-1.418,0.46,1.05,30.0
1787532300000,BTCUSDT,LONG,88.0,90.0,REVERSAL,LIQUIDITY_SWEEP_REVERSAL,77348.6,77162.79,77720.22,77998.94,LOSS_SL,-1.0,-1.624,1.98,1.07,50.0
1787575500000,BTCUSDT,LONG,78.0,80.0,TRENDING_UP,TREND_CONTINUATION,78960.9,77521.14,81264.52,82992.23,EXPIRED,-0.479,-0.561,0.33,0.81,60.0
1787579100000,BTCUSDT,LONG,88.0,90.0,REVERSAL,LIQUIDITY_SWEEP_REVERSAL,78270.8,77795.24,79221.92,79935.26,EXPIRED,2.693,2.495,3.24,0.49,60.0
1787586300000,BTCUSDT,SHORT,83.0,85.0,REVERSAL,LIQUIDITY_SWEEP_REVERSAL,79249.3,79978.54,77790.82,76696.96,EXPIRED,-0.025,-0.188,0.65,0.81,60.0
1787618700000,BTCUSDT,LONG,78.0,80.0,TRENDING_UP,TREND_CONTINUATION,79550.2,78613.17,81049.45,82173.88,EXPIRED,0.134,0.032,0.44,0.13,60.0
1787625900000,BTCUSDT,LONG,78.0,80.0,TRENDING_UP,TREND_CONTINUATION,80618.0,79022.61,83170.62,85085.09,EXPIRED,-0.109,-0.185,0.2,0.19,60.0
1787629500000,BTCUSDT,LONG,83.0,85.0,REVERSAL,LIQUIDITY_SWEEP_REVERSAL,80444.6,80257.9,80818.0,81098.05,LOSS_SL,-1.0,-1.646,1.01,1.13,20.0
1787658300000,BTCUSDT,SHORT,83.0,85.0,REVERSAL,LIQUIDITY_SWEEP_REVERSAL,79052.8,79545.56,78067.28,77328.14,EXPIRED,0.083,-0.11,0.92,0.21,60.0
1787665500000,BTCUSDT,SHORT,88.0,90.0,REVERSAL,LIQUIDITY_SWEEP_REVERSAL,78465.6,79186.15,77024.5,75943.68,LOSS_SL,-1.0,-1.163,0.51,1.15,40.0
1787672700000,BTCUSDT,SHORT,83.0,85.0,REVERSAL,LIQUIDITY_SWEEP_REVERSAL,79285.1,79464.14,78927.02,78658.46,LOSS_SL,-1.0,-1.664,0.33,1.2,10.0
1787679900000,BTCUSDT,LONG,83.0,85.0,REVERSAL,LIQUIDITY_SWEEP_REVERSAL,79173.4,78887.7,79744.8,80173.35,EXPIRED,0.033,-0.3,0.68,0.37,60.0
1787690700000,BTCUSDT,SHORT,78.0,80.0,TRENDING_DOWN,TREND_CONTINUATION,78193.9,79430.06,76216.04,74732.65,EXPIRED,-0.325,-0.42,0.31,0.34,60.0
1787744700000,BTCUSDT,SHORT,78.0,80.0,TRENDING_DOWN,TREND_CONTINUATION,78352.6,78902.08,77473.43,76814.06,EXPIRED,0.125,-0.046,0.81,0.59,60.0
1787748300000,BTCUSDT,LONG,83.0,85.0,REVERSAL,LIQUIDITY_SWEEP_REVERSAL,78283.8,78119.04,78613.32,78860.46,LOSS_SL,-1.0,-1.713,0.8,1.53,20.0
1787755500000,BTCUSDT,LONG,88.0,90.0,REVERSAL,LIQUIDITY_SWEEP_REVERSAL,77953.2,77749.15,78361.3,78667.38,LOSS_SL,-1.0,-1.573,0.28,1.13,5.0
1787777100000,BTCUSDT,LONG,83.0,85.0,REVERSAL,LIQUIDITY_SWEEP_REVERSAL,78352.6,78194.98,78667.84,78904.27,EXPIRED,1.95,1.353,2.84,0.07,60.0
1787809500000,BTCUSDT,LONG,83.0,85.0,REVERSAL,LIQUIDITY_SWEEP_REVERSAL,78803.0,78557.2,79294.6,79663.3,EXPIRED,-0.162,-0.643,0.41,0.93,60.0
1787867100000,BTCUSDT,LONG,78.0,80.0,LOW_VOLATILITY,PULLBACK,80070.2,79803.86,80549.61,80869.22,EXPIRED,0.488,0.127,1.24,0.14,60.0
1787881500000,BTCUSDT,LONG,78.0,80.0,TRENDING_UP,TREND_CONTINUATION,80679.9,80048.52,81690.11,82447.76,LOSS_SL,-1.0,-1.192,0.09,1.06,30.0
1787924700000,BTCUSDT,SHORT,78.0,80.0,TRENDING_DOWN,TREND_CONTINUATION,79156.1,79729.52,78238.63,77550.52,EXPIRED,0.02,-0.146,1.32,0.92,60.0
1788093900000,BTCUSDT,LONG,78.0,80.0,TRENDING_UP,TREND_CONTINUATION,78575.4,78052.75,79411.64,80038.82,EXPIRED,0.649,0.469,0.66,0.05,60.0
1788097500000,BTCUSDT,LONG,78.0,80.0,TRENDING_UP,TREND_CONTINUATION,78914.5,78051.27,80295.67,81331.54,EXPIRED,-0.211,-0.348,0.03,0.27,60.0
1788223500000,BTCUSDT,LONG,78.0,80.0,LOW_VOLATILITY,PULLBACK,78774.0,78579.96,79123.27,79356.12,LOSS_SL,-1.0,-1.609,0.0,1.17,10.0
1788241500000,BTCUSDT,LONG,78.0,80.0,TRENDING_UP,TREND_CONTINUATION,79148.0,78597.85,80028.24,80688.42,EXPIRED,-0.633,-0.849,0.09,0.75,60.0
1788266700000,BTCUSDT,LONG,83.0,85.0,REVERSAL,LIQUIDITY_SWEEP_REVERSAL,77961.3,77778.05,78327.8,78602.68,LOSS_SL,-1.0,-1.638,0.37,3.25,20.0
1788288300000,BTCUSDT,SHORT,78.0,80.0,TRENDING_DOWN,TREND_CONTINUATION,76750.1,77921.28,74876.21,73470.8,EXPIRED,-0.443,-0.541,0.01,0.6,60.0
1788313500000,BTCUSDT,SHORT,78.0,80.0,TRENDING_DOWN,TREND_CONTINUATION,76795.9,77472.96,75712.6,74900.13,EXPIRED,-0.616,-0.786,0.17,0.77,60.0
1788338700000,BTCUSDT,SHORT,78.0,80.0,TRENDING_DOWN,TREND_CONTINUATION,76830.0,77772.2,75322.48,74191.84,EXPIRED,0.205,0.107,0.42,0.21,60.0
1788342300000,BTCUSDT,SHORT,78.0,80.0,TRENDING_DOWN,TREND_CONTINUATION,76637.1,77777.97,74811.71,73442.66,EXPIRED,0.189,0.108,0.21,0.08,60.0
1788367500000,BTCUSDT,SHORT,83.0,85.0,REVERSAL,LIQUIDITY_SWEEP_REVERSAL,77252.6,77566.25,76625.3,76154.83,EXPIRED,-0.292,-0.661,1.08,0.37,60.0
1788450300000,BTCUSDT,SHORT,83.0,85.0,REVERSAL,LIQUIDITY_SWEEP_REVERSAL,80745.2,81077.41,80080.78,79582.46,LOSS_SL,-1.0,-1.365,0.0,1.56,5.0
1788471900000,BTCUSDT,SHORT,88.0,90.0,REVERSAL,LIQUIDITY_SWEEP_REVERSAL,81638.5,81895.24,81125.02,80739.91,EXPIRED,2.007,1.625,3.03,0.32,60.0
1788529500000,BTCUSDT,LONG,88.0,90.0,REVERSAL,LIQUIDITY_SWEEP_REVERSAL,79629.3,78985.43,80917.04,81882.85,LOSS_SL,-1.0,-1.186,0.01,1.26,55.0
1788853500000,BTCUSDT,SHORT,78.0,80.0,TRENDING_DOWN,TREND_CONTINUATION,78253.0,78898.13,77220.79,76446.64,EXPIRED,-0.354,-0.536,0.19,0.47,60.0
1788885900000,BTCUSDT,SHORT,83.0,85.0,REVERSAL,LIQUIDITY_SWEEP_REVERSAL,78786.6,78945.17,78469.46,78231.61,EXPIRED,1.887,1.291,2.07,0.44,60.0
1789022700000,BTCUSDT,LONG,83.0,85.0,REVERSAL,LIQUIDITY_SWEEP_REVERSAL,78424.9,78191.94,78890.82,79240.26,LOSS_SL,-1.0,-1.505,0.31,1.31,20.0
1789044300000,BTCUSDT,SHORT,78.0,80.0,TRENDING_DOWN,TREND_CONTINUATION,76999.9,78124.11,75201.16,73852.11,EXPIRED,-0.029,-0.132,0.31,0.07,60.0
1789047900000,BTCUSDT,SHORT,78.0,80.0,TRENDING_DOWN,TREND_CONTINUATION,77032.6,78091.04,75339.1,74068.97,EXPIRED,-0.241,-0.35,0.14,0.32,60.0
1789069500000,BTCUSDT,SHORT,83.0,85.0,REVERSAL,LIQUIDITY_SWEEP_REVERSAL,77119.5,77327.23,76704.04,76392.45,EXPIRED,-0.492,-1.049,0.36,0.95,60.0
1789368300000,BTCUSDT,LONG,83.0,85.0,REVERSAL,LIQUIDITY_SWEEP_REVERSAL,77629.6,77401.63,78085.54,78427.5,EXPIRED,0.79,0.381,0.94,0.65,60.0
1789418700000,BTCUSDT,SHORT,83.0,85.0,REVERSAL,LIQUIDITY_SWEEP_REVERSAL,79208.2,79373.72,78877.16,78628.88,EXPIRED,2.609,2.035,2.93,0.18,60.0
1789479900000,BTCUSDT,SHORT,78.0,80.0,TRENDING_DOWN,TREND_CONTINUATION,76313.6,77288.12,74754.37,73584.94,EXPIRED,0.626,0.532,0.66,0.37,60.0
1789483500000,BTCUSDT,SHORT,78.0,80.0,TRENDING_DOWN,TREND_CONTINUATION,75703.7,77174.92,73349.75,71584.28,EXPIRED,-0.503,-0.58,0.1,0.53,60.0
1789505100000,BTCUSDT,LONG,83.0,85.0,REVERSAL,LIQUIDITY_SWEEP_REVERSAL,75973.3,75689.89,76540.12,76965.24,LOSS_SL,-1.0,-1.402,0.03,1.0,20.0
1789508700000,BTCUSDT,LONG,83.0,85.0,REVERSAL,LIQUIDITY_SWEEP_REVERSAL,75614.6,75448.79,75946.22,76194.94,LOSS_SL,-1.0,-1.684,0.14,1.6,5.0
1789512300000,BTCUSDT,LONG,83.0,85.0,REVERSAL,LIQUIDITY_SWEEP_REVERSAL,75664.9,75454.16,76086.38,76402.49,EXPIRED,-0.213,-0.752,1.19,0.64,60.0
1789573500000,BTCUSDT,SHORT,83.0,85.0,REVERSAL,LIQUIDITY_SWEEP_REVERSAL,75788.4,75991.52,75382.16,75077.48,EXPIRED,0.308,-0.14,0.84,0.44,60.0
1789584300000,BTCUSDT,LONG,88.0,90.0,REVERSAL,LIQUIDITY_SWEEP_REVERSAL,75891.2,75107.91,77457.78,78632.71,EXPIRED,0.175,0.059,0.34,0.86,60.0
1789609500000,BTCUSDT,LONG,78.0,80.0,TRENDING_UP,TREND_CONTINUATION,76515.7,75965.77,77395.59,78055.5,EXPIRED,-0.196,-0.405,0.01,0.91,60.0
1789638300000,BTCUSDT,SHORT,88.0,90.0,REVERSAL,LIQUIDITY_SWEEP_REVERSAL,76535.5,76702.04,76202.42,75952.61,EXPIRED,1.596,1.045,1.81,0.0,60.0
1789652700000,BTCUSDT,LONG,88.0,90.0,REVERSAL,LIQUIDITY_SWEEP_REVERSAL,76322.1,76056.84,76852.62,77250.51,EXPIRED,1.291,0.946,2.92,0.0,60.0
1789667100000,BTCUSDT,SHORT,83.0,85.0,REVERSAL,LIQUIDITY_SWEEP_REVERSAL,76615.4,76915.63,76014.94,75564.59,EXPIRED,-0.045,-0.428,0.64,0.47,60.0
1789670700000,BTCUSDT,LONG,83.0,85.0,REVERSAL,LIQUIDITY_SWEEP_REVERSAL,76628.9,76422.07,77042.56,77352.8,EXPIRED,-0.503,-1.059,0.0,0.78,60.0
1789710300000,BTCUSDT,SHORT,83.0,85.0,REVERSAL,LIQUIDITY_SWEEP_REVERSAL,77477.4,77636.89,77158.42,76919.18,LOSS_SL,-1.0,-1.729,0.35,1.0,40.0
1789749900000,BTCUSDT,SHORT,83.0,85.0,REVERSAL,LIQUIDITY_SWEEP_REVERSAL,80814.5,81276.49,79890.52,79197.53,EXPIRED,0.002,-0.208,0.61,0.22,60.0
1789793100000,BTCUSDT,LONG,78.0,80.0,LOW_VOLATILITY,PULLBACK,80949.1,80744.82,81316.8,81561.94,EXPIRED,0.202,-0.274,0.83,0.09,60.0
1789872300000,BTCUSDT,SHORT,78.0,80.0,TRENDING_DOWN,TREND_CONTINUATION,80548.6,81233.63,79452.55,78630.52,EXPIRED,0.132,-0.009,0.66,0.11,60.0
1789951500000,BTCUSDT,LONG,78.0,80.0,TRENDING_UP,TREND_CONTINUATION,81628.1,81003.51,82627.44,83376.95,EXPIRED,-0.623,-0.819,0.76,0.66,60.0
1789998300000,BTCUSDT,SHORT,83.0,85.0,REVERSAL,LIQUIDITY_SWEEP_REVERSAL,85399.5,85574.04,85050.42,84788.61,LOSS_SL,-1.0,-1.734,0.32,2.31,5.0
1790055900000,BTCUSDT,LONG,83.0,85.0,REVERSAL,LIQUIDITY_SWEEP_REVERSAL,85506.2,85185.08,86148.44,86630.12,EXPIRED,-0.268,-0.667,0.2,0.9,60.0
1790084700000,BTCUSDT,LONG,88.0,90.0,REVERSAL,LIQUIDITY_SWEEP_REVERSAL,86085.3,85643.46,86968.98,87631.74,LOSS_SL,-1.0,-1.292,0.78,1.54,50.0
1790088300000,BTCUSDT,LONG,88.0,90.0,REVERSAL,LIQUIDITY_SWEEP_REVERSAL,85980.2,85403.26,87134.08,87999.49,EXPIRED,0.802,0.623,1.25,0.15,60.0
1790174700000,BTCUSDT,SHORT,78.0,80.0,TRENDING_DOWN,TREND_CONTINUATION,84282.6,85995.33,81542.23,79486.96,EXPIRED,0.037,-0.022,0.07,0.26,60.0
1790545500000,BTCUSDT,LONG,88.0,90.0,REVERSAL,LIQUIDITY_SWEEP_REVERSAL,84639.6,84453.26,85012.28,85291.79,LOSS_SL,-1.0,-1.681,0.46,1.51,15.0
1790613900000,BTCUSDT,SHORT,83.0,85.0,REVERSAL,LIQUIDITY_SWEEP_REVERSAL,83566.2,83914.3,82870.0,82347.85,LOSS_SL,-1.0,-1.36,0.14,1.94,25.0
1790682300000,BTCUSDT,LONG,78.0,80.0,TRENDING_UP,TREND_CONTINUATION,84400.3,83651.1,85599.02,86498.06,EXPIRED,-0.202,-0.371,0.09,0.41,60.0
1790840700000,BTCUSDT,LONG,88.0,90.0,REVERSAL,LIQUIDITY_SWEEP_REVERSAL,83510.0,83287.22,83955.56,84289.73,LOSS_SL,-1.0,-1.562,0.32,1.02,20.0
1790844300000,BTCUSDT,LONG,83.0,85.0,REVERSAL,LIQUIDITY_SWEEP_REVERSAL,83451.4,83198.84,83956.52,84335.36,EXPIRED,1.445,1.048,1.63,0.2,60.0
1790858700000,BTCUSDT,SHORT,83.0,85.0,REVERSAL,LIQUIDITY_SWEEP_REVERSAL,83752.7,84077.35,83103.4,82616.42,EXPIRED,0.373,0.063,1.06,0.76,60.0
1790865900000,BTCUSDT,SHORT,88.0,90.0,REVERSAL,LIQUIDITY_SWEEP_REVERSAL,83878.2,84133.19,83368.22,82985.73,LOSS_SL,-1.0,-1.493,0.58,1.21,15.0
1790873100000,BTCUSDT,SHORT,83.0,85.0,REVERSAL,LIQUIDITY_SWEEP_REVERSAL,84229.3,84410.11,83867.68,83596.47,LOSS_SL,-1.0,-1.699,1.13,1.23,15.0
1790880300000,BTCUSDT,SHORT,88.0,90.0,REVERSAL,LIQUIDITY_SWEEP_REVERSAL,84699.7,85159.3,83780.5,83091.1,EXPIRED,0.329,0.108,0.34,0.33,60.0
1790891100000,BTCUSDT,LONG,78.0,80.0,REVERSAL,PULLBACK,84520.1,84268.88,84972.3,85273.76,EXPIRED,0.329,-0.075,0.93,0.18,60.0
1790945100000,BTCUSDT,LONG,78.0,80.0,TRENDING_UP,TREND_CONTINUATION,86632.2,85848.25,87886.52,88827.26,EXPIRED,0.231,0.098,0.63,0.14,60.0
1790948700000,BTCUSDT,LONG,78.0,80.0,TRENDING_UP,TREND_CONTINUATION,86813.5,85973.11,88158.12,89166.59,LOSS_SL,-1.0,-1.155,0.02,1.41,45.0
