timestamp,side,session,M15 regime,M5 setup,M1 trigger,score,entry,entry type,qty,notional,margin,leverage,SL,TP1,TP2,exit reason,TP1 filled?,TP2 filled?,gross PnL,entry fee,TP1 fee,TP2 fee,SL fee,slippage,net PnL,realized R,holding time,equity before,equity after,DD,loss streak,risk multiplier
2026-07-30 11:34:00 UTC,LONG,LONDON,WEAK_BULL,EMA21_PULLBACK,M1_SWEEP_RECLAIM,95,1918.36,MARKET_TAKER,0.016,30.6938,0.3069,100,1913.55,1924.34,1930.34,TAKE_PROFIT_2_HIT,YES,YES,0.1437,0.0153,0.003078944,0.003088544,0.0,0.0002,0.1222,1.59,131,2.7109,2.8331,0.0,0,1.0
2026-07-31 09:01:00 UTC,SHORT,LONDON,WEAK_BEAR,EMA21_PULLBACK,M1_SWEEP_RECLAIM,95,1889.84,MARKET_TAKER,0.017,32.1273,0.3213,100,1894.57,1883.94,1878.04,TAKE_PROFIT_2_HIT,YES,YES,0.1475,0.0161,0.003391092,0.003004864,0.0,0.0002,0.125,1.56,64,2.8331,2.9581,0.0,0,1.0
2026-07-31 10:18:00 UTC,SHORT,LONDON,STRONG_BEAR,EMA21_PULLBACK,M1_SWEEP_RECLAIM,100,1882.68,MARKET_TAKER,0.018,33.8882,0.3389,100,1887.4,1876.81,1870.92,STOP_LOSS_HIT,NO,NO,-0.0851,0.0169,0.0,0.0,0.01698669,0.0004,-0.119,-1.4,23,2.9581,2.8391,4.02,1,1.0
2026-07-31 11:17:00 UTC,SHORT,LONDON,WEAK_BEAR,EMA21_PULLBACK,M1_SWEEP_RECLAIM,95,1884.65,MARKET_TAKER,0.018,33.9237,0.3392,100,1889.66,1878.4,1872.15,STOP_LOSS_HIT,YES,NO,0.0111,0.017,0.00338112,0.0,0.008503515,0.0003,-0.0178,-0.2,125,2.8391,2.8213,4.62,2,1.0
2026-07-31 16:01:00 UTC,SHORT,LONDON_NY_OVERLAP,WEAK_BEAR,EMA21_PULLBACK,M1_SWEEP_RECLAIM,95,1863.14,MARKET_TAKER,0.013,24.2208,0.2422,100,1867.81,1857.33,1851.51,STOP_LOSS_HIT,NO,NO,-0.0608,0.0121,0.0,0.0,0.01214083,0.0003,-0.085,-1.4,71,2.8213,2.7363,7.5,3,0.75
2026-08-01 10:21:00 UTC,SHORT,LONDON,STRONG_BEAR,EMA21_PULLBACK,M1_SWEEP_RECLAIM,100,1864.99,MARKET_TAKER,0.011,20.5149,0.2051,100,1869.66,1859.17,1853.34,STOP_LOSS_HIT,NO,NO,-0.0515,0.0103,0.0,0.0,0.010283185,0.0002,-0.0721,-1.41,221,2.7363,2.6642,9.94,4,0.38
2026-08-02 10:35:00 UTC,SHORT,LONDON,STRONG_BEAR,EMA21_PULLBACK,M1_SWEEP_RECLAIM,100,1867.29,MARKET_TAKER,0.011,20.5402,0.2054,100,1871.97,1861.46,1855.63,TAKE_PROFIT_2_HIT,YES,YES,0.0991,0.0103,0.0018614600000000001,0.0022267560000000003,0.0,0.0001,0.0847,1.65,68,2.6642,2.7489,7.07,0,0.12
2026-08-02 12:22:00 UTC,SHORT,LONDON,STRONG_BEAR,EMA21_PULLBACK,M1_SWEEP_RECLAIM,80,1858.96,MARKET_TAKER,0.013,24.1665,0.2417,100,1863.62,1853.16,1847.35,STOP_LOSS_HIT,YES,NO,0.0021,0.0121,0.0022237920000000005,0.0,0.006522705,0.0002,-0.0187,-0.31,259,2.7489,2.7302,7.7,1,0.75
2026-08-03 08:07:00 UTC,SHORT,LONDON,WEAK_BEAR,EMA21_PULLBACK,M1_SWEEP_RECLAIM,95,1841.91,MARKET_TAKER,0.013,23.9448,0.2394,100,1846.52,1836.16,1830.41,TAKE_PROFIT_2_HIT,YES,YES,0.115,0.012,0.002203392,0.002562574,0.0,0.0001,0.0982,1.64,14,2.7302,2.8284,4.38,0,0.75
2026-08-03 08:55:00 UTC,SHORT,LONDON,WEAK_BEAR,EMA21_PULLBACK,M1_SWEEP_RECLAIM,75,1838.5,MARKET_TAKER,0.018,33.093,0.3309,100,1843.11,1832.76,1827.02,STOP_LOSS_HIT,NO,NO,-0.0832,0.0165,0.0,0.0,0.016588079999999998,0.0004,-0.1163,-1.41,38,2.8284,2.7121,8.32,1,1.0
2026-08-03 12:15:00 UTC,SHORT,LONDON,WEAK_BEAR,EMA21_PULLBACK,M1_SWEEP_RECLAIM,95,1840.09,MARKET_TAKER,0.011,20.241,0.2024,100,1844.7,1834.35,1828.6,STOP_LOSS_HIT,NO,NO,-0.0508,0.0101,0.0,0.0,0.010145904999999998,0.0002,-0.071,-1.4,61,2.7121,2.6411,10.72,2,0.5
2026-08-03 13:37:00 UTC,SHORT,LONDON_NY_OVERLAP,WEAK_BEAR,EMA21_PULLBACK,M1_SWEEP_RECLAIM,95,1846.45,MARKET_TAKER,0.011,20.3109,0.2031,100,1853.54,1837.61,1828.76,LIQUIDATION,NO,NO,-0.1015,0.0102,0.0,0.0,0.01020624,0.0002,-0.1219,-1.57,15,2.6411,2.5192,14.84,3,0.38
2026-08-05 09:41:00 UTC,LONG,LONDON,WEAK_BULL,EMA21_PULLBACK,M1_SWEEP_RECLAIM,95,1872.53,MARKET_TAKER,0.011,20.5978,0.206,100,1867.84,1878.37,1884.22,STOP_LOSS_HIT,NO,NO,-0.0517,0.0103,0.0,0.0,0.010273065,0.0002,-0.0723,-1.4,70,2.5192,2.4469,17.28,4,0.12
