time,time_utc,equity,dd_pct
1785306360000,2026-07-29 06:26:00 UTC,2.7109,0.00
1785411300000,2026-07-30 11:35:00 UTC,2.7109,0.00
1785411360000,2026-07-30 11:36:00 UTC,2.7109,0.00
1785411420000,2026-07-30 11:37:00 UTC,2.7109,0.00
1785411480000,2026-07-30 11:38:00 UTC,2.7109,0.00
1785411540000,2026-07-30 11:39:00 UTC,2.7109,0.00
1785411600000,2026-07-30 11:40:00 UTC,2.7109,0.00
1785411660000,2026-07-30 11:41:00 UTC,2.7109,0.00
1785411720000,2026-07-30 11:42:00 UTC,2.7109,0.00
1785411780000,2026-07-30 11:43:00 UTC,2.7109,0.00
1785411840000,2026-07-30 11:44:00 UTC,2.7109,0.00
1785411900000,2026-07-30 11:45:00 UTC,2.7109,0.00
1785411960000,2026-07-30 11:46:00 UTC,2.7109,0.00
1785412020000,2026-07-30 11:47:00 UTC,2.7109,0.00
1785412080000,2026-07-30 11:48:00 UTC,2.7109,0.00
1785412140000,2026-07-30 11:49:00 UTC,2.7109,0.00
1785412200000,2026-07-30 11:50:00 UTC,2.7109,0.00
1785412260000,2026-07-30 11:51:00 UTC,2.7109,0.00
1785412320000,2026-07-30 11:52:00 UTC,2.7109,0.00
1785412380000,2026-07-30 11:53:00 UTC,2.7109,0.00
1785412440000,2026-07-30 11:54:00 UTC,2.7109,0.00
1785412500000,2026-07-30 11:55:00 UTC,2.7109,0.00
1785412560000,2026-07-30 11:56:00 UTC,2.7109,0.00
1785412620000,2026-07-30 11:57:00 UTC,2.7109,0.00
1785412680000,2026-07-30 11:58:00 UTC,2.7109,0.00
1785412740000,2026-07-30 11:59:00 UTC,2.7109,0.00
1785412800000,2026-07-30 12:00:00 UTC,2.7109,0.00
1785412860000,2026-07-30 12:01:00 UTC,2.7109,0.00
1785412920000,2026-07-30 12:02:00 UTC,2.7109,0.00
1785412980000,2026-07-30 12:03:00 UTC,2.7109,0.00
1785413040000,2026-07-30 12:04:00 UTC,2.7109,0.00
1785413100000,2026-07-30 12:05:00 UTC,2.7109,0.00
1785413160000,2026-07-30 12:06:00 UTC,2.7109,0.00
1785413220000,2026-07-30 12:07:00 UTC,2.7109,0.00
1785413280000,2026-07-30 12:08:00 UTC,2.7109,0.00
1785413340000,2026-07-30 12:09:00 UTC,2.7109,0.00
1785413400000,2026-07-30 12:10:00 UTC,2.7109,0.00
1785413460000,2026-07-30 12:11:00 UTC,2.7109,0.00
1785413520000,2026-07-30 12:12:00 UTC,2.7109,0.00
1785413580000,2026-07-30 12:13:00 UTC,2.7109,0.00
1785413640000,2026-07-30 12:14:00 UTC,2.7109,0.00
1785413700000,2026-07-30 12:15:00 UTC,2.7109,0.00
1785413760000,2026-07-30 12:16:00 UTC,2.7109,0.00
1785413820000,2026-07-30 12:17:00 UTC,2.7109,0.00
1785413880000,2026-07-30 12:18:00 UTC,2.7109,0.00
1785413940000,2026-07-30 12:19:00 UTC,2.7109,0.00
1785414000000,2026-07-30 12:20:00 UTC,2.7109,0.00
1785414060000,2026-07-30 12:21:00 UTC,2.7109,0.00
1785414120000,2026-07-30 12:22:00 UTC,2.7109,0.00
1785414180000,2026-07-30 12:23:00 UTC,2.7109,0.00
1785414240000,2026-07-30 12:24:00 UTC,2.7109,0.00
1785414300000,2026-07-30 12:25:00 UTC,2.7109,0.00
1785414360000,2026-07-30 12:26:00 UTC,2.7109,0.00
1785414420000,2026-07-30 12:27:00 UTC,2.7109,0.00
1785414480000,2026-07-30 12:28:00 UTC,2.7109,0.00
1785414540000,2026-07-30 12:29:00 UTC,2.7109,0.00
1785414600000,2026-07-30 12:30:00 UTC,2.7109,0.00
1785414660000,2026-07-30 12:31:00 UTC,2.7109,0.00
1785414720000,2026-07-30 12:32:00 UTC,2.7109,0.00
1785414780000,2026-07-30 12:33:00 UTC,2.7109,0.00
1785414840000,2026-07-30 12:34:00 UTC,2.7109,0.00
1785414900000,2026-07-30 12:35:00 UTC,2.7109,0.00
1785414960000,2026-07-30 12:36:00 UTC,2.7109,0.00
1785415020000,2026-07-30 12:37:00 UTC,2.7109,0.00
1785415080000,2026-07-30 12:38:00 UTC,2.7109,0.00
1785415140000,2026-07-30 12:39:00 UTC,2.7109,0.00
1785415200000,2026-07-30 12:40:00 UTC,2.7109,0.00
1785415260000,2026-07-30 12:41:00 UTC,2.7109,0.00
1785415320000,2026-07-30 12:42:00 UTC,2.7109,0.00
1785415380000,2026-07-30 12:43:00 UTC,2.7109,0.00
1785415440000,2026-07-30 12:44:00 UTC,2.7109,0.00
1785415500000,2026-07-30 12:45:00 UTC,2.7109,0.00
1785415560000,2026-07-30 12:46:00 UTC,2.7109,0.00
1785415620000,2026-07-30 12:47:00 UTC,2.7109,0.00
1785415680000,2026-07-30 12:48:00 UTC,2.7109,0.00
1785415740000,2026-07-30 12:49:00 UTC,2.7109,0.00
1785415800000,2026-07-30 12:50:00 UTC,2.7109,0.00
1785415860000,2026-07-30 12:51:00 UTC,2.7109,0.00
1785415920000,2026-07-30 12:52:00 UTC,2.7109,0.00
1785415980000,2026-07-30 12:53:00 UTC,2.7109,0.00
1785416040000,2026-07-30 12:54:00 UTC,2.7109,0.00
1785416100000,2026-07-30 12:55:00 UTC,2.7109,0.00
1785416160000,2026-07-30 12:56:00 UTC,2.7109,0.00
1785416220000,2026-07-30 12:57:00 UTC,2.7109,0.00
1785416280000,2026-07-30 12:58:00 UTC,2.7109,0.00
1785416340000,2026-07-30 12:59:00 UTC,2.7109,0.00
1785416400000,2026-07-30 13:00:00 UTC,2.7109,0.00
1785416460000,2026-07-30 13:01:00 UTC,2.7109,0.00
1785416520000,2026-07-30 13:02:00 UTC,2.7109,0.00
1785416580000,2026-07-30 13:03:00 UTC,2.7109,0.00
1785416640000,2026-07-30 13:04:00 UTC,2.7109,0.00
1785416700000,2026-07-30 13:05:00 UTC,2.7109,0.00
1785416760000,2026-07-30 13:06:00 UTC,2.7109,0.00
1785416820000,2026-07-30 13:07:00 UTC,2.7109,0.00
1785416880000,2026-07-30 13:08:00 UTC,2.7109,0.00
1785416940000,2026-07-30 13:09:00 UTC,2.7109,0.00
1785417000000,2026-07-30 13:10:00 UTC,2.7109,0.00
1785417060000,2026-07-30 13:11:00 UTC,2.7109,0.00
1785417120000,2026-07-30 13:12:00 UTC,2.7109,0.00
1785417180000,2026-07-30 13:13:00 UTC,2.7109,0.00
1785417240000,2026-07-30 13:14:00 UTC,2.7109,0.00
1785417300000,2026-07-30 13:15:00 UTC,2.7109,0.00
1785417360000,2026-07-30 13:16:00 UTC,2.7109,0.00
1785417420000,2026-07-30 13:17:00 UTC,2.7109,0.00
1785417480000,2026-07-30 13:18:00 UTC,2.7109,0.00
1785417540000,2026-07-30 13:19:00 UTC,2.7109,0.00
1785417600000,2026-07-30 13:20:00 UTC,2.7109,0.00
1785417660000,2026-07-30 13:21:00 UTC,2.7109,0.00
1785417720000,2026-07-30 13:22:00 UTC,2.7109,0.00
1785417780000,2026-07-30 13:23:00 UTC,2.7109,0.00
1785417840000,2026-07-30 13:24:00 UTC,2.7109,0.00
1785417900000,2026-07-30 13:25:00 UTC,2.7109,0.00
1785417960000,2026-07-30 13:26:00 UTC,2.7109,0.00
1785418020000,2026-07-30 13:27:00 UTC,2.7109,0.00
1785418080000,2026-07-30 13:28:00 UTC,2.7109,0.00
1785418140000,2026-07-30 13:29:00 UTC,2.7109,0.00
1785418200000,2026-07-30 13:30:00 UTC,2.7109,0.00
1785418260000,2026-07-30 13:31:00 UTC,2.7109,0.00
1785418320000,2026-07-30 13:32:00 UTC,2.7109,0.00
1785418380000,2026-07-30 13:33:00 UTC,2.7109,0.00
1785418440000,2026-07-30 13:34:00 UTC,2.7109,0.00
1785418500000,2026-07-30 13:35:00 UTC,2.7109,0.00
1785418560000,2026-07-30 13:36:00 UTC,2.7109,0.00
1785418620000,2026-07-30 13:37:00 UTC,2.7109,0.00
1785418680000,2026-07-30 13:38:00 UTC,2.7109,0.00
1785418740000,2026-07-30 13:39:00 UTC,2.7109,0.00
1785418800000,2026-07-30 13:40:00 UTC,2.7109,0.00
1785418860000,2026-07-30 13:41:00 UTC,2.7109,0.00
1785418920000,2026-07-30 13:42:00 UTC,2.7109,0.00
1785418980000,2026-07-30 13:43:00 UTC,2.7109,0.00
1785419040000,2026-07-30 13:44:00 UTC,2.7109,0.00
1785419100000,2026-07-30 13:45:00 UTC,2.8331,0.00
1785488520000,2026-07-31 09:02:00 UTC,2.8331,0.00
1785488580000,2026-07-31 09:03:00 UTC,2.8331,0.00
1785488640000,2026-07-31 09:04:00 UTC,2.8331,0.00
1785488700000,2026-07-31 09:05:00 UTC,2.8331,0.00
1785488760000,2026-07-31 09:06:00 UTC,2.8331,0.00
1785488820000,2026-07-31 09:07:00 UTC,2.8331,0.00
1785488880000,2026-07-31 09:08:00 UTC,2.8331,0.00
1785488940000,2026-07-31 09:09:00 UTC,2.8331,0.00
1785489000000,2026-07-31 09:10:00 UTC,2.8331,0.00
1785489060000,2026-07-31 09:11:00 UTC,2.8331,0.00
1785489120000,2026-07-31 09:12:00 UTC,2.8331,0.00
1785489180000,2026-07-31 09:13:00 UTC,2.8331,0.00
1785489240000,2026-07-31 09:14:00 UTC,2.8331,0.00
1785489300000,2026-07-31 09:15:00 UTC,2.8331,0.00
1785489360000,2026-07-31 09:16:00 UTC,2.8331,0.00
1785489420000,2026-07-31 09:17:00 UTC,2.8331,0.00
1785489480000,2026-07-31 09:18:00 UTC,2.8331,0.00
1785489540000,2026-07-31 09:19:00 UTC,2.8331,0.00
1785489600000,2026-07-31 09:20:00 UTC,2.8331,0.00
1785489660000,2026-07-31 09:21:00 UTC,2.8331,0.00
1785489720000,2026-07-31 09:22:00 UTC,2.8331,0.00
1785489780000,2026-07-31 09:23:00 UTC,2.8331,0.00
1785489840000,2026-07-31 09:24:00 UTC,2.8331,0.00
1785489900000,2026-07-31 09:25:00 UTC,2.8331,0.00
1785489960000,2026-07-31 09:26:00 UTC,2.8331,0.00
1785490020000,2026-07-31 09:27:00 UTC,2.8331,0.00
1785490080000,2026-07-31 09:28:00 UTC,2.8331,0.00
1785490140000,2026-07-31 09:29:00 UTC,2.8331,0.00
1785490200000,2026-07-31 09:30:00 UTC,2.8331,0.00
1785490260000,2026-07-31 09:31:00 UTC,2.8331,0.00
1785490320000,2026-07-31 09:32:00 UTC,2.8331,0.00
1785490380000,2026-07-31 09:33:00 UTC,2.8331,0.00
1785490440000,2026-07-31 09:34:00 UTC,2.8331,0.00
1785490500000,2026-07-31 09:35:00 UTC,2.8331,0.00
1785490560000,2026-07-31 09:36:00 UTC,2.8331,0.00
1785490620000,2026-07-31 09:37:00 UTC,2.8331,0.00
1785490680000,2026-07-31 09:38:00 UTC,2.8331,0.00
1785490740000,2026-07-31 09:39:00 UTC,2.8331,0.00
1785490800000,2026-07-31 09:40:00 UTC,2.8331,0.00
1785490860000,2026-07-31 09:41:00 UTC,2.8331,0.00
1785490920000,2026-07-31 09:42:00 UTC,2.8331,0.00
1785490980000,2026-07-31 09:43:00 UTC,2.8331,0.00
1785491040000,2026-07-31 09:44:00 UTC,2.8331,0.00
1785491100000,2026-07-31 09:45:00 UTC,2.8331,0.00
1785491160000,2026-07-31 09:46:00 UTC,2.8331,0.00
1785491220000,2026-07-31 09:47:00 UTC,2.8331,0.00
1785491280000,2026-07-31 09:48:00 UTC,2.8331,0.00
1785491340000,2026-07-31 09:49:00 UTC,2.8331,0.00
1785491400000,2026-07-31 09:50:00 UTC,2.8331,0.00
1785491460000,2026-07-31 09:51:00 UTC,2.8331,0.00
1785491520000,2026-07-31 09:52:00 UTC,2.8331,0.00
1785491580000,2026-07-31 09:53:00 UTC,2.8331,0.00
1785491640000,2026-07-31 09:54:00 UTC,2.8331,0.00
1785491700000,2026-07-31 09:55:00 UTC,2.8331,0.00
1785491760000,2026-07-31 09:56:00 UTC,2.8331,0.00
1785491820000,2026-07-31 09:57:00 UTC,2.8331,0.00
1785491880000,2026-07-31 09:58:00 UTC,2.8331,0.00
1785491940000,2026-07-31 09:59:00 UTC,2.8331,0.00
1785492000000,2026-07-31 10:00:00 UTC,2.8331,0.00
1785492060000,2026-07-31 10:01:00 UTC,2.8331,0.00
1785492120000,2026-07-31 10:02:00 UTC,2.8331,0.00
1785492180000,2026-07-31 10:03:00 UTC,2.8331,0.00
1785492240000,2026-07-31 10:04:00 UTC,2.8331,0.00
1785492300000,2026-07-31 10:05:00 UTC,2.9581,0.00
1785493140000,2026-07-31 10:19:00 UTC,2.9581,0.00
1785493200000,2026-07-31 10:20:00 UTC,2.9581,0.00
1785493260000,2026-07-31 10:21:00 UTC,2.9581,0.00
1785493320000,2026-07-31 10:22:00 UTC,2.9581,0.00
1785493380000,2026-07-31 10:23:00 UTC,2.9581,0.00
1785493440000,2026-07-31 10:24:00 UTC,2.9581,0.00
1785493500000,2026-07-31 10:25:00 UTC,2.9581,0.00
1785493560000,2026-07-31 10:26:00 UTC,2.9581,0.00
1785493620000,2026-07-31 10:27:00 UTC,2.9581,0.00
1785493680000,2026-07-31 10:28:00 UTC,2.9581,0.00
1785493740000,2026-07-31 10:29:00 UTC,2.9581,0.00
1785493800000,2026-07-31 10:30:00 UTC,2.9581,0.00
1785493860000,2026-07-31 10:31:00 UTC,2.9581,0.00
1785493920000,2026-07-31 10:32:00 UTC,2.9581,0.00
1785493980000,2026-07-31 10:33:00 UTC,2.9581,0.00
1785494040000,2026-07-31 10:34:00 UTC,2.9581,0.00
1785494100000,2026-07-31 10:35:00 UTC,2.9581,0.00
1785494160000,2026-07-31 10:36:00 UTC,2.9581,0.00
1785494220000,2026-07-31 10:37:00 UTC,2.9581,0.00
1785494280000,2026-07-31 10:38:00 UTC,2.9581,0.00
1785494340000,2026-07-31 10:39:00 UTC,2.9581,0.00
1785494400000,2026-07-31 10:40:00 UTC,2.9581,0.00
1785494460000,2026-07-31 10:41:00 UTC,2.8391,4.02
1785496680000,2026-07-31 11:18:00 UTC,2.8391,4.02
1785496740000,2026-07-31 11:19:00 UTC,2.8391,4.02
1785496800000,2026-07-31 11:20:00 UTC,2.8391,4.02
1785496860000,2026-07-31 11:21:00 UTC,2.8391,4.02
1785496920000,2026-07-31 11:22:00 UTC,2.8391,4.02
1785496980000,2026-07-31 11:23:00 UTC,2.8391,4.02
1785497040000,2026-07-31 11:24:00 UTC,2.8391,4.02
1785497100000,2026-07-31 11:25:00 UTC,2.8391,4.02
1785497160000,2026-07-31 11:26:00 UTC,2.8391,4.02
1785497220000,2026-07-31 11:27:00 UTC,2.8391,4.02
1785497280000,2026-07-31 11:28:00 UTC,2.8391,4.02
1785497340000,2026-07-31 11:29:00 UTC,2.8391,4.02
1785497400000,2026-07-31 11:30:00 UTC,2.8391,4.02
1785497460000,2026-07-31 11:31:00 UTC,2.8391,4.02
1785497520000,2026-07-31 11:32:00 UTC,2.8391,4.02
1785497580000,2026-07-31 11:33:00 UTC,2.8391,4.02
1785497640000,2026-07-31 11:34:00 UTC,2.8391,4.02
1785497700000,2026-07-31 11:35:00 UTC,2.8391,4.02
1785497760000,2026-07-31 11:36:00 UTC,2.8391,4.02
1785497820000,2026-07-31 11:37:00 UTC,2.8391,4.02
1785497880000,2026-07-31 11:38:00 UTC,2.8391,4.02
1785497940000,2026-07-31 11:39:00 UTC,2.8391,4.02
1785498000000,2026-07-31 11:40:00 UTC,2.8391,4.02
1785498060000,2026-07-31 11:41:00 UTC,2.8391,4.02
1785498120000,2026-07-31 11:42:00 UTC,2.8391,4.02
1785498180000,2026-07-31 11:43:00 UTC,2.8391,4.02
1785498240000,2026-07-31 11:44:00 UTC,2.8391,4.02
1785498300000,2026-07-31 11:45:00 UTC,2.8391,4.02
1785498360000,2026-07-31 11:46:00 UTC,2.8391,4.02
1785498420000,2026-07-31 11:47:00 UTC,2.8391,4.02
1785498480000,2026-07-31 11:48:00 UTC,2.8391,4.02
1785498540000,2026-07-31 11:49:00 UTC,2.8391,4.02
1785498600000,2026-07-31 11:50:00 UTC,2.8391,4.02
1785498660000,2026-07-31 11:51:00 UTC,2.8391,4.02
1785498720000,2026-07-31 11:52:00 UTC,2.8391,4.02
1785498780000,2026-07-31 11:53:00 UTC,2.8391,4.02
1785498840000,2026-07-31 11:54:00 UTC,2.8391,4.02
1785498900000,2026-07-31 11:55:00 UTC,2.8391,4.02
1785498960000,2026-07-31 11:56:00 UTC,2.8391,4.02
1785499020000,2026-07-31 11:57:00 UTC,2.8391,4.02
1785499080000,2026-07-31 11:58:00 UTC,2.8391,4.02
1785499140000,2026-07-31 11:59:00 UTC,2.8391,4.02
1785499200000,2026-07-31 12:00:00 UTC,2.8391,4.02
1785499260000,2026-07-31 12:01:00 UTC,2.8391,4.02
1785499320000,2026-07-31 12:02:00 UTC,2.8391,4.02
1785499380000,2026-07-31 12:03:00 UTC,2.8391,4.02
1785499440000,2026-07-31 12:04:00 UTC,2.8391,4.02
1785499500000,2026-07-31 12:05:00 UTC,2.8391,4.02
1785499560000,2026-07-31 12:06:00 UTC,2.8391,4.02
1785499620000,2026-07-31 12:07:00 UTC,2.8391,4.02
1785499680000,2026-07-31 12:08:00 UTC,2.8391,4.02
1785499740000,2026-07-31 12:09:00 UTC,2.8391,4.02
1785499800000,2026-07-31 12:10:00 UTC,2.8391,4.02
1785499860000,2026-07-31 12:11:00 UTC,2.8391,4.02
1785499920000,2026-07-31 12:12:00 UTC,2.8391,4.02
1785499980000,2026-07-31 12:13:00 UTC,2.8391,4.02
1785500040000,2026-07-31 12:14:00 UTC,2.8391,4.02
1785500100000,2026-07-31 12:15:00 UTC,2.8391,4.02
1785500160000,2026-07-31 12:16:00 UTC,2.8391,4.02
1785500220000,2026-07-31 12:17:00 UTC,2.8391,4.02
1785500280000,2026-07-31 12:18:00 UTC,2.8391,4.02
1785500340000,2026-07-31 12:19:00 UTC,2.8391,4.02
1785500400000,2026-07-31 12:20:00 UTC,2.8391,4.02
1785500460000,2026-07-31 12:21:00 UTC,2.8391,4.02
1785500520000,2026-07-31 12:22:00 UTC,2.8391,4.02
1785500580000,2026-07-31 12:23:00 UTC,2.8391,4.02
1785500640000,2026-07-31 12:24:00 UTC,2.8391,4.02
1785500700000,2026-07-31 12:25:00 UTC,2.8391,4.02
1785500760000,2026-07-31 12:26:00 UTC,2.8391,4.02
1785500820000,2026-07-31 12:27:00 UTC,2.8391,4.02
1785500880000,2026-07-31 12:28:00 UTC,2.8391,4.02
1785500940000,2026-07-31 12:29:00 UTC,2.8391,4.02
1785501000000,2026-07-31 12:30:00 UTC,2.8391,4.02
1785501060000,2026-07-31 12:31:00 UTC,2.8391,4.02
1785501120000,2026-07-31 12:32:00 UTC,2.8391,4.02
1785501180000,2026-07-31 12:33:00 UTC,2.8391,4.02
1785501240000,2026-07-31 12:34:00 UTC,2.8391,4.02
1785501300000,2026-07-31 12:35:00 UTC,2.8391,4.02
1785501360000,2026-07-31 12:36:00 UTC,2.8391,4.02
1785501420000,2026-07-31 12:37:00 UTC,2.8391,4.02
1785501480000,2026-07-31 12:38:00 UTC,2.8391,4.02
1785501540000,2026-07-31 12:39:00 UTC,2.8391,4.02
1785501600000,2026-07-31 12:40:00 UTC,2.8391,4.02
1785501660000,2026-07-31 12:41:00 UTC,2.8391,4.02
1785501720000,2026-07-31 12:42:00 UTC,2.8391,4.02
1785501780000,2026-07-31 12:43:00 UTC,2.8391,4.02
1785501840000,2026-07-31 12:44:00 UTC,2.8391,4.02
1785501900000,2026-07-31 12:45:00 UTC,2.8391,4.02
1785501960000,2026-07-31 12:46:00 UTC,2.8391,4.02
1785502020000,2026-07-31 12:47:00 UTC,2.8391,4.02
1785502080000,2026-07-31 12:48:00 UTC,2.8391,4.02
1785502140000,2026-07-31 12:49:00 UTC,2.8391,4.02
1785502200000,2026-07-31 12:50:00 UTC,2.8391,4.02
1785502260000,2026-07-31 12:51:00 UTC,2.8391,4.02
1785502320000,2026-07-31 12:52:00 UTC,2.8391,4.02
1785502380000,2026-07-31 12:53:00 UTC,2.8391,4.02
1785502440000,2026-07-31 12:54:00 UTC,2.8391,4.02
1785502500000,2026-07-31 12:55:00 UTC,2.8391,4.02
1785502560000,2026-07-31 12:56:00 UTC,2.8391,4.02
1785502620000,2026-07-31 12:57:00 UTC,2.8391,4.02
1785502680000,2026-07-31 12:58:00 UTC,2.8391,4.02
1785502740000,2026-07-31 12:59:00 UTC,2.8391,4.02
1785502800000,2026-07-31 13:00:00 UTC,2.8391,4.02
1785502860000,2026-07-31 13:01:00 UTC,2.8391,4.02
1785502920000,2026-07-31 13:02:00 UTC,2.8391,4.02
1785502980000,2026-07-31 13:03:00 UTC,2.8391,4.02
1785503040000,2026-07-31 13:04:00 UTC,2.8391,4.02
1785503100000,2026-07-31 13:05:00 UTC,2.8391,4.02
1785503160000,2026-07-31 13:06:00 UTC,2.8391,4.02
1785503220000,2026-07-31 13:07:00 UTC,2.8391,4.02
1785503280000,2026-07-31 13:08:00 UTC,2.8391,4.02
1785503340000,2026-07-31 13:09:00 UTC,2.8391,4.02
1785503400000,2026-07-31 13:10:00 UTC,2.8391,4.02
1785503460000,2026-07-31 13:11:00 UTC,2.8391,4.02
1785503520000,2026-07-31 13:12:00 UTC,2.8391,4.02
1785503580000,2026-07-31 13:13:00 UTC,2.8391,4.02
1785503640000,2026-07-31 13:14:00 UTC,2.8391,4.02
1785503700000,2026-07-31 13:15:00 UTC,2.8391,4.02
1785503760000,2026-07-31 13:16:00 UTC,2.8391,4.02
1785503820000,2026-07-31 13:17:00 UTC,2.8391,4.02
1785503880000,2026-07-31 13:18:00 UTC,2.8391,4.02
1785503940000,2026-07-31 13:19:00 UTC,2.8391,4.02
1785504000000,2026-07-31 13:20:00 UTC,2.8391,4.02
1785504060000,2026-07-31 13:21:00 UTC,2.8391,4.02
1785504120000,2026-07-31 13:22:00 UTC,2.8213,4.62
1785513720000,2026-07-31 16:02:00 UTC,2.8213,4.62
1785513780000,2026-07-31 16:03:00 UTC,2.8213,4.62
1785513840000,2026-07-31 16:04:00 UTC,2.8213,4.62
1785513900000,2026-07-31 16:05:00 UTC,2.8213,4.62
1785513960000,2026-07-31 16:06:00 UTC,2.8213,4.62
1785514020000,2026-07-31 16:07:00 UTC,2.8213,4.62
1785514080000,2026-07-31 16:08:00 UTC,2.8213,4.62
1785514140000,2026-07-31 16:09:00 UTC,2.8213,4.62
1785514200000,2026-07-31 16:10:00 UTC,2.8213,4.62
1785514260000,2026-07-31 16:11:00 UTC,2.8213,4.62
1785514320000,2026-07-31 16:12:00 UTC,2.8213,4.62
1785514380000,2026-07-31 16:13:00 UTC,2.8213,4.62
1785514440000,2026-07-31 16:14:00 UTC,2.8213,4.62
1785514500000,2026-07-31 16:15:00 UTC,2.8213,4.62
1785514560000,2026-07-31 16:16:00 UTC,2.8213,4.62
1785514620000,2026-07-31 16:17:00 UTC,2.8213,4.62
1785514680000,2026-07-31 16:18:00 UTC,2.8213,4.62
1785514740000,2026-07-31 16:19:00 UTC,2.8213,4.62
1785514800000,2026-07-31 16:20:00 UTC,2.8213,4.62
1785514860000,2026-07-31 16:21:00 UTC,2.8213,4.62
1785514920000,2026-07-31 16:22:00 UTC,2.8213,4.62
1785514980000,2026-07-31 16:23:00 UTC,2.8213,4.62
1785515040000,2026-07-31 16:24:00 UTC,2.8213,4.62
1785515100000,2026-07-31 16:25:00 UTC,2.8213,4.62
1785515160000,2026-07-31 16:26:00 UTC,2.8213,4.62
1785515220000,2026-07-31 16:27:00 UTC,2.8213,4.62
1785515280000,2026-07-31 16:28:00 UTC,2.8213,4.62
1785515340000,2026-07-31 16:29:00 UTC,2.8213,4.62
1785515400000,2026-07-31 16:30:00 UTC,2.8213,4.62
1785515460000,2026-07-31 16:31:00 UTC,2.8213,4.62
1785515520000,2026-07-31 16:32:00 UTC,2.8213,4.62
1785515580000,2026-07-31 16:33:00 UTC,2.8213,4.62
1785515640000,2026-07-31 16:34:00 UTC,2.8213,4.62
1785515700000,2026-07-31 16:35:00 UTC,2.8213,4.62
1785515760000,2026-07-31 16:36:00 UTC,2.8213,4.62
1785515820000,2026-07-31 16:37:00 UTC,2.8213,4.62
1785515880000,2026-07-31 16:38:00 UTC,2.8213,4.62
1785515940000,2026-07-31 16:39:00 UTC,2.8213,4.62
1785516000000,2026-07-31 16:40:00 UTC,2.8213,4.62
1785516060000,2026-07-31 16:41:00 UTC,2.8213,4.62
1785516120000,2026-07-31 16:42:00 UTC,2.8213,4.62
1785516180000,2026-07-31 16:43:00 UTC,2.8213,4.62
1785516240000,2026-07-31 16:44:00 UTC,2.8213,4.62
1785516300000,2026-07-31 16:45:00 UTC,2.8213,4.62
1785516360000,2026-07-31 16:46:00 UTC,2.8213,4.62
1785516420000,2026-07-31 16:47:00 UTC,2.8213,4.62
1785516480000,2026-07-31 16:48:00 UTC,2.8213,4.62
1785516540000,2026-07-31 16:49:00 UTC,2.8213,4.62
1785516600000,2026-07-31 16:50:00 UTC,2.8213,4.62
1785516660000,2026-07-31 16:51:00 UTC,2.8213,4.62
1785516720000,2026-07-31 16:52:00 UTC,2.8213,4.62
1785516780000,2026-07-31 16:53:00 UTC,2.8213,4.62
1785516840000,2026-07-31 16:54:00 UTC,2.8213,4.62
1785516900000,2026-07-31 16:55:00 UTC,2.8213,4.62
1785516960000,2026-07-31 16:56:00 UTC,2.8213,4.62
1785517020000,2026-07-31 16:57:00 UTC,2.8213,4.62
1785517080000,2026-07-31 16:58:00 UTC,2.8213,4.62
1785517140000,2026-07-31 16:59:00 UTC,2.8213,4.62
1785517200000,2026-07-31 17:00:00 UTC,2.8213,4.62
1785517260000,2026-07-31 17:01:00 UTC,2.8213,4.62
1785517320000,2026-07-31 17:02:00 UTC,2.8213,4.62
1785517380000,2026-07-31 17:03:00 UTC,2.8213,4.62
1785517440000,2026-07-31 17:04:00 UTC,2.8213,4.62
1785517500000,2026-07-31 17:05:00 UTC,2.8213,4.62
1785517560000,2026-07-31 17:06:00 UTC,2.8213,4.62
1785517620000,2026-07-31 17:07:00 UTC,2.8213,4.62
1785517680000,2026-07-31 17:08:00 UTC,2.8213,4.62
1785517740000,2026-07-31 17:09:00 UTC,2.8213,4.62
1785517800000,2026-07-31 17:10:00 UTC,2.8213,4.62
1785517860000,2026-07-31 17:11:00 UTC,2.8213,4.62
1785517920000,2026-07-31 17:12:00 UTC,2.7363,7.50
1785579720000,2026-08-01 10:22:00 UTC,2.7363,7.50
1785579780000,2026-08-01 10:23:00 UTC,2.7363,7.50
1785579840000,2026-08-01 10:24:00 UTC,2.7363,7.50
1785579900000,2026-08-01 10:25:00 UTC,2.7363,7.50
1785579960000,2026-08-01 10:26:00 UTC,2.7363,7.50
1785580020000,2026-08-01 10:27:00 UTC,2.7363,7.50
1785580080000,2026-08-01 10:28:00 UTC,2.7363,7.50
1785580140000,2026-08-01 10:29:00 UTC,2.7363,7.50
1785580200000,2026-08-01 10:30:00 UTC,2.7363,7.50
1785580260000,2026-08-01 10:31:00 UTC,2.7363,7.50
1785580320000,2026-08-01 10:32:00 UTC,2.7363,7.50
1785580380000,2026-08-01 10:33:00 UTC,2.7363,7.50
1785580440000,2026-08-01 10:34:00 UTC,2.7363,7.50
1785580500000,2026-08-01 10:35:00 UTC,2.7363,7.50
1785580560000,2026-08-01 10:36:00 UTC,2.7363,7.50
1785580620000,2026-08-01 10:37:00 UTC,2.7363,7.50
1785580680000,2026-08-01 10:38:00 UTC,2.7363,7.50
1785580740000,2026-08-01 10:39:00 UTC,2.7363,7.50
1785580800000,2026-08-01 10:40:00 UTC,2.7363,7.50
1785580860000,2026-08-01 10:41:00 UTC,2.7363,7.50
1785580920000,2026-08-01 10:42:00 UTC,2.7363,7.50
1785580980000,2026-08-01 10:43:00 UTC,2.7363,7.50
1785581040000,2026-08-01 10:44:00 UTC,2.7363,7.50
1785581100000,2026-08-01 10:45:00 UTC,2.7363,7.50
1785581160000,2026-08-01 10:46:00 UTC,2.7363,7.50
1785581220000,2026-08-01 10:47:00 UTC,2.7363,7.50
1785581280000,2026-08-01 10:48:00 UTC,2.7363,7.50
1785581340000,2026-08-01 10:49:00 UTC,2.7363,7.50
1785581400000,2026-08-01 10:50:00 UTC,2.7363,7.50
1785581460000,2026-08-01 10:51:00 UTC,2.7363,7.50
1785581520000,2026-08-01 10:52:00 UTC,2.7363,7.50
1785581580000,2026-08-01 10:53:00 UTC,2.7363,7.50
1785581640000,2026-08-01 10:54:00 UTC,2.7363,7.50
1785581700000,2026-08-01 10:55:00 UTC,2.7363,7.50
1785581760000,2026-08-01 10:56:00 UTC,2.7363,7.50
1785581820000,2026-08-01 10:57:00 UTC,2.7363,7.50
1785581880000,2026-08-01 10:58:00 UTC,2.7363,7.50
1785581940000,2026-08-01 10:59:00 UTC,2.7363,7.50
1785582000000,2026-08-01 11:00:00 UTC,2.7363,7.50
1785582060000,2026-08-01 11:01:00 UTC,2.7363,7.50
1785582120000,2026-08-01 11:02:00 UTC,2.7363,7.50
1785582180000,2026-08-01 11:03:00 UTC,2.7363,7.50
1785582240000,2026-08-01 11:04:00 UTC,2.7363,7.50
1785582300000,2026-08-01 11:05:00 UTC,2.7363,7.50
1785582360000,2026-08-01 11:06:00 UTC,2.7363,7.50
1785582420000,2026-08-01 11:07:00 UTC,2.7363,7.50
1785582480000,2026-08-01 11:08:00 UTC,2.7363,7.50
1785582540000,2026-08-01 11:09:00 UTC,2.7363,7.50
1785582600000,2026-08-01 11:10:00 UTC,2.7363,7.50
1785582660000,2026-08-01 11:11:00 UTC,2.7363,7.50
1785582720000,2026-08-01 11:12:00 UTC,2.7363,7.50
1785582780000,2026-08-01 11:13:00 UTC,2.7363,7.50
1785582840000,2026-08-01 11:14:00 UTC,2.7363,7.50
1785582900000,2026-08-01 11:15:00 UTC,2.7363,7.50
1785582960000,2026-08-01 11:16:00 UTC,2.7363,7.50
1785583020000,2026-08-01 11:17:00 UTC,2.7363,7.50
1785583080000,2026-08-01 11:18:00 UTC,2.7363,7.50
1785583140000,2026-08-01 11:19:00 UTC,2.7363,7.50
1785583200000,2026-08-01 11:20:00 UTC,2.7363,7.50
1785583260000,2026-08-01 11:21:00 UTC,2.7363,7.50
1785583320000,2026-08-01 11:22:00 UTC,2.7363,7.50
1785583380000,2026-08-01 11:23:00 UTC,2.7363,7.50
1785583440000,2026-08-01 11:24:00 UTC,2.7363,7.50
1785583500000,2026-08-01 11:25:00 UTC,2.7363,7.50
1785583560000,2026-08-01 11:26:00 UTC,2.7363,7.50
1785583620000,2026-08-01 11:27:00 UTC,2.7363,7.50
1785583680000,2026-08-01 11:28:00 UTC,2.7363,7.50
1785583740000,2026-08-01 11:29:00 UTC,2.7363,7.50
1785583800000,2026-08-01 11:30:00 UTC,2.7363,7.50
1785583860000,2026-08-01 11:31:00 UTC,2.7363,7.50
1785583920000,2026-08-01 11:32:00 UTC,2.7363,7.50
1785583980000,2026-08-01 11:33:00 UTC,2.7363,7.50
1785584040000,2026-08-01 11:34:00 UTC,2.7363,7.50
1785584100000,2026-08-01 11:35:00 UTC,2.7363,7.50
1785584160000,2026-08-01 11:36:00 UTC,2.7363,7.50
1785584220000,2026-08-01 11:37:00 UTC,2.7363,7.50
1785584280000,2026-08-01 11:38:00 UTC,2.7363,7.50
1785584340000,2026-08-01 11:39:00 UTC,2.7363,7.50
1785584400000,2026-08-01 11:40:00 UTC,2.7363,7.50
1785584460000,2026-08-01 11:41:00 UTC,2.7363,7.50
1785584520000,2026-08-01 11:42:00 UTC,2.7363,7.50
1785584580000,2026-08-01 11:43:00 UTC,2.7363,7.50
1785584640000,2026-08-01 11:44:00 UTC,2.7363,7.50
1785584700000,2026-08-01 11:45:00 UTC,2.7363,7.50
1785584760000,2026-08-01 11:46:00 UTC,2.7363,7.50
1785584820000,2026-08-01 11:47:00 UTC,2.7363,7.50
1785584880000,2026-08-01 11:48:00 UTC,2.7363,7.50
1785584940000,2026-08-01 11:49:00 UTC,2.7363,7.50
1785585000000,2026-08-01 11:50:00 UTC,2.7363,7.50
1785585060000,2026-08-01 11:51:00 UTC,2.7363,7.50
1785585120000,2026-08-01 11:52:00 UTC,2.7363,7.50
1785585180000,2026-08-01 11:53:00 UTC,2.7363,7.50
1785585240000,2026-08-01 11:54:00 UTC,2.7363,7.50
1785585300000,2026-08-01 11:55:00 UTC,2.7363,7.50
1785585360000,2026-08-01 11:56:00 UTC,2.7363,7.50
1785585420000,2026-08-01 11:57:00 UTC,2.7363,7.50
1785585480000,2026-08-01 11:58:00 UTC,2.7363,7.50
1785585540000,2026-08-01 11:59:00 UTC,2.7363,7.50
1785585600000,2026-08-01 12:00:00 UTC,2.7363,7.50
1785585660000,2026-08-01 12:01:00 UTC,2.7363,7.50
1785585720000,2026-08-01 12:02:00 UTC,2.7363,7.50
1785585780000,2026-08-01 12:03:00 UTC,2.7363,7.50
1785585840000,2026-08-01 12:04:00 UTC,2.7363,7.50
1785585900000,2026-08-01 12:05:00 UTC,2.7363,7.50
1785585960000,2026-08-01 12:06:00 UTC,2.7363,7.50
1785586020000,2026-08-01 12:07:00 UTC,2.7363,7.50
1785586080000,2026-08-01 12:08:00 UTC,2.7363,7.50
1785586140000,2026-08-01 12:09:00 UTC,2.7363,7.50
1785586200000,2026-08-01 12:10:00 UTC,2.7363,7.50
1785586260000,2026-08-01 12:11:00 UTC,2.7363,7.50
1785586320000,2026-08-01 12:12:00 UTC,2.7363,7.50
1785586380000,2026-08-01 12:13:00 UTC,2.7363,7.50
1785586440000,2026-08-01 12:14:00 UTC,2.7363,7.50
1785586500000,2026-08-01 12:15:00 UTC,2.7363,7.50
1785586560000,2026-08-01 12:16:00 UTC,2.7363,7.50
1785586620000,2026-08-01 12:17:00 UTC,2.7363,7.50
1785586680000,2026-08-01 12:18:00 UTC,2.7363,7.50
1785586740000,2026-08-01 12:19:00 UTC,2.7363,7.50
1785586800000,2026-08-01 12:20:00 UTC,2.7363,7.50
1785586860000,2026-08-01 12:21:00 UTC,2.7363,7.50
1785586920000,2026-08-01 12:22:00 UTC,2.7363,7.50
1785586980000,2026-08-01 12:23:00 UTC,2.7363,7.50
1785587040000,2026-08-01 12:24:00 UTC,2.7363,7.50
1785587100000,2026-08-01 12:25:00 UTC,2.7363,7.50
1785587160000,2026-08-01 12:26:00 UTC,2.7363,7.50
1785587220000,2026-08-01 12:27:00 UTC,2.7363,7.50
1785587280000,2026-08-01 12:28:00 UTC,2.7363,7.50
1785587340000,2026-08-01 12:29:00 UTC,2.7363,7.50
1785587400000,2026-08-01 12:30:00 UTC,2.7363,7.50
1785587460000,2026-08-01 12:31:00 UTC,2.7363,7.50
1785587520000,2026-08-01 12:32:00 UTC,2.7363,7.50
1785587580000,2026-08-01 12:33:00 UTC,2.7363,7.50
1785587640000,2026-08-01 12:34:00 UTC,2.7363,7.50
1785587700000,2026-08-01 12:35:00 UTC,2.7363,7.50
1785587760000,2026-08-01 12:36:00 UTC,2.7363,7.50
1785587820000,2026-08-01 12:37:00 UTC,2.7363,7.50
1785587880000,2026-08-01 12:38:00 UTC,2.7363,7.50
1785587940000,2026-08-01 12:39:00 UTC,2.7363,7.50
1785588000000,2026-08-01 12:40:00 UTC,2.7363,7.50
1785588060000,2026-08-01 12:41:00 UTC,2.7363,7.50
1785588120000,2026-08-01 12:42:00 UTC,2.7363,7.50
1785588180000,2026-08-01 12:43:00 UTC,2.7363,7.50
1785588240000,2026-08-01 12:44:00 UTC,2.7363,7.50
1785588300000,2026-08-01 12:45:00 UTC,2.7363,7.50
1785588360000,2026-08-01 12:46:00 UTC,2.7363,7.50
1785588420000,2026-08-01 12:47:00 UTC,2.7363,7.50
1785588480000,2026-08-01 12:48:00 UTC,2.7363,7.50
1785588540000,2026-08-01 12:49:00 UTC,2.7363,7.50
1785588600000,2026-08-01 12:50:00 UTC,2.7363,7.50
1785588660000,2026-08-01 12:51:00 UTC,2.7363,7.50
1785588720000,2026-08-01 12:52:00 UTC,2.7363,7.50
1785588780000,2026-08-01 12:53:00 UTC,2.7363,7.50
1785588840000,2026-08-01 12:54:00 UTC,2.7363,7.50
1785588900000,2026-08-01 12:55:00 UTC,2.7363,7.50
1785588960000,2026-08-01 12:56:00 UTC,2.7363,7.50
1785589020000,2026-08-01 12:57:00 UTC,2.7363,7.50
1785589080000,2026-08-01 12:58:00 UTC,2.7363,7.50
1785589140000,2026-08-01 12:59:00 UTC,2.7363,7.50
1785589200000,2026-08-01 13:00:00 UTC,2.7363,7.50
1785589260000,2026-08-01 13:01:00 UTC,2.7363,7.50
1785589320000,2026-08-01 13:02:00 UTC,2.7363,7.50
1785589380000,2026-08-01 13:03:00 UTC,2.7363,7.50
1785589440000,2026-08-01 13:04:00 UTC,2.7363,7.50
1785589500000,2026-08-01 13:05:00 UTC,2.7363,7.50
1785589560000,2026-08-01 13:06:00 UTC,2.7363,7.50
1785589620000,2026-08-01 13:07:00 UTC,2.7363,7.50
1785589680000,2026-08-01 13:08:00 UTC,2.7363,7.50
1785589740000,2026-08-01 13:09:00 UTC,2.7363,7.50
1785589800000,2026-08-01 13:10:00 UTC,2.7363,7.50
1785589860000,2026-08-01 13:11:00 UTC,2.7363,7.50
1785589920000,2026-08-01 13:12:00 UTC,2.7363,7.50
1785589980000,2026-08-01 13:13:00 UTC,2.7363,7.50
1785590040000,2026-08-01 13:14:00 UTC,2.7363,7.50
1785590100000,2026-08-01 13:15:00 UTC,2.7363,7.50
1785590160000,2026-08-01 13:16:00 UTC,2.7363,7.50
1785590220000,2026-08-01 13:17:00 UTC,2.7363,7.50
1785590280000,2026-08-01 13:18:00 UTC,2.7363,7.50
1785590340000,2026-08-01 13:19:00 UTC,2.7363,7.50
1785590400000,2026-08-01 13:20:00 UTC,2.7363,7.50
1785590460000,2026-08-01 13:21:00 UTC,2.7363,7.50
1785590520000,2026-08-01 13:22:00 UTC,2.7363,7.50
1785590580000,2026-08-01 13:23:00 UTC,2.7363,7.50
1785590640000,2026-08-01 13:24:00 UTC,2.7363,7.50
1785590700000,2026-08-01 13:25:00 UTC,2.7363,7.50
1785590760000,2026-08-01 13:26:00 UTC,2.7363,7.50
1785590820000,2026-08-01 13:27:00 UTC,2.7363,7.50
1785590880000,2026-08-01 13:28:00 UTC,2.7363,7.50
1785590940000,2026-08-01 13:29:00 UTC,2.7363,7.50
1785591000000,2026-08-01 13:30:00 UTC,2.7363,7.50
1785591060000,2026-08-01 13:31:00 UTC,2.7363,7.50
1785591120000,2026-08-01 13:32:00 UTC,2.7363,7.50
1785591180000,2026-08-01 13:33:00 UTC,2.7363,7.50
1785591240000,2026-08-01 13:34:00 UTC,2.7363,7.50
1785591300000,2026-08-01 13:35:00 UTC,2.7363,7.50
1785591360000,2026-08-01 13:36:00 UTC,2.7363,7.50
1785591420000,2026-08-01 13:37:00 UTC,2.7363,7.50
1785591480000,2026-08-01 13:38:00 UTC,2.7363,7.50
1785591540000,2026-08-01 13:39:00 UTC,2.7363,7.50
1785591600000,2026-08-01 13:40:00 UTC,2.7363,7.50
1785591660000,2026-08-01 13:41:00 UTC,2.7363,7.50
1785591720000,2026-08-01 13:42:00 UTC,2.7363,7.50
1785591780000,2026-08-01 13:43:00 UTC,2.7363,7.50
1785591840000,2026-08-01 13:44:00 UTC,2.7363,7.50
1785591900000,2026-08-01 13:45:00 UTC,2.7363,7.50
1785591960000,2026-08-01 13:46:00 UTC,2.7363,7.50
1785592020000,2026-08-01 13:47:00 UTC,2.7363,7.50
1785592080000,2026-08-01 13:48:00 UTC,2.7363,7.50
1785592140000,2026-08-01 13:49:00 UTC,2.7363,7.50
1785592200000,2026-08-01 13:50:00 UTC,2.7363,7.50
1785592260000,2026-08-01 13:51:00 UTC,2.7363,7.50
1785592320000,2026-08-01 13:52:00 UTC,2.7363,7.50
1785592380000,2026-08-01 13:53:00 UTC,2.7363,7.50
1785592440000,2026-08-01 13:54:00 UTC,2.7363,7.50
1785592500000,2026-08-01 13:55:00 UTC,2.7363,7.50
1785592560000,2026-08-01 13:56:00 UTC,2.7363,7.50
1785592620000,2026-08-01 13:57:00 UTC,2.7363,7.50
1785592680000,2026-08-01 13:58:00 UTC,2.7363,7.50
1785592740000,2026-08-01 13:59:00 UTC,2.7363,7.50
1785592800000,2026-08-01 14:00:00 UTC,2.7363,7.50
1785592860000,2026-08-01 14:01:00 UTC,2.7363,7.50
1785592920000,2026-08-01 14:02:00 UTC,2.6642,9.94
1785666960000,2026-08-02 10:36:00 UTC,2.6642,9.94
1785667020000,2026-08-02 10:37:00 UTC,2.6642,9.94
1785667080000,2026-08-02 10:38:00 UTC,2.6642,9.94
1785667140000,2026-08-02 10:39:00 UTC,2.6642,9.94
1785667200000,2026-08-02 10:40:00 UTC,2.6642,9.94
1785667260000,2026-08-02 10:41:00 UTC,2.6642,9.94
1785667320000,2026-08-02 10:42:00 UTC,2.6642,9.94
1785667380000,2026-08-02 10:43:00 UTC,2.6642,9.94
1785667440000,2026-08-02 10:44:00 UTC,2.6642,9.94
1785667500000,2026-08-02 10:45:00 UTC,2.6642,9.94
1785667560000,2026-08-02 10:46:00 UTC,2.6642,9.94
1785667620000,2026-08-02 10:47:00 UTC,2.6642,9.94
1785667680000,2026-08-02 10:48:00 UTC,2.6642,9.94
1785667740000,2026-08-02 10:49:00 UTC,2.6642,9.94
1785667800000,2026-08-02 10:50:00 UTC,2.6642,9.94
1785667860000,2026-08-02 10:51:00 UTC,2.6642,9.94
1785667920000,2026-08-02 10:52:00 UTC,2.6642,9.94
1785667980000,2026-08-02 10:53:00 UTC,2.6642,9.94
1785668040000,2026-08-02 10:54:00 UTC,2.6642,9.94
1785668100000,2026-08-02 10:55:00 UTC,2.6642,9.94
1785668160000,2026-08-02 10:56:00 UTC,2.6642,9.94
1785668220000,2026-08-02 10:57:00 UTC,2.6642,9.94
1785668280000,2026-08-02 10:58:00 UTC,2.6642,9.94
1785668340000,2026-08-02 10:59:00 UTC,2.6642,9.94
1785668400000,2026-08-02 11:00:00 UTC,2.6642,9.94
1785668460000,2026-08-02 11:01:00 UTC,2.6642,9.94
1785668520000,2026-08-02 11:02:00 UTC,2.6642,9.94
1785668580000,2026-08-02 11:03:00 UTC,2.6642,9.94
1785668640000,2026-08-02 11:04:00 UTC,2.6642,9.94
1785668700000,2026-08-02 11:05:00 UTC,2.6642,9.94
1785668760000,2026-08-02 11:06:00 UTC,2.6642,9.94
1785668820000,2026-08-02 11:07:00 UTC,2.6642,9.94
1785668880000,2026-08-02 11:08:00 UTC,2.6642,9.94
1785668940000,2026-08-02 11:09:00 UTC,2.6642,9.94
1785669000000,2026-08-02 11:10:00 UTC,2.6642,9.94
1785669060000,2026-08-02 11:11:00 UTC,2.6642,9.94
1785669120000,2026-08-02 11:12:00 UTC,2.6642,9.94
1785669180000,2026-08-02 11:13:00 UTC,2.6642,9.94
1785669240000,2026-08-02 11:14:00 UTC,2.6642,9.94
1785669300000,2026-08-02 11:15:00 UTC,2.6642,9.94
1785669360000,2026-08-02 11:16:00 UTC,2.6642,9.94
1785669420000,2026-08-02 11:17:00 UTC,2.6642,9.94
1785669480000,2026-08-02 11:18:00 UTC,2.6642,9.94
1785669540000,2026-08-02 11:19:00 UTC,2.6642,9.94
1785669600000,2026-08-02 11:20:00 UTC,2.6642,9.94
1785669660000,2026-08-02 11:21:00 UTC,2.6642,9.94
1785669720000,2026-08-02 11:22:00 UTC,2.6642,9.94
1785669780000,2026-08-02 11:23:00 UTC,2.6642,9.94
1785669840000,2026-08-02 11:24:00 UTC,2.6642,9.94
1785669900000,2026-08-02 11:25:00 UTC,2.6642,9.94
1785669960000,2026-08-02 11:26:00 UTC,2.6642,9.94
1785670020000,2026-08-02 11:27:00 UTC,2.6642,9.94
1785670080000,2026-08-02 11:28:00 UTC,2.6642,9.94
1785670140000,2026-08-02 11:29:00 UTC,2.6642,9.94
1785670200000,2026-08-02 11:30:00 UTC,2.6642,9.94
1785670260000,2026-08-02 11:31:00 UTC,2.6642,9.94
1785670320000,2026-08-02 11:32:00 UTC,2.6642,9.94
1785670380000,2026-08-02 11:33:00 UTC,2.6642,9.94
1785670440000,2026-08-02 11:34:00 UTC,2.6642,9.94
1785670500000,2026-08-02 11:35:00 UTC,2.6642,9.94
1785670560000,2026-08-02 11:36:00 UTC,2.6642,9.94
1785670620000,2026-08-02 11:37:00 UTC,2.6642,9.94
1785670680000,2026-08-02 11:38:00 UTC,2.6642,9.94
1785670740000,2026-08-02 11:39:00 UTC,2.6642,9.94
1785670800000,2026-08-02 11:40:00 UTC,2.6642,9.94
1785670860000,2026-08-02 11:41:00 UTC,2.6642,9.94
1785670920000,2026-08-02 11:42:00 UTC,2.6642,9.94
1785670980000,2026-08-02 11:43:00 UTC,2.7489,7.07
1785673380000,2026-08-02 12:23:00 UTC,2.7489,7.07
1785673440000,2026-08-02 12:24:00 UTC,2.7489,7.07
1785673500000,2026-08-02 12:25:00 UTC,2.7489,7.07
1785673560000,2026-08-02 12:26:00 UTC,2.7489,7.07
1785673620000,2026-08-02 12:27:00 UTC,2.7489,7.07
1785673680000,2026-08-02 12:28:00 UTC,2.7489,7.07
1785673740000,2026-08-02 12:29:00 UTC,2.7489,7.07
1785673800000,2026-08-02 12:30:00 UTC,2.7489,7.07
1785673860000,2026-08-02 12:31:00 UTC,2.7489,7.07
1785673920000,2026-08-02 12:32:00 UTC,2.7489,7.07
1785673980000,2026-08-02 12:33:00 UTC,2.7489,7.07
1785674040000,2026-08-02 12:34:00 UTC,2.7489,7.07
1785674100000,2026-08-02 12:35:00 UTC,2.7489,7.07
1785674160000,2026-08-02 12:36:00 UTC,2.7489,7.07
1785674220000,2026-08-02 12:37:00 UTC,2.7489,7.07
1785674280000,2026-08-02 12:38:00 UTC,2.7489,7.07
1785674340000,2026-08-02 12:39:00 UTC,2.7489,7.07
1785674400000,2026-08-02 12:40:00 UTC,2.7489,7.07
1785674460000,2026-08-02 12:41:00 UTC,2.7489,7.07
1785674520000,2026-08-02 12:42:00 UTC,2.7489,7.07
1785674580000,2026-08-02 12:43:00 UTC,2.7489,7.07
1785674640000,2026-08-02 12:44:00 UTC,2.7489,7.07
1785674700000,2026-08-02 12:45:00 UTC,2.7489,7.07
1785674760000,2026-08-02 12:46:00 UTC,2.7489,7.07
1785674820000,2026-08-02 12:47:00 UTC,2.7489,7.07
1785674880000,2026-08-02 12:48:00 UTC,2.7489,7.07
1785674940000,2026-08-02 12:49:00 UTC,2.7489,7.07
1785675000000,2026-08-02 12:50:00 UTC,2.7489,7.07
1785675060000,2026-08-02 12:51:00 UTC,2.7489,7.07
1785675120000,2026-08-02 12:52:00 UTC,2.7489,7.07
1785675180000,2026-08-02 12:53:00 UTC,2.7489,7.07
1785675240000,2026-08-02 12:54:00 UTC,2.7489,7.07
1785675300000,2026-08-02 12:55:00 UTC,2.7489,7.07
1785675360000,2026-08-02 12:56:00 UTC,2.7489,7.07
1785675420000,2026-08-02 12:57:00 UTC,2.7489,7.07
1785675480000,2026-08-02 12:58:00 UTC,2.7489,7.07
1785675540000,2026-08-02 12:59:00 UTC,2.7489,7.07
1785675600000,2026-08-02 13:00:00 UTC,2.7489,7.07
1785675660000,2026-08-02 13:01:00 UTC,2.7489,7.07
1785675720000,2026-08-02 13:02:00 UTC,2.7489,7.07
1785675780000,2026-08-02 13:03:00 UTC,2.7489,7.07
1785675840000,2026-08-02 13:04:00 UTC,2.7489,7.07
1785675900000,2026-08-02 13:05:00 UTC,2.7489,7.07
1785675960000,2026-08-02 13:06:00 UTC,2.7489,7.07
1785676020000,2026-08-02 13:07:00 UTC,2.7489,7.07
1785676080000,2026-08-02 13:08:00 UTC,2.7489,7.07
1785676140000,2026-08-02 13:09:00 UTC,2.7489,7.07
1785676200000,2026-08-02 13:10:00 UTC,2.7489,7.07
1785676260000,2026-08-02 13:11:00 UTC,2.7489,7.07
1785676320000,2026-08-02 13:12:00 UTC,2.7489,7.07
1785676380000,2026-08-02 13:13:00 UTC,2.7489,7.07
1785676440000,2026-08-02 13:14:00 UTC,2.7489,7.07
1785676500000,2026-08-02 13:15:00 UTC,2.7489,7.07
1785676560000,2026-08-02 13:16:00 UTC,2.7489,7.07
1785676620000,2026-08-02 13:17:00 UTC,2.7489,7.07
1785676680000,2026-08-02 13:18:00 UTC,2.7489,7.07
1785676740000,2026-08-02 13:19:00 UTC,2.7489,7.07
1785676800000,2026-08-02 13:20:00 UTC,2.7489,7.07
1785676860000,2026-08-02 13:21:00 UTC,2.7489,7.07
1785676920000,2026-08-02 13:22:00 UTC,2.7489,7.07
1785676980000,2026-08-02 13:23:00 UTC,2.7489,7.07
1785677040000,2026-08-02 13:24:00 UTC,2.7489,7.07
1785677100000,2026-08-02 13:25:00 UTC,2.7489,7.07
1785677160000,2026-08-02 13:26:00 UTC,2.7489,7.07
1785677220000,2026-08-02 13:27:00 UTC,2.7489,7.07
1785677280000,2026-08-02 13:28:00 UTC,2.7489,7.07
1785677340000,2026-08-02 13:29:00 UTC,2.7489,7.07
1785677400000,2026-08-02 13:30:00 UTC,2.7489,7.07
1785677460000,2026-08-02 13:31:00 UTC,2.7489,7.07
1785677520000,2026-08-02 13:32:00 UTC,2.7489,7.07
1785677580000,2026-08-02 13:33:00 UTC,2.7489,7.07
1785677640000,2026-08-02 13:34:00 UTC,2.7489,7.07
1785677700000,2026-08-02 13:35:00 UTC,2.7489,7.07
1785677760000,2026-08-02 13:36:00 UTC,2.7489,7.07
1785677820000,2026-08-02 13:37:00 UTC,2.7489,7.07
1785677880000,2026-08-02 13:38:00 UTC,2.7489,7.07
1785677940000,2026-08-02 13:39:00 UTC,2.7489,7.07
1785678000000,2026-08-02 13:40:00 UTC,2.7489,7.07
1785678060000,2026-08-02 13:41:00 UTC,2.7489,7.07
1785678120000,2026-08-02 13:42:00 UTC,2.7489,7.07
1785678180000,2026-08-02 13:43:00 UTC,2.7489,7.07
1785678240000,2026-08-02 13:44:00 UTC,2.7489,7.07
1785678300000,2026-08-02 13:45:00 UTC,2.7489,7.07
1785678360000,2026-08-02 13:46:00 UTC,2.7489,7.07
1785678420000,2026-08-02 13:47:00 UTC,2.7489,7.07
1785678480000,2026-08-02 13:48:00 UTC,2.7489,7.07
1785678540000,2026-08-02 13:49:00 UTC,2.7489,7.07
1785678600000,2026-08-02 13:50:00 UTC,2.7489,7.07
1785678660000,2026-08-02 13:51:00 UTC,2.7489,7.07
1785678720000,2026-08-02 13:52:00 UTC,2.7489,7.07
1785678780000,2026-08-02 13:53:00 UTC,2.7489,7.07
1785678840000,2026-08-02 13:54:00 UTC,2.7489,7.07
1785678900000,2026-08-02 13:55:00 UTC,2.7489,7.07
1785678960000,2026-08-02 13:56:00 UTC,2.7489,7.07
1785679020000,2026-08-02 13:57:00 UTC,2.7489,7.07
1785679080000,2026-08-02 13:58:00 UTC,2.7489,7.07
1785679140000,2026-08-02 13:59:00 UTC,2.7489,7.07
1785679200000,2026-08-02 14:00:00 UTC,2.7489,7.07
1785679260000,2026-08-02 14:01:00 UTC,2.7489,7.07
1785679320000,2026-08-02 14:02:00 UTC,2.7489,7.07
1785679380000,2026-08-02 14:03:00 UTC,2.7489,7.07
1785679440000,2026-08-02 14:04:00 UTC,2.7489,7.07
1785679500000,2026-08-02 14:05:00 UTC,2.7489,7.07
1785679560000,2026-08-02 14:06:00 UTC,2.7489,7.07
1785679620000,2026-08-02 14:07:00 UTC,2.7489,7.07
1785679680000,2026-08-02 14:08:00 UTC,2.7489,7.07
1785679740000,2026-08-02 14:09:00 UTC,2.7489,7.07
1785679800000,2026-08-02 14:10:00 UTC,2.7489,7.07
1785679860000,2026-08-02 14:11:00 UTC,2.7489,7.07
1785679920000,2026-08-02 14:12:00 UTC,2.7489,7.07
1785679980000,2026-08-02 14:13:00 UTC,2.7489,7.07
1785680040000,2026-08-02 14:14:00 UTC,2.7489,7.07
1785680100000,2026-08-02 14:15:00 UTC,2.7489,7.07
1785680160000,2026-08-02 14:16:00 UTC,2.7489,7.07
1785680220000,2026-08-02 14:17:00 UTC,2.7489,7.07
1785680280000,2026-08-02 14:18:00 UTC,2.7489,7.07
1785680340000,2026-08-02 14:19:00 UTC,2.7489,7.07
1785680400000,2026-08-02 14:20:00 UTC,2.7489,7.07
1785680460000,2026-08-02 14:21:00 UTC,2.7489,7.07
1785680520000,2026-08-02 14:22:00 UTC,2.7489,7.07
1785680580000,2026-08-02 14:23:00 UTC,2.7489,7.07
1785680640000,2026-08-02 14:24:00 UTC,2.7489,7.07
1785680700000,2026-08-02 14:25:00 UTC,2.7489,7.07
1785680760000,2026-08-02 14:26:00 UTC,2.7489,7.07
1785680820000,2026-08-02 14:27:00 UTC,2.7489,7.07
1785680880000,2026-08-02 14:28:00 UTC,2.7489,7.07
1785680940000,2026-08-02 14:29:00 UTC,2.7489,7.07
1785681000000,2026-08-02 14:30:00 UTC,2.7489,7.07
1785681060000,2026-08-02 14:31:00 UTC,2.7489,7.07
1785681120000,2026-08-02 14:32:00 UTC,2.7489,7.07
1785681180000,2026-08-02 14:33:00 UTC,2.7489,7.07
1785681240000,2026-08-02 14:34:00 UTC,2.7489,7.07
1785681300000,2026-08-02 14:35:00 UTC,2.7489,7.07
1785681360000,2026-08-02 14:36:00 UTC,2.7489,7.07
1785681420000,2026-08-02 14:37:00 UTC,2.7489,7.07
1785681480000,2026-08-02 14:38:00 UTC,2.7489,7.07
1785681540000,2026-08-02 14:39:00 UTC,2.7489,7.07
1785681600000,2026-08-02 14:40:00 UTC,2.7489,7.07
1785681660000,2026-08-02 14:41:00 UTC,2.7489,7.07
1785681720000,2026-08-02 14:42:00 UTC,2.7489,7.07
1785681780000,2026-08-02 14:43:00 UTC,2.7489,7.07
1785681840000,2026-08-02 14:44:00 UTC,2.7489,7.07
1785681900000,2026-08-02 14:45:00 UTC,2.7489,7.07
1785681960000,2026-08-02 14:46:00 UTC,2.7489,7.07
1785682020000,2026-08-02 14:47:00 UTC,2.7489,7.07
1785682080000,2026-08-02 14:48:00 UTC,2.7489,7.07
1785682140000,2026-08-02 14:49:00 UTC,2.7489,7.07
1785682200000,2026-08-02 14:50:00 UTC,2.7489,7.07
1785682260000,2026-08-02 14:51:00 UTC,2.7489,7.07
1785682320000,2026-08-02 14:52:00 UTC,2.7489,7.07
1785682380000,2026-08-02 14:53:00 UTC,2.7489,7.07
1785682440000,2026-08-02 14:54:00 UTC,2.7489,7.07
1785682500000,2026-08-02 14:55:00 UTC,2.7489,7.07
1785682560000,2026-08-02 14:56:00 UTC,2.7489,7.07
1785682620000,2026-08-02 14:57:00 UTC,2.7489,7.07
1785682680000,2026-08-02 14:58:00 UTC,2.7489,7.07
1785682740000,2026-08-02 14:59:00 UTC,2.7489,7.07
1785682800000,2026-08-02 15:00:00 UTC,2.7489,7.07
1785682860000,2026-08-02 15:01:00 UTC,2.7489,7.07
1785682920000,2026-08-02 15:02:00 UTC,2.7489,7.07
1785682980000,2026-08-02 15:03:00 UTC,2.7489,7.07
1785683040000,2026-08-02 15:04:00 UTC,2.7489,7.07
1785683100000,2026-08-02 15:05:00 UTC,2.7489,7.07
1785683160000,2026-08-02 15:06:00 UTC,2.7489,7.07
1785683220000,2026-08-02 15:07:00 UTC,2.7489,7.07
1785683280000,2026-08-02 15:08:00 UTC,2.7489,7.07
1785683340000,2026-08-02 15:09:00 UTC,2.7489,7.07
1785683400000,2026-08-02 15:10:00 UTC,2.7489,7.07
1785683460000,2026-08-02 15:11:00 UTC,2.7489,7.07
1785683520000,2026-08-02 15:12:00 UTC,2.7489,7.07
1785683580000,2026-08-02 15:13:00 UTC,2.7489,7.07
1785683640000,2026-08-02 15:14:00 UTC,2.7489,7.07
1785683700000,2026-08-02 15:15:00 UTC,2.7489,7.07
1785683760000,2026-08-02 15:16:00 UTC,2.7489,7.07
1785683820000,2026-08-02 15:17:00 UTC,2.7489,7.07
1785683880000,2026-08-02 15:18:00 UTC,2.7489,7.07
1785683940000,2026-08-02 15:19:00 UTC,2.7489,7.07
1785684000000,2026-08-02 15:20:00 UTC,2.7489,7.07
1785684060000,2026-08-02 15:21:00 UTC,2.7489,7.07
1785684120000,2026-08-02 15:22:00 UTC,2.7489,7.07
1785684180000,2026-08-02 15:23:00 UTC,2.7489,7.07
1785684240000,2026-08-02 15:24:00 UTC,2.7489,7.07
1785684300000,2026-08-02 15:25:00 UTC,2.7489,7.07
1785684360000,2026-08-02 15:26:00 UTC,2.7489,7.07
1785684420000,2026-08-02 15:27:00 UTC,2.7489,7.07
1785684480000,2026-08-02 15:28:00 UTC,2.7489,7.07
1785684540000,2026-08-02 15:29:00 UTC,2.7489,7.07
1785684600000,2026-08-02 15:30:00 UTC,2.7489,7.07
1785684660000,2026-08-02 15:31:00 UTC,2.7489,7.07
1785684720000,2026-08-02 15:32:00 UTC,2.7489,7.07
1785684780000,2026-08-02 15:33:00 UTC,2.7489,7.07
1785684840000,2026-08-02 15:34:00 UTC,2.7489,7.07
1785684900000,2026-08-02 15:35:00 UTC,2.7489,7.07
1785684960000,2026-08-02 15:36:00 UTC,2.7489,7.07
1785685020000,2026-08-02 15:37:00 UTC,2.7489,7.07
1785685080000,2026-08-02 15:38:00 UTC,2.7489,7.07
1785685140000,2026-08-02 15:39:00 UTC,2.7489,7.07
1785685200000,2026-08-02 15:40:00 UTC,2.7489,7.07
1785685260000,2026-08-02 15:41:00 UTC,2.7489,7.07
1785685320000,2026-08-02 15:42:00 UTC,2.7489,7.07
1785685380000,2026-08-02 15:43:00 UTC,2.7489,7.07
1785685440000,2026-08-02 15:44:00 UTC,2.7489,7.07
1785685500000,2026-08-02 15:45:00 UTC,2.7489,7.07
1785685560000,2026-08-02 15:46:00 UTC,2.7489,7.07
1785685620000,2026-08-02 15:47:00 UTC,2.7489,7.07
1785685680000,2026-08-02 15:48:00 UTC,2.7489,7.07
1785685740000,2026-08-02 15:49:00 UTC,2.7489,7.07
1785685800000,2026-08-02 15:50:00 UTC,2.7489,7.07
1785685860000,2026-08-02 15:51:00 UTC,2.7489,7.07
1785685920000,2026-08-02 15:52:00 UTC,2.7489,7.07
1785685980000,2026-08-02 15:53:00 UTC,2.7489,7.07
1785686040000,2026-08-02 15:54:00 UTC,2.7489,7.07
1785686100000,2026-08-02 15:55:00 UTC,2.7489,7.07
1785686160000,2026-08-02 15:56:00 UTC,2.7489,7.07
1785686220000,2026-08-02 15:57:00 UTC,2.7489,7.07
1785686280000,2026-08-02 15:58:00 UTC,2.7489,7.07
1785686340000,2026-08-02 15:59:00 UTC,2.7489,7.07
1785686400000,2026-08-02 16:00:00 UTC,2.7489,7.07
1785686460000,2026-08-02 16:01:00 UTC,2.7489,7.07
1785686520000,2026-08-02 16:02:00 UTC,2.7489,7.07
1785686580000,2026-08-02 16:03:00 UTC,2.7489,7.07
1785686640000,2026-08-02 16:04:00 UTC,2.7489,7.07
1785686700000,2026-08-02 16:05:00 UTC,2.7489,7.07
1785686760000,2026-08-02 16:06:00 UTC,2.7489,7.07
1785686820000,2026-08-02 16:07:00 UTC,2.7489,7.07
1785686880000,2026-08-02 16:08:00 UTC,2.7489,7.07
1785686940000,2026-08-02 16:09:00 UTC,2.7489,7.07
1785687000000,2026-08-02 16:10:00 UTC,2.7489,7.07
1785687060000,2026-08-02 16:11:00 UTC,2.7489,7.07
1785687120000,2026-08-02 16:12:00 UTC,2.7489,7.07
1785687180000,2026-08-02 16:13:00 UTC,2.7489,7.07
1785687240000,2026-08-02 16:14:00 UTC,2.7489,7.07
1785687300000,2026-08-02 16:15:00 UTC,2.7489,7.07
1785687360000,2026-08-02 16:16:00 UTC,2.7489,7.07
1785687420000,2026-08-02 16:17:00 UTC,2.7489,7.07
1785687480000,2026-08-02 16:18:00 UTC,2.7489,7.07
1785687540000,2026-08-02 16:19:00 UTC,2.7489,7.07
1785687600000,2026-08-02 16:20:00 UTC,2.7489,7.07
1785687660000,2026-08-02 16:21:00 UTC,2.7489,7.07
1785687720000,2026-08-02 16:22:00 UTC,2.7489,7.07
1785687780000,2026-08-02 16:23:00 UTC,2.7489,7.07
1785687840000,2026-08-02 16:24:00 UTC,2.7489,7.07
1785687900000,2026-08-02 16:25:00 UTC,2.7489,7.07
1785687960000,2026-08-02 16:26:00 UTC,2.7489,7.07
1785688020000,2026-08-02 16:27:00 UTC,2.7489,7.07
1785688080000,2026-08-02 16:28:00 UTC,2.7489,7.07
1785688140000,2026-08-02 16:29:00 UTC,2.7489,7.07
1785688200000,2026-08-02 16:30:00 UTC,2.7489,7.07
1785688260000,2026-08-02 16:31:00 UTC,2.7489,7.07
1785688320000,2026-08-02 16:32:00 UTC,2.7489,7.07
1785688380000,2026-08-02 16:33:00 UTC,2.7489,7.07
1785688440000,2026-08-02 16:34:00 UTC,2.7489,7.07
1785688500000,2026-08-02 16:35:00 UTC,2.7489,7.07
1785688560000,2026-08-02 16:36:00 UTC,2.7489,7.07
1785688620000,2026-08-02 16:37:00 UTC,2.7489,7.07
1785688680000,2026-08-02 16:38:00 UTC,2.7489,7.07
1785688740000,2026-08-02 16:39:00 UTC,2.7489,7.07
1785688800000,2026-08-02 16:40:00 UTC,2.7489,7.07
1785688860000,2026-08-02 16:41:00 UTC,2.7302,7.70
1785744480000,2026-08-03 08:08:00 UTC,2.7302,7.70
1785744540000,2026-08-03 08:09:00 UTC,2.7302,7.70
1785744600000,2026-08-03 08:10:00 UTC,2.7302,7.70
1785744660000,2026-08-03 08:11:00 UTC,2.7302,7.70
1785744720000,2026-08-03 08:12:00 UTC,2.7302,7.70
1785744780000,2026-08-03 08:13:00 UTC,2.7302,7.70
1785744840000,2026-08-03 08:14:00 UTC,2.7302,7.70
1785744900000,2026-08-03 08:15:00 UTC,2.7302,7.70
1785744960000,2026-08-03 08:16:00 UTC,2.7302,7.70
1785745020000,2026-08-03 08:17:00 UTC,2.7302,7.70
1785745080000,2026-08-03 08:18:00 UTC,2.7302,7.70
1785745140000,2026-08-03 08:19:00 UTC,2.7302,7.70
1785745200000,2026-08-03 08:20:00 UTC,2.7302,7.70
1785745260000,2026-08-03 08:21:00 UTC,2.8284,4.38
1785747360000,2026-08-03 08:56:00 UTC,2.8284,4.38
1785747420000,2026-08-03 08:57:00 UTC,2.8284,4.38
1785747480000,2026-08-03 08:58:00 UTC,2.8284,4.38
1785747540000,2026-08-03 08:59:00 UTC,2.8284,4.38
1785747600000,2026-08-03 09:00:00 UTC,2.8284,4.38
1785747660000,2026-08-03 09:01:00 UTC,2.8284,4.38
1785747720000,2026-08-03 09:02:00 UTC,2.8284,4.38
1785747780000,2026-08-03 09:03:00 UTC,2.8284,4.38
1785747840000,2026-08-03 09:04:00 UTC,2.8284,4.38
1785747900000,2026-08-03 09:05:00 UTC,2.8284,4.38
1785747960000,2026-08-03 09:06:00 UTC,2.8284,4.38
1785748020000,2026-08-03 09:07:00 UTC,2.8284,4.38
1785748080000,2026-08-03 09:08:00 UTC,2.8284,4.38
1785748140000,2026-08-03 09:09:00 UTC,2.8284,4.38
1785748200000,2026-08-03 09:10:00 UTC,2.8284,4.38
1785748260000,2026-08-03 09:11:00 UTC,2.8284,4.38
1785748320000,2026-08-03 09:12:00 UTC,2.8284,4.38
1785748380000,2026-08-03 09:13:00 UTC,2.8284,4.38
1785748440000,2026-08-03 09:14:00 UTC,2.8284,4.38
1785748500000,2026-08-03 09:15:00 UTC,2.8284,4.38
1785748560000,2026-08-03 09:16:00 UTC,2.8284,4.38
1785748620000,2026-08-03 09:17:00 UTC,2.8284,4.38
1785748680000,2026-08-03 09:18:00 UTC,2.8284,4.38
1785748740000,2026-08-03 09:19:00 UTC,2.8284,4.38
1785748800000,2026-08-03 09:20:00 UTC,2.8284,4.38
1785748860000,2026-08-03 09:21:00 UTC,2.8284,4.38
1785748920000,2026-08-03 09:22:00 UTC,2.8284,4.38
1785748980000,2026-08-03 09:23:00 UTC,2.8284,4.38
1785749040000,2026-08-03 09:24:00 UTC,2.8284,4.38
1785749100000,2026-08-03 09:25:00 UTC,2.8284,4.38
1785749160000,2026-08-03 09:26:00 UTC,2.8284,4.38
1785749220000,2026-08-03 09:27:00 UTC,2.8284,4.38
1785749280000,2026-08-03 09:28:00 UTC,2.8284,4.38
1785749340000,2026-08-03 09:29:00 UTC,2.8284,4.38
1785749400000,2026-08-03 09:30:00 UTC,2.8284,4.38
1785749460000,2026-08-03 09:31:00 UTC,2.8284,4.38
1785749520000,2026-08-03 09:32:00 UTC,2.8284,4.38
1785749580000,2026-08-03 09:33:00 UTC,2.7121,8.32
1785759360000,2026-08-03 12:16:00 UTC,2.7121,8.32
1785759420000,2026-08-03 12:17:00 UTC,2.7121,8.32
1785759480000,2026-08-03 12:18:00 UTC,2.7121,8.32
1785759540000,2026-08-03 12:19:00 UTC,2.7121,8.32
1785759600000,2026-08-03 12:20:00 UTC,2.7121,8.32
1785759660000,2026-08-03 12:21:00 UTC,2.7121,8.32
1785759720000,2026-08-03 12:22:00 UTC,2.7121,8.32
1785759780000,2026-08-03 12:23:00 UTC,2.7121,8.32
1785759840000,2026-08-03 12:24:00 UTC,2.7121,8.32
1785759900000,2026-08-03 12:25:00 UTC,2.7121,8.32
1785759960000,2026-08-03 12:26:00 UTC,2.7121,8.32
1785760020000,2026-08-03 12:27:00 UTC,2.7121,8.32
1785760080000,2026-08-03 12:28:00 UTC,2.7121,8.32
1785760140000,2026-08-03 12:29:00 UTC,2.7121,8.32
1785760200000,2026-08-03 12:30:00 UTC,2.7121,8.32
1785760260000,2026-08-03 12:31:00 UTC,2.7121,8.32
1785760320000,2026-08-03 12:32:00 UTC,2.7121,8.32
1785760380000,2026-08-03 12:33:00 UTC,2.7121,8.32
1785760440000,2026-08-03 12:34:00 UTC,2.7121,8.32
1785760500000,2026-08-03 12:35:00 UTC,2.7121,8.32
1785760560000,2026-08-03 12:36:00 UTC,2.7121,8.32
1785760620000,2026-08-03 12:37:00 UTC,2.7121,8.32
1785760680000,2026-08-03 12:38:00 UTC,2.7121,8.32
1785760740000,2026-08-03 12:39:00 UTC,2.7121,8.32
1785760800000,2026-08-03 12:40:00 UTC,2.7121,8.32
1785760860000,2026-08-03 12:41:00 UTC,2.7121,8.32
1785760920000,2026-08-03 12:42:00 UTC,2.7121,8.32
1785760980000,2026-08-03 12:43:00 UTC,2.7121,8.32
1785761040000,2026-08-03 12:44:00 UTC,2.7121,8.32
1785761100000,2026-08-03 12:45:00 UTC,2.7121,8.32
1785761160000,2026-08-03 12:46:00 UTC,2.7121,8.32
1785761220000,2026-08-03 12:47:00 UTC,2.7121,8.32
1785761280000,2026-08-03 12:48:00 UTC,2.7121,8.32
1785761340000,2026-08-03 12:49:00 UTC,2.7121,8.32
1785761400000,2026-08-03 12:50:00 UTC,2.7121,8.32
1785761460000,2026-08-03 12:51:00 UTC,2.7121,8.32
1785761520000,2026-08-03 12:52:00 UTC,2.7121,8.32
1785761580000,2026-08-03 12:53:00 UTC,2.7121,8.32
1785761640000,2026-08-03 12:54:00 UTC,2.7121,8.32
1785761700000,2026-08-03 12:55:00 UTC,2.7121,8.32
1785761760000,2026-08-03 12:56:00 UTC,2.7121,8.32
1785761820000,2026-08-03 12:57:00 UTC,2.7121,8.32
1785761880000,2026-08-03 12:58:00 UTC,2.7121,8.32
1785761940000,2026-08-03 12:59:00 UTC,2.7121,8.32
1785762000000,2026-08-03 13:00:00 UTC,2.7121,8.32
1785762060000,2026-08-03 13:01:00 UTC,2.7121,8.32
1785762120000,2026-08-03 13:02:00 UTC,2.7121,8.32
1785762180000,2026-08-03 13:03:00 UTC,2.7121,8.32
1785762240000,2026-08-03 13:04:00 UTC,2.7121,8.32
1785762300000,2026-08-03 13:05:00 UTC,2.7121,8.32
1785762360000,2026-08-03 13:06:00 UTC,2.7121,8.32
1785762420000,2026-08-03 13:07:00 UTC,2.7121,8.32
1785762480000,2026-08-03 13:08:00 UTC,2.7121,8.32
1785762540000,2026-08-03 13:09:00 UTC,2.7121,8.32
1785762600000,2026-08-03 13:10:00 UTC,2.7121,8.32
1785762660000,2026-08-03 13:11:00 UTC,2.7121,8.32
1785762720000,2026-08-03 13:12:00 UTC,2.7121,8.32
1785762780000,2026-08-03 13:13:00 UTC,2.7121,8.32
1785762840000,2026-08-03 13:14:00 UTC,2.7121,8.32
1785762900000,2026-08-03 13:15:00 UTC,2.7121,8.32
1785762960000,2026-08-03 13:16:00 UTC,2.6411,10.72
1785764280000,2026-08-03 13:38:00 UTC,2.6411,10.72
1785764340000,2026-08-03 13:39:00 UTC,2.6411,10.72
1785764400000,2026-08-03 13:40:00 UTC,2.6411,10.72
1785764460000,2026-08-03 13:41:00 UTC,2.6411,10.72
1785764520000,2026-08-03 13:42:00 UTC,2.6411,10.72
1785764580000,2026-08-03 13:43:00 UTC,2.6411,10.72
1785764640000,2026-08-03 13:44:00 UTC,2.6411,10.72
1785764700000,2026-08-03 13:45:00 UTC,2.6411,10.72
1785764760000,2026-08-03 13:46:00 UTC,2.6411,10.72
1785764820000,2026-08-03 13:47:00 UTC,2.6411,10.72
1785764880000,2026-08-03 13:48:00 UTC,2.6411,10.72
1785764940000,2026-08-03 13:49:00 UTC,2.6411,10.72
1785765000000,2026-08-03 13:50:00 UTC,2.6411,10.72
1785765060000,2026-08-03 13:51:00 UTC,2.6411,10.72
1785765120000,2026-08-03 13:52:00 UTC,2.5192,14.84
1785922920000,2026-08-05 09:42:00 UTC,2.5192,14.84
1785922980000,2026-08-05 09:43:00 UTC,2.5192,14.84
1785923040000,2026-08-05 09:44:00 UTC,2.5192,14.84
1785923100000,2026-08-05 09:45:00 UTC,2.5192,14.84
1785923160000,2026-08-05 09:46:00 UTC,2.5192,14.84
1785923220000,2026-08-05 09:47:00 UTC,2.5192,14.84
1785923280000,2026-08-05 09:48:00 UTC,2.5192,14.84
1785923340000,2026-08-05 09:49:00 UTC,2.5192,14.84
1785923400000,2026-08-05 09:50:00 UTC,2.5192,14.84
1785923460000,2026-08-05 09:51:00 UTC,2.5192,14.84
1785923520000,2026-08-05 09:52:00 UTC,2.5192,14.84
1785923580000,2026-08-05 09:53:00 UTC,2.5192,14.84
1785923640000,2026-08-05 09:54:00 UTC,2.5192,14.84
1785923700000,2026-08-05 09:55:00 UTC,2.5192,14.84
1785923760000,2026-08-05 09:56:00 UTC,2.5192,14.84
1785923820000,2026-08-05 09:57:00 UTC,2.5192,14.84
1785923880000,2026-08-05 09:58:00 UTC,2.5192,14.84
1785923940000,2026-08-05 09:59:00 UTC,2.5192,14.84
1785924000000,2026-08-05 10:00:00 UTC,2.5192,14.84
1785924060000,2026-08-05 10:01:00 UTC,2.5192,14.84
1785924120000,2026-08-05 10:02:00 UTC,2.5192,14.84
1785924180000,2026-08-05 10:03:00 UTC,2.5192,14.84
1785924240000,2026-08-05 10:04:00 UTC,2.5192,14.84
1785924300000,2026-08-05 10:05:00 UTC,2.5192,14.84
1785924360000,2026-08-05 10:06:00 UTC,2.5192,14.84
1785924420000,2026-08-05 10:07:00 UTC,2.5192,14.84
1785924480000,2026-08-05 10:08:00 UTC,2.5192,14.84
1785924540000,2026-08-05 10:09:00 UTC,2.5192,14.84
1785924600000,2026-08-05 10:10:00 UTC,2.5192,14.84
1785924660000,2026-08-05 10:11:00 UTC,2.5192,14.84
1785924720000,2026-08-05 10:12:00 UTC,2.5192,14.84
1785924780000,2026-08-05 10:13:00 UTC,2.5192,14.84
1785924840000,2026-08-05 10:14:00 UTC,2.5192,14.84
1785924900000,2026-08-05 10:15:00 UTC,2.5192,14.84
1785924960000,2026-08-05 10:16:00 UTC,2.5192,14.84
1785925020000,2026-08-05 10:17:00 UTC,2.5192,14.84
1785925080000,2026-08-05 10:18:00 UTC,2.5192,14.84
1785925140000,2026-08-05 10:19:00 UTC,2.5192,14.84
1785925200000,2026-08-05 10:20:00 UTC,2.5192,14.84
1785925260000,2026-08-05 10:21:00 UTC,2.5192,14.84
1785925320000,2026-08-05 10:22:00 UTC,2.5192,14.84
1785925380000,2026-08-05 10:23:00 UTC,2.5192,14.84
1785925440000,2026-08-05 10:24:00 UTC,2.5192,14.84
1785925500000,2026-08-05 10:25:00 UTC,2.5192,14.84
1785925560000,2026-08-05 10:26:00 UTC,2.5192,14.84
1785925620000,2026-08-05 10:27:00 UTC,2.5192,14.84
1785925680000,2026-08-05 10:28:00 UTC,2.5192,14.84
1785925740000,2026-08-05 10:29:00 UTC,2.5192,14.84
1785925800000,2026-08-05 10:30:00 UTC,2.5192,14.84
1785925860000,2026-08-05 10:31:00 UTC,2.5192,14.84
1785925920000,2026-08-05 10:32:00 UTC,2.5192,14.84
1785925980000,2026-08-05 10:33:00 UTC,2.5192,14.84
1785926040000,2026-08-05 10:34:00 UTC,2.5192,14.84
1785926100000,2026-08-05 10:35:00 UTC,2.5192,14.84
1785926160000,2026-08-05 10:36:00 UTC,2.5192,14.84
1785926220000,2026-08-05 10:37:00 UTC,2.5192,14.84
1785926280000,2026-08-05 10:38:00 UTC,2.5192,14.84
1785926340000,2026-08-05 10:39:00 UTC,2.5192,14.84
1785926400000,2026-08-05 10:40:00 UTC,2.5192,14.84
1785926460000,2026-08-05 10:41:00 UTC,2.5192,14.84
1785926520000,2026-08-05 10:42:00 UTC,2.5192,14.84
1785926580000,2026-08-05 10:43:00 UTC,2.5192,14.84
1785926640000,2026-08-05 10:44:00 UTC,2.5192,14.84
1785926700000,2026-08-05 10:45:00 UTC,2.5192,14.84
1785926760000,2026-08-05 10:46:00 UTC,2.5192,14.84
1785926820000,2026-08-05 10:47:00 UTC,2.5192,14.84
1785926880000,2026-08-05 10:48:00 UTC,2.5192,14.84
1785926940000,2026-08-05 10:49:00 UTC,2.5192,14.84
1785927000000,2026-08-05 10:50:00 UTC,2.5192,14.84
1785927060000,2026-08-05 10:51:00 UTC,2.4469,17.28
