date,trades,wins,win_rate_pct,net_pnl,fees
2026-06-29,2,0,0.0,-0.2399,0.0613
2026-06-30,8,5,62.5,0.0353,0.2045
2026-07-01,3,1,33.3,-0.1599,0.0585
2026-07-02,8,5,62.5,0.2798,0.165
2026-07-03,8,6,75.0,0.3264,0.1502
2026-07-04,1,0,0.0,-0.1436,0.0352
2026-07-05,6,3,50.0,-0.1362,0.1424
2026-07-06,5,2,40.0,-0.1906,0.0995
2026-07-07,2,0,0.0,-0.1763,0.0426
2026-07-08,3,1,33.3,-0.1699,0.0595
2026-07-09,3,1,33.3,-0.1499,0.0597
2026-07-10,7,3,42.9,-0.1826,0.1375
2026-07-11,2,2,100.0,0.0839,0.037
2026-07-12,1,0,0.0,-0.0996,0.0216
2026-07-13,4,1,25.0,-0.1677,0.079
2026-07-14,8,4,50.0,0.1065,0.1401
2026-07-15,8,4,50.0,-0.1965,0.1539
2026-07-16,8,6,75.0,0.2407,0.1353
2026-07-17,1,0,0.0,-0.0861,0.0201
2026-07-18,1,0,0.0,-0.0855,0.0203
2026-07-19,1,0,0.0,-0.0827,0.0206
2026-07-20,1,0,0.0,-0.08,0.0205
2026-07-21,4,2,50.0,-0.1521,0.0792
2026-07-22,1,0,0.0,-0.0845,0.0212
2026-07-23,1,0,0.0,-0.0856,0.0212
2026-07-24,1,0,0.0,-0.0843,0.0208
2026-07-25,1,1,100.0,0.0222,0.0178
2026-07-26,1,0,0.0,-0.0846,0.0208
2026-07-27,1,0,0.0,-0.0851,0.0216
2026-07-28,1,0,0.0,-0.1099,0.0207
2026-07-29,1,0,0.0,-0.0888,0.0211
2026-07-30,1,0,0.0,-0.0909,0.0209
2026-07-31,5,4,80.0,0.1466,0.0883
2026-08-01,1,0,0.0,-0.0843,0.0205
2026-08-02,3,3,100.0,0.0925,0.0535
2026-08-03,3,2,66.7,-0.0518,0.0554
2026-08-04,3,2,66.7,-0.0371,0.056
2026-08-05,1,0,0.0,-0.1036,0.0206
2026-08-06,1,0,0.0,-0.0882,0.0209
2026-08-07,3,1,33.3,-0.0678,0.0569
2026-08-08,0,0,0.0,0.0,0.0
2026-08-09,1,0,0.0,-0.0848,0.0211
2026-08-10,3,2,66.7,0.1488,0.05
2026-08-11,0,0,0.0,0.0,0.0
2026-08-12,4,2,50.0,-0.0358,0.0747
2026-08-13,1,0,0.0,-0.0828,0.0208
2026-08-14,1,0,0.0,-0.0854,0.0206
2026-08-15,1,0,0.0,-0.0824,0.0207
2026-08-16,0,0,0.0,0.0,0.0
2026-08-17,1,0,0.0,-0.1145,0.0209
2026-08-18,3,1,33.3,-0.0571,0.0566
2026-08-19,1,0,0.0,-0.1037,0.0211
2026-08-20,1,0,0.0,-0.0812,0.0204
2026-08-21,5,3,60.0,0.0072,0.0953
2026-08-22,1,0,0.0,-0.1098,0.0219
2026-08-23,4,2,50.0,-0.0487,0.0781
2026-08-24,1,0,0.0,-0.0915,0.022
2026-08-25,1,0,0.0,-0.1079,0.0223
2026-08-26,1,0,0.0,-0.0923,0.0222
2026-08-27,5,2,40.0,-0.0195,0.089
2026-08-28,1,0,0.0,-0.093,0.0224
2026-08-29,1,1,100.0,0.1242,0.0154
2026-08-30,6,5,83.3,0.2413,0.1071
2026-08-31,1,0,0.0,-0.0876,0.022
2026-09-01,8,5,62.5,0.2337,0.1469
2026-09-02,7,3,42.9,-0.0511,0.1348
2026-09-03,1,0,0.0,-0.1189,0.0216
2026-09-04,4,2,50.0,-0.1248,0.0715
2026-09-05,1,0,0.0,-0.113,0.0221
2026-09-06,1,0,0.0,-0.1007,0.0225
2026-09-07,1,0,0.0,-0.0902,0.0224
2026-09-08,1,0,0.0,-0.0881,0.0223
2026-09-09,1,0,0.0,-0.0788,0.0201
2026-09-10,3,2,66.7,0.0281,0.0563
2026-09-11,1,1,100.0,0.0257,0.0193
2026-09-12,1,0,0.0,-0.0815,0.0203
2026-09-13,6,4,66.7,0.0891,0.113
2026-09-14,1,0,0.0,-0.0964,0.0202
2026-09-15,1,0,0.0,-0.0881,0.0223
2026-09-16,1,0,0.0,-0.0909,0.0216
2026-09-17,1,0,0.0,-0.0848,0.022
2026-09-18,1,0,0.0,-0.0876,0.0224
2026-09-19,2,1,50.0,0.014,0.0359
2026-09-20,1,0,0.0,-0.09,0.0206
2026-09-21,6,3,50.0,0.0691,0.1109
2026-09-22,1,0,0.0,-0.0872,0.0218
2026-09-23,1,0,0.0,-0.0858,0.022
2026-09-24,8,4,50.0,0.0312,0.1483
2026-09-25,5,3,60.0,0.0442,0.092
2026-09-26,1,0,0.0,-0.0964,0.0215
2026-09-27,0,0,0.0,0.0,0.0
