timestamp,side,session,module,M15 regime,M5 setup,M1 trigger,score,entry,entry type,qty,notional,margin,leverage,SL,TP1,TP2,exit reason,TP1 filled?,TP2 filled?,gross PnL,entry fee,TP1 fee,TP2 fee,SL fee,slippage,net PnL,realized R,holding time,equity before,equity after,DD,loss streak,risk multiplier,exit_time
2026-06-29 11:15:00 UTC,SHORT,LONDON,MODULE_C_EMA_PULLBACK,NEUTRAL,M5_BEAR_TREND,MODULE_C_EMA_PULLBACK,75,1571.99,MARKET_TAKER,0.02,31.4398,0.3144,100,1576.62,1566.22,1560.44,STOP_LOSS_HIT,NO,NO,-0.0928,0.0157,0.0,0.0,0.0157663,0.0004,-0.1243,-1.34,16,2.7109,2.5866,4.59,1,1.0,2026-06-29 11:31:00 UTC
2026-06-29 12:00:00 UTC,SHORT,LONDON,MODULE_A_SWEEP_RECLAIM,BEARISH,M5_BEAR_TREND,MODULE_A_SWEEP_RECLAIM,85,1570.96,MARKET_TAKER,0.019,29.8482,0.2985,100,1575.46,1565.36,1559.75,STOP_LOSS_HIT,NO,NO,-0.0857,0.0149,0.0,0.0,0.014966965,0.0004,-0.1156,-1.36,2,2.5866,2.471,8.85,2,1.0,2026-06-29 12:02:00 UTC
2026-06-30 08:14:00 UTC,SHORT,LONDON,MODULE_C_EMA_PULLBACK,BEARISH,M5_BULL_TREND,MODULE_C_EMA_PULLBACK,75,1588.64,MARKET_TAKER,0.013,20.6523,0.2065,100,1587.85,1582.24,1575.83,TAKE_PROFIT_2_HIT,YES,YES,0.1281,0.0103,0.001898688,0.002206162,0.0,0.0001,0.1137,1.7,199,2.471,2.5847,4.66,0,0.38,2026-06-30 11:33:00 UTC
2026-06-30 11:54:00 UTC,SHORT,LONDON,MODULE_E_M5_M1_HYBRID,BEARISH,M5_BEAR_TREND,MODULE_E_M5_M1_HYBRID,80,1577.73,MARKET_TAKER,0.019,29.9769,0.2998,100,1576.94,1571.06,1564.38,TAKE_PROFIT_2_HIT,YES,YES,0.1935,0.015,0.0028279079999999996,0.0031287600000000004,0.0,0.0002,0.1725,1.7,30,2.5847,2.7572,0.0,0,1.0,2026-06-30 12:24:00 UTC
2026-06-30 12:34:00 UTC,SHORT,LONDON,MODULE_C_EMA_PULLBACK,BEARISH,M5_BEAR_TREND,MODULE_C_EMA_PULLBACK,80,1561.44,MARKET_TAKER,0.021,32.7902,0.3279,100,1560.66,1552.5,1543.54,STOP_LOSS_HIT,YES,NO,0.106,0.0164,0.0034155,0.0,0.007803350000000001,0.0003,0.0784,0.52,34,2.7572,2.8356,0.0,0,1.0,2026-06-30 13:08:00 UTC
2026-06-30 13:31:00 UTC,SHORT,LONDON_NY_OVERLAP,MODULE_A_SWEEP_RECLAIM,BEARISH,M5_BEAR_TREND,MODULE_A_SWEEP_RECLAIM,85,1561.72,MARKET_TAKER,0.021,32.7961,0.328,100,1560.94,1556.14,1550.55,TAKE_PROFIT_2_HIT,YES,YES,0.1731,0.0164,0.0034235080000000005,0.0031011,0.0,0.0002,0.1502,1.6,7,2.8356,2.9858,0.0,0,1.0,2026-06-30 13:38:00 UTC
2026-06-30 13:49:00 UTC,SHORT,LONDON_NY_OVERLAP,MODULE_E_M5_M1_HYBRID,BEARISH,M5_BEAR_TREND,MODULE_E_M5_M1_HYBRID,70,1556.86,MARKET_TAKER,0.023,35.8078,0.3581,100,1561.47,1551.12,1545.36,STOP_LOSS_HIT,NO,NO,-0.1063,0.0179,0.0,0.0,0.01795702,0.0005,-0.1422,-1.34,2,2.9858,2.8436,4.76,1,1.0,2026-06-30 13:51:00 UTC
2026-06-30 14:36:00 UTC,SHORT,LONDON_NY_OVERLAP,MODULE_B_BREAKOUT,BEARISH,M5_BEAR_TREND,MODULE_B_BREAKOUT,80,1569.92,MARKET_TAKER,0.021,32.9683,0.3297,100,1569.14,1563.02,1556.11,STOP_LOSS_HIT,YES,NO,0.0836,0.0165,0.0034386440000000002,0.0,0.00784575,0.0003,0.0558,0.48,8,2.8436,2.8994,2.89,0,1.0,2026-06-30 14:44:00 UTC
2026-06-30 14:54:00 UTC,SHORT,LONDON_NY_OVERLAP,MODULE_C_EMA_PULLBACK,BEARISH,M5_BEAR_TREND,MODULE_C_EMA_PULLBACK,90,1561.59,MARKET_TAKER,0.022,34.355,0.3435,100,1572.91,1547.46,1533.31,STOP_LOSS_HIT,NO,NO,-0.2493,0.0172,0.0,0.0,0.01730212,0.0004,-0.2838,-1.14,51,2.8994,2.6156,12.4,1,1.0,2026-06-30 15:45:00 UTC
2026-06-30 16:01:00 UTC,SHORT,LONDON_NY_OVERLAP,MODULE_C_EMA_PULLBACK,BEARISH,M5_BEAR_TREND,MODULE_C_EMA_PULLBACK,80,1565.65,MARKET_TAKER,0.013,20.3534,0.2035,100,1572.48,1557.14,1548.62,STOP_LOSS_HIT,NO,NO,-0.0889,0.0102,0.0,0.0,0.010221185,0.0003,-0.1093,-1.23,53,2.6156,2.5063,16.06,2,0.25,2026-06-30 16:54:00 UTC
2026-07-01 08:01:00 UTC,SHORT,LONDON,MODULE_C_EMA_PULLBACK,BEARISH,M5_BEAR_TREND,MODULE_C_EMA_PULLBACK,90,1574.55,MARKET_TAKER,0.013,20.4691,0.2047,100,1580.76,1566.81,1559.06,STOP_LOSS_HIT,NO,NO,-0.0809,0.0102,0.0,0.0,0.010275005,0.0003,-0.1014,-1.26,57,2.5063,2.4049,19.46,3,0.19,2026-07-01 08:58:00 UTC
2026-07-01 10:11:00 UTC,SHORT,LONDON,MODULE_C_EMA_PULLBACK,BEARISH,M5_BEAR_TREND,MODULE_C_EMA_PULLBACK,90,1575.86,MARKET_TAKER,0.013,20.4862,0.2049,100,1575.07,1569.05,1562.22,STOP_LOSS_HIT,YES,NO,0.0463,0.0102,0.0018828600000000003,0.0,0.00551278,0.0002,0.0287,0.4,186,2.4049,2.4336,18.49,0,0.12,2026-07-01 13:17:00 UTC
2026-07-01 13:27:00 UTC,LONG,LONDON,MODULE_C_EMA_PULLBACK,BULLISH,M5_BEAR_TREND,MODULE_C_EMA_PULLBACK,65,1576.5,MARKET_TAKER,0.013,20.4945,0.2049,100,1571.37,1582.88,1589.28,STOP_LOSS_HIT,NO,NO,-0.0668,0.0102,0.0,0.0,0.01021384,0.0003,-0.0872,-1.31,3,2.4336,2.3464,21.41,1,0.25,2026-07-01 13:30:00 UTC
2026-07-02 08:07:00 UTC,LONG,LONDON,MODULE_C_EMA_PULLBACK,BULLISH,M5_BEAR_TREND,MODULE_C_EMA_PULLBACK,75,1619.95,MARKET_TAKER,0.013,21.0593,0.2106,100,1620.76,1627.7,1635.47,TAKE_PROFIT_2_HIT,YES,YES,0.1551,0.0105,0.00195324,0.002289658,0.0,0.0001,0.1404,1.74,84,2.3464,2.4868,16.71,0,0.25,2026-07-02 09:31:00 UTC
2026-07-02 09:47:00 UTC,LONG,LONDON,MODULE_C_EMA_PULLBACK,BULLISH,M5_BULL_TREND,MODULE_C_EMA_PULLBACK,80,1639.42,MARKET_TAKER,0.013,21.3125,0.2131,100,1640.24,1645.79,1652.16,TAKE_PROFIT_2_HIT,YES,YES,0.1274,0.0107,0.001974948,0.0023130240000000003,0.0,0.0001,0.1124,1.7,84,2.4868,2.5992,12.95,0,0.25,2026-07-02 11:11:00 UTC
2026-07-02 11:51:00 UTC,LONG,LONDON,MODULE_C_EMA_PULLBACK,BULLISH,M5_BULL_TREND,MODULE_C_EMA_PULLBACK,80,1649.16,MARKET_TAKER,0.013,21.4391,0.2144,100,1644.04,1655.54,1661.92,STOP_LOSS_HIT,NO,NO,-0.0667,0.0107,0.0,0.0,0.010686194999999999,0.0003,-0.0881,-1.33,5,2.5992,2.5111,15.9,1,0.25,2026-07-02 11:56:00 UTC
2026-07-02 12:13:00 UTC,LONG,LONDON,MODULE_C_EMA_PULLBACK,BULLISH,M5_BULL_TREND,MODULE_C_EMA_PULLBACK,90,1652.66,MARKET_TAKER,0.013,21.4846,0.2148,100,1653.49,1660.31,1667.96,TAKE_PROFIT_2_HIT,YES,YES,0.153,0.0107,0.001992372,0.002335144,0.0,0.0001,0.138,1.73,17,2.5111,2.6491,11.28,0,0.25,2026-07-02 12:30:00 UTC
2026-07-02 12:42:00 UTC,LONG,LONDON,MODULE_C_EMA_PULLBACK,BULLISH,M5_BULL_TREND,MODULE_C_EMA_PULLBACK,80,1659.71,MARKET_TAKER,0.013,21.5762,0.2158,100,1660.54,1673.23,1686.77,TAKE_PROFIT_2_HIT,YES,YES,0.2705,0.0108,0.002007876,0.002361478,0.0,0.0001,0.2553,1.81,43,2.6491,2.9044,2.73,0,0.5,2026-07-02 13:25:00 UTC
2026-07-02 13:46:00 UTC,LONG,LONDON_NY_OVERLAP,MODULE_C_EMA_PULLBACK,BULLISH,M5_BULL_TREND,MODULE_C_EMA_PULLBACK,80,1707.68,MARKET_TAKER,0.02,34.1536,0.3415,100,1708.53,1718.8,1729.94,STOP_LOSS_HIT,YES,NO,0.1196,0.0171,0.0034376,0.0,0.008542600000000001,0.0003,0.0905,0.51,17,2.9044,2.9949,0.0,0,1.0,2026-07-02 14:03:00 UTC
2026-07-02 14:15:00 UTC,LONG,LONDON_NY_OVERLAP,MODULE_C_EMA_PULLBACK,BULLISH,M5_BULL_TREND,MODULE_C_EMA_PULLBACK,80,1716.01,MARKET_TAKER,0.02,34.3202,0.3432,100,1704.16,1730.8,1745.59,STOP_LOSS_HIT,NO,NO,-0.2372,0.0172,0.0,0.0,0.017041500000000005,0.0004,-0.2714,-1.15,5,2.9949,2.7235,9.06,1,1.0,2026-07-02 14:20:00 UTC
2026-07-02 14:36:00 UTC,LONG,LONDON_NY_OVERLAP,MODULE_A_SWEEP_RECLAIM,BULLISH,M5_BULL_TREND,MODULE_A_SWEEP_RECLAIM,75,1701.52,MARKET_TAKER,0.012,20.4182,0.2042,100,1695.12,1709.5,1717.49,STOP_LOSS_HIT,NO,NO,-0.0769,0.0102,0.0,0.0,0.01017066,0.0002,-0.0973,-1.27,5,2.7235,2.6262,12.31,2,0.5,2026-07-02 14:41:00 UTC
2026-07-03 08:31:00 UTC,LONG,LONDON,MODULE_C_EMA_PULLBACK,BULLISH,M5_BULL_TREND,MODULE_C_EMA_PULLBACK,80,1719.71,MARKET_TAKER,0.012,20.6365,0.2064,100,1720.57,1726.06,1732.41,TAKE_PROFIT_2_HIT,YES,YES,0.1143,0.0103,0.0020712720000000003,0.002078892,0.0,0.0001,0.0998,1.64,12,2.6262,2.726,8.98,0,0.19,2026-07-03 08:43:00 UTC
2026-07-03 09:04:00 UTC,LONG,LONDON,MODULE_E_M5_M1_HYBRID,BULLISH,M5_BULL_TREND,MODULE_E_M5_M1_HYBRID,80,1722.68,MARKET_TAKER,0.012,20.6722,0.2067,100,1723.54,1731.42,1740.17,TAKE_PROFIT_2_HIT,YES,YES,0.1574,0.0103,0.0020777040000000005,0.002088204,0.0,0.0001,0.1429,1.7,94,2.726,2.8689,4.21,0,0.5,2026-07-03 10:38:00 UTC
2026-07-03 10:49:00 UTC,LONG,LONDON,MODULE_C_EMA_PULLBACK,BULLISH,M5_BULL_TREND,MODULE_C_EMA_PULLBACK,80,1746.32,MARKET_TAKER,0.019,33.1801,0.3318,100,1736.93,1758.04,1769.77,STOP_LOSS_HIT,NO,NO,-0.1786,0.0166,0.0,0.0,0.01650074,0.0004,-0.2117,-1.19,11,2.8689,2.6572,11.28,1,1.0,2026-07-03 11:00:00 UTC
2026-07-03 11:22:00 UTC,LONG,LONDON,MODULE_C_EMA_PULLBACK,BULLISH,M5_BULL_TREND,MODULE_C_EMA_PULLBACK,90,1745.11,MARKET_TAKER,0.012,20.9413,0.2094,100,1739.69,1751.86,1758.61,STOP_LOSS_HIT,NO,NO,-0.0652,0.0105,0.0,0.0,0.01043808,0.0002,-0.0861,-1.33,18,2.6572,2.5711,14.15,2,0.5,2026-07-03 11:40:00 UTC
2026-07-03 13:21:00 UTC,LONG,LONDON,MODULE_C_EMA_PULLBACK,BULLISH,M5_BULL_TREND,MODULE_C_EMA_PULLBACK,80,1741.89,MARKET_TAKER,0.012,20.9027,0.209,100,1742.76,1750.0,1758.12,STOP_LOSS_HIT,YES,NO,0.0538,0.0105,0.0021000000000000003,0.0,0.00522825,0.0002,0.036,0.46,39,2.5711,2.6071,12.95,0,0.19,2026-07-03 14:00:00 UTC
2026-07-03 14:40:00 UTC,LONG,LONDON_NY_OVERLAP,MODULE_E_M5_M1_HYBRID,BULLISH,M5_BULL_TREND,MODULE_E_M5_M1_HYBRID,80,1735.37,MARKET_TAKER,0.012,20.8244,0.2082,100,1736.24,1743.8,1752.24,STOP_LOSS_HIT,YES,NO,0.0557,0.0104,0.00209256,0.0,0.00520869,0.0002,0.038,0.47,42,2.6071,2.6451,11.68,0,0.25,2026-07-03 15:22:00 UTC
2026-07-03 16:22:00 UTC,LONG,LONDON_NY_OVERLAP,MODULE_C_EMA_PULLBACK,BULLISH,M5_BEAR_TREND,MODULE_C_EMA_PULLBACK,75,1733.02,MARKET_TAKER,0.012,20.7962,0.208,100,1733.89,1741.03,1749.06,TAKE_PROFIT_2_HIT,YES,YES,0.1443,0.0104,0.002089236,0.0020988720000000003,0.0,0.0001,0.1297,1.68,191,2.6451,2.7748,7.35,0,0.5,2026-07-03 19:33:00 UTC
2026-07-03 20:07:00 UTC,LONG,NEW_YORK,MODULE_E_M5_M1_HYBRID,BULLISH,M5_BULL_TREND,MODULE_E_M5_M1_HYBRID,95,1749.92,MARKET_TAKER,0.014,24.4989,0.245,100,1750.79,1759.2,1768.49,TAKE_PROFIT_2_HIT,YES,YES,0.1949,0.0122,0.00246288,0.0024758860000000005,0.0,0.0001,0.1778,1.71,29,2.7748,2.9526,1.41,0,0.75,2026-07-03 20:36:00 UTC
2026-07-04 08:37:00 UTC,LONG,LONDON,MODULE_C_EMA_PULLBACK,BULLISH,M5_BULL_TREND,MODULE_C_EMA_PULLBACK,90,1761.8,MARKET_TAKER,0.02,35.236,0.3524,100,1756.39,1768.55,1775.3,STOP_LOSS_HIT,NO,NO,-0.1084,0.0176,0.0,0.0,0.0175638,0.0004,-0.1436,-1.33,60,2.9526,2.809,6.21,1,1.0,2026-07-04 09:37:00 UTC
2026-07-05 08:10:00 UTC,SHORT,LONDON,MODULE_C_EMA_PULLBACK,BEARISH,M5_BULL_TREND,MODULE_C_EMA_PULLBACK,65,1767.27,MARKET_TAKER,0.014,24.7418,0.2474,100,1766.39,1760.24,1753.21,TAKE_PROFIT_2_HIT,YES,YES,0.1476,0.0124,0.002464336,0.002454494,0.0,0.0001,0.1303,1.65,89,2.809,2.9393,1.86,0,0.75,2026-07-05 09:39:00 UTC
2026-07-05 09:49:00 UTC,SHORT,LONDON,MODULE_C_EMA_PULLBACK,BEARISH,M5_BEAR_TREND,MODULE_C_EMA_PULLBACK,80,1753.41,MARKET_TAKER,0.02,35.0682,0.3507,100,1761.17,1743.73,1734.04,STOP_LOSS_HIT,NO,NO,-0.1554,0.0175,0.0,0.0,0.017611800000000004,0.0004,-0.1905,-1.23,31,2.9393,2.7488,8.22,1,1.0,2026-07-05 10:20:00 UTC
2026-07-05 12:29:00 UTC,LONG,LONDON,MODULE_C_EMA_PULLBACK,BULLISH,M5_BEAR_TREND,MODULE_C_EMA_PULLBACK,65,1765.5,MARKET_TAKER,0.012,21.186,0.2119,100,1766.38,1772.8,1780.11,TAKE_PROFIT_2_HIT,YES,YES,0.1315,0.0106,0.00212736,0.0021361320000000002,0.0,0.0001,0.1166,1.66,154,2.7488,2.8654,4.32,0,0.5,2026-07-05 15:03:00 UTC
2026-07-05 15:36:00 UTC,LONG,LONDON_NY_OVERLAP,MODULE_C_EMA_PULLBACK,BULLISH,M5_BULL_TREND,MODULE_C_EMA_PULLBACK,90,1777.14,MARKET_TAKER,0.019,33.7657,0.3377,100,1772.03,1783.51,1789.88,STOP_LOSS_HIT,NO,NO,-0.0973,0.0169,0.0,0.0,0.01683419,0.0004,-0.131,-1.35,6,2.8654,2.7344,8.7,1,1.0,2026-07-05 15:42:00 UTC
2026-07-05 17:04:00 UTC,LONG,NEW_YORK,MODULE_C_EMA_PULLBACK,BULLISH,M5_BULL_TREND,MODULE_C_EMA_PULLBACK,90,1775.86,MARKET_TAKER,0.012,21.3103,0.2131,100,1776.75,1782.82,1789.79,STOP_LOSS_HIT,YES,NO,0.047,0.0107,0.0021393840000000003,0.0,0.00533022,0.0002,0.0288,0.43,40,2.7344,2.7632,7.74,0,0.5,2026-07-05 17:44:00 UTC
2026-07-05 18:53:00 UTC,LONG,NEW_YORK,MODULE_C_EMA_PULLBACK,BULLISH,M5_BULL_TREND,MODULE_C_EMA_PULLBACK,80,1783.93,MARKET_TAKER,0.013,23.1911,0.2319,100,1778.77,1790.36,1796.8,STOP_LOSS_HIT,NO,NO,-0.0672,0.0116,0.0,0.0,0.01156194,0.0003,-0.0904,-1.35,32,2.7632,2.6728,10.75,1,0.75,2026-07-05 19:25:00 UTC
2026-07-06 08:10:00 UTC,SHORT,LONDON,MODULE_E_M5_M1_HYBRID,BEARISH,M5_BEAR_TREND,MODULE_E_M5_M1_HYBRID,70,1772.91,MARKET_TAKER,0.012,21.2749,0.2127,100,1772.02,1766.35,1759.78,TAKE_PROFIT_2_HIT,YES,YES,0.1181,0.0106,0.00211962,0.0021117360000000003,0.0,0.0001,0.1033,1.64,77,2.6728,2.7761,7.31,0,0.5,2026-07-06 09:27:00 UTC
2026-07-06 09:37:00 UTC,SHORT,LONDON,MODULE_C_EMA_PULLBACK,BEARISH,M5_BEAR_TREND,MODULE_C_EMA_PULLBACK,90,1756.37,MARKET_TAKER,0.014,24.5892,0.2459,100,1762.49,1748.74,1741.11,STOP_LOSS_HIT,NO,NO,-0.0858,0.0123,0.0,0.0,0.012337500000000001,0.0003,-0.1104,-1.29,28,2.7761,2.6657,10.99,1,0.75,2026-07-06 10:05:00 UTC
2026-07-06 10:39:00 UTC,LONG,LONDON,MODULE_C_EMA_PULLBACK,BULLISH,M5_BEAR_TREND,MODULE_C_EMA_PULLBACK,75,1773.07,MARKET_TAKER,0.012,21.2768,0.2128,100,1765.35,1782.7,1792.34,STOP_LOSS_HIT,NO,NO,-0.0928,0.0106,0.0,0.0,0.010592039999999999,0.0002,-0.114,-1.23,78,2.6657,2.5517,14.8,2,0.5,2026-07-06 11:57:00 UTC
2026-07-06 12:14:00 UTC,SHORT,LONDON,MODULE_C_EMA_PULLBACK,BEARISH,M5_BEAR_TREND,MODULE_C_EMA_PULLBACK,80,1746.95,MARKET_TAKER,0.012,20.9634,0.2096,100,1746.08,1736.83,1726.7,STOP_LOSS_HIT,YES,NO,0.0659,0.0105,0.002084196,0.0,0.00523827,0.0002,0.0481,0.49,91,2.5517,2.5998,13.19,0,0.19,2026-07-06 13:45:00 UTC
2026-07-06 14:05:00 UTC,SHORT,LONDON_NY_OVERLAP,MODULE_E_M5_M1_HYBRID,BEARISH,M5_BEAR_TREND,MODULE_E_M5_M1_HYBRID,70,1743.1,MARKET_TAKER,0.012,20.9172,0.2092,100,1751.14,1733.07,1723.03,STOP_LOSS_HIT,NO,NO,-0.0966,0.0105,0.0,0.0,0.0105069,0.0002,-0.1176,-1.22,18,2.5998,2.4822,17.12,1,0.25,2026-07-06 14:23:00 UTC
2026-07-07 08:32:00 UTC,SHORT,LONDON,MODULE_C_EMA_PULLBACK,BEARISH,M5_BEAR_TREND,MODULE_C_EMA_PULLBACK,80,1768.95,MARKET_TAKER,0.012,21.2274,0.2123,100,1774.49,1762.05,1755.13,STOP_LOSS_HIT,NO,NO,-0.0666,0.0106,0.0,0.0,0.010647,0.0002,-0.0878,-1.32,70,2.4822,2.3944,20.05,2,0.25,2026-07-07 09:42:00 UTC
2026-07-07 10:03:00 UTC,LONG,LONDON,MODULE_B_BREAKOUT,BULLISH,M5_BULL_TREND,MODULE_B_BREAKOUT,95,1782.24,MARKET_TAKER,0.012,21.3869,0.2139,100,1776.66,1789.2,1796.17,STOP_LOSS_HIT,NO,NO,-0.0671,0.0107,0.0,0.0,0.0106599,0.0002,-0.0885,-1.32,27,2.3944,2.3059,23.01,3,0.19,2026-07-07 10:30:00 UTC
2026-07-08 08:36:00 UTC,SHORT,LONDON,MODULE_A_SWEEP_RECLAIM,BEARISH,M5_BEAR_TREND,MODULE_A_SWEEP_RECLAIM,90,1731.63,MARKET_TAKER,0.012,20.7796,0.2078,100,1730.76,1725.12,1718.6,STOP_LOSS_HIT,YES,NO,0.0442,0.0104,0.002070144,0.0,0.00519231,0.0002,0.0265,0.42,8,2.3059,2.3324,22.12,0,0.12,2026-07-08 08:44:00 UTC
2026-07-08 08:56:00 UTC,SHORT,LONDON,MODULE_E_M5_M1_HYBRID,BEARISH,M5_BEAR_TREND,MODULE_E_M5_M1_HYBRID,80,1735.79,MARKET_TAKER,0.012,20.8295,0.2083,100,1743.17,1726.59,1717.38,STOP_LOSS_HIT,NO,NO,-0.0887,0.0104,0.0,0.0,0.01045908,0.0002,-0.1096,-1.24,167,2.3324,2.2228,25.78,1,0.25,2026-07-08 11:43:00 UTC
2026-07-08 12:01:00 UTC,SHORT,LONDON,MODULE_E_M5_M1_HYBRID,BEARISH,M5_BEAR_TREND,MODULE_E_M5_M1_HYBRID,80,1744.58,MARKET_TAKER,0.012,20.935,0.2093,100,1750.05,1737.76,1730.93,STOP_LOSS_HIT,NO,NO,-0.0658,0.0105,0.0,0.0,0.01050036,0.0002,-0.0868,-1.32,9,2.2228,2.136,28.68,2,0.25,2026-07-08 12:10:00 UTC
2026-07-09 09:51:00 UTC,LONG,LONDON,MODULE_E_M5_M1_HYBRID,BULLISH,M5_BULL_TREND,MODULE_E_M5_M1_HYBRID,80,1753.43,MARKET_TAKER,0.012,21.0412,0.2104,100,1748.33,1759.79,1766.15,STOP_LOSS_HIT,NO,NO,-0.0613,0.0105,0.0,0.0,0.01048992,0.0002,-0.0823,-1.35,61,2.136,2.0537,31.43,3,0.19,2026-07-09 10:52:00 UTC
2026-07-09 11:19:00 UTC,SHORT,LONDON,MODULE_C_EMA_PULLBACK,BEARISH,M5_BEAR_TREND,MODULE_C_EMA_PULLBACK,90,1742.23,MARKET_TAKER,0.012,20.9068,0.2091,100,1741.36,1735.03,1727.81,STOP_LOSS_HIT,YES,NO,0.0484,0.0105,0.002082036,0.0,0.00522411,0.0002,0.0306,0.44,94,2.0537,2.0843,30.41,0,0.12,2026-07-09 12:53:00 UTC
2026-07-09 13:06:00 UTC,LONG,LONDON,MODULE_C_EMA_PULLBACK,BULLISH,M5_BEAR_TREND,MODULE_C_EMA_PULLBACK,65,1746.38,MARKET_TAKER,0.012,20.9566,0.2096,100,1739.95,1754.39,1762.42,STOP_LOSS_HIT,NO,NO,-0.0773,0.0105,0.0,0.0,0.010439640000000002,0.0002,-0.0982,-1.27,24,2.0843,1.9861,33.68,1,0.25,2026-07-09 13:30:00 UTC
2026-07-10 08:34:00 UTC,LONG,LONDON,MODULE_C_EMA_PULLBACK,BULLISH,M5_BULL_TREND,MODULE_C_EMA_PULLBACK,90,1787.38,MARKET_TAKER,0.012,21.4486,0.2145,100,1781.88,1794.23,1801.09,STOP_LOSS_HIT,NO,NO,-0.0661,0.0107,0.0,0.0,0.01069122,0.0002,-0.0875,-1.33,26,1.9861,1.8986,36.61,2,0.25,2026-07-10 09:00:00 UTC
2026-07-10 09:30:00 UTC,LONG,LONDON,MODULE_C_EMA_PULLBACK,BULLISH,M5_BULL_TREND,MODULE_C_EMA_PULLBACK,90,1790.14,MARKET_TAKER,0.012,21.4817,0.2148,100,1791.04,1797.95,1805.76,TAKE_PROFIT_2_HIT,YES,YES,0.1406,0.0107,0.0021575400000000003,0.002166912,0.0,0.0001,0.1256,1.67,163,1.8986,2.0242,32.41,0,0.19,2026-07-10 12:13:00 UTC
2026-07-10 13:37:00 UTC,LONG,LONDON_NY_OVERLAP,MODULE_C_EMA_PULLBACK,BULLISH,M5_BULL_TREND,MODULE_C_EMA_PULLBACK,90,1799.03,MARKET_TAKER,0.012,21.5884,0.2159,100,1799.93,1805.77,1812.53,STOP_LOSS_HIT,YES,NO,0.0458,0.0108,0.0021669239999999998,0.0,0.005399760000000001,0.0002,0.0274,0.42,27,2.0242,2.0516,31.5,0,0.25,2026-07-10 14:04:00 UTC
2026-07-10 14:22:00 UTC,LONG,LONDON_NY_OVERLAP,MODULE_A_SWEEP_RECLAIM,BULLISH,M5_BULL_TREND,MODULE_A_SWEEP_RECLAIM,75,1784.12,MARKET_TAKER,0.012,21.4094,0.2141,100,1785.01,1791.83,1799.56,STOP_LOSS_HIT,YES,NO,0.0515,0.0107,0.002150196,0.0,0.005355,0.0002,0.0333,0.45,11,2.0516,2.0849,30.38,0,0.25,2026-07-10 14:33:00 UTC
2026-07-10 14:56:00 UTC,SHORT,LONDON_NY_OVERLAP,MODULE_B_BREAKOUT,BULLISH,M5_BEAR_TREND,MODULE_B_BREAKOUT,70,1783.74,MARKET_TAKER,0.012,21.4049,0.214,100,1788.89,1777.32,1770.89,STOP_LOSS_HIT,NO,NO,-0.0619,0.0107,0.0,0.0,0.010733400000000002,0.0002,-0.0833,-1.35,11,2.0849,2.0016,33.17,1,0.25,2026-07-10 15:07:00 UTC
2026-07-10 15:23:00 UTC,LONG,LONDON_NY_OVERLAP,MODULE_C_EMA_PULLBACK,BULLISH,M5_BEAR_TREND,MODULE_C_EMA_PULLBACK,75,1793.44,MARKET_TAKER,0.012,21.5213,0.2152,100,1786.19,1802.49,1811.54,STOP_LOSS_HIT,NO,NO,-0.0871,0.0108,0.0,0.0,0.010717080000000002,0.0002,-0.1086,-1.25,19,2.0016,1.893,36.79,2,0.25,2026-07-10 15:42:00 UTC
2026-07-10 16:14:00 UTC,LONG,LONDON_NY_OVERLAP,MODULE_C_EMA_PULLBACK,BULLISH,M5_BEAR_TREND,MODULE_C_EMA_PULLBACK,65,1792.71,MARKET_TAKER,0.012,21.5125,0.2151,100,1787.05,1799.77,1806.84,STOP_LOSS_HIT,NO,NO,-0.068,0.0108,0.0,0.0,0.01072224,0.0002,-0.0895,-1.32,24,1.893,1.8035,39.78,3,0.19,2026-07-10 16:38:00 UTC
2026-07-11 14:35:00 UTC,LONG,LONDON_NY_OVERLAP,MODULE_C_EMA_PULLBACK,BULLISH,M5_BULL_TREND,MODULE_C_EMA_PULLBACK,90,1810.57,MARKET_TAKER,0.012,21.7268,0.2173,100,1811.48,1820.76,1830.97,STOP_LOSS_HIT,YES,NO,0.0665,0.0109,0.0021849120000000002,0.0,0.005434410000000001,0.0002,0.048,0.49,69,1.8035,1.8515,38.18,0,0.12,2026-07-11 15:44:00 UTC
2026-07-11 15:55:00 UTC,LONG,LONDON_NY_OVERLAP,MODULE_E_M5_M1_HYBRID,BULLISH,M5_BULL_TREND,MODULE_E_M5_M1_HYBRID,80,1813.79,MARKET_TAKER,0.012,21.7655,0.2177,100,1814.7,1821.95,1830.13,STOP_LOSS_HIT,YES,NO,0.0544,0.0109,0.00218634,0.0,0.0054440700000000005,0.0002,0.0359,0.46,385,1.8515,1.8874,36.98,0,0.25,2026-07-11 22:20:00 UTC
2026-07-12 08:11:00 UTC,LONG,LONDON,MODULE_C_EMA_PULLBACK,BULLISH,M5_BEAR_TREND,MODULE_C_EMA_PULLBACK,65,1804.02,MARKET_TAKER,0.012,21.6482,0.2165,100,1797.53,1812.11,1820.2,STOP_LOSS_HIT,NO,NO,-0.078,0.0108,0.0,0.0,0.01078512,0.0002,-0.0996,-1.28,70,1.8874,1.7878,40.31,1,0.25,2026-07-12 09:21:00 UTC
2026-07-13 08:09:00 UTC,SHORT,LONDON,MODULE_C_EMA_PULLBACK,BEARISH,M5_BEAR_TREND,MODULE_C_EMA_PULLBACK,90,1783.65,MARKET_TAKER,0.012,21.4038,0.214,100,1788.89,1777.12,1770.59,STOP_LOSS_HIT,NO,NO,-0.063,0.0107,0.0,0.0,0.010733400000000002,0.0002,-0.0844,-1.35,37,1.7878,1.7034,43.12,2,0.25,2026-07-13 08:46:00 UTC
2026-07-13 10:10:00 UTC,SHORT,LONDON,MODULE_C_EMA_PULLBACK,BEARISH,M5_BEAR_TREND,MODULE_C_EMA_PULLBACK,90,1780.26,MARKET_TAKER,0.012,21.3631,0.2136,100,1779.37,1773.03,1765.78,TAKE_PROFIT_2_HIT,YES,YES,0.1303,0.0107,0.002127636,0.002118936,0.0,0.0001,0.1154,1.66,185,1.7034,1.8188,39.27,0,0.19,2026-07-13 13:15:00 UTC
2026-07-13 13:40:00 UTC,SHORT,LONDON_NY_OVERLAP,MODULE_E_M5_M1_HYBRID,BEARISH,M5_BEAR_TREND,MODULE_E_M5_M1_HYBRID,80,1768.37,MARKET_TAKER,0.012,21.2204,0.2122,100,1776.05,1758.79,1749.2,STOP_LOSS_HIT,NO,NO,-0.0923,0.0106,0.0,0.0,0.01065636,0.0002,-0.1136,-1.23,61,1.8188,1.7052,43.06,1,0.25,2026-07-13 14:41:00 UTC
2026-07-13 15:12:00 UTC,SHORT,LONDON_NY_OVERLAP,MODULE_E_M5_M1_HYBRID,BEARISH,M5_BEAR_TREND,MODULE_E_M5_M1_HYBRID,70,1776.98,MARKET_TAKER,0.012,21.3238,0.2132,100,1782.28,1770.38,1763.77,STOP_LOSS_HIT,NO,NO,-0.0637,0.0107,0.0,0.0,0.01069374,0.0002,-0.0851,-1.34,6,1.7052,1.6201,45.9,2,0.25,2026-07-13 15:18:00 UTC
2026-07-14 10:06:00 UTC,LONG,LONDON,MODULE_C_EMA_PULLBACK,BULLISH,M5_BULL_TREND,MODULE_C_EMA_PULLBACK,90,1789.89,MARKET_TAKER,0.012,21.4787,0.2148,100,1790.78,1798.04,1806.2,TAKE_PROFIT_2_HIT,YES,YES,0.1468,0.0107,0.0021576480000000003,0.0021674400000000005,0.0,0.0001,0.1318,1.68,138,1.6201,1.7519,41.5,0,0.19,2026-07-14 12:24:00 UTC
2026-07-14 12:44:00 UTC,LONG,LONDON,MODULE_C_EMA_PULLBACK,BULLISH,M5_BULL_TREND,MODULE_C_EMA_PULLBACK,80,1824.7,MARKET_TAKER,0.011,20.0717,0.2007,100,1825.61,1831.59,1838.5,TAKE_PROFIT_2_HIT,YES,YES,0.1172,0.01,0.00183159,0.0022062,0.0,0.0001,0.1032,1.7,2,1.7519,1.8551,38.06,0,0.25,2026-07-14 12:46:00 UTC
2026-07-14 13:16:00 UTC,LONG,LONDON,MODULE_C_EMA_PULLBACK,BULLISH,M5_BULL_TREND,MODULE_C_EMA_PULLBACK,90,1859.51,MARKET_TAKER,0.011,20.4546,0.2045,100,1860.44,1867.33,1875.16,TAKE_PROFIT_2_HIT,YES,YES,0.133,0.0102,0.0018673300000000002,0.0022501920000000003,0.0,0.0001,0.1187,1.72,5,1.8551,1.9738,34.09,0,0.25,2026-07-14 13:21:00 UTC
2026-07-14 13:37:00 UTC,LONG,LONDON_NY_OVERLAP,MODULE_A_SWEEP_RECLAIM,BULLISH,M5_BULL_TREND,MODULE_A_SWEEP_RECLAIM,90,1873.3,MARKET_TAKER,0.011,20.6063,0.2061,100,1865.25,1883.33,1893.38,STOP_LOSS_HIT,NO,NO,-0.0887,0.0103,0.0,0.0,0.01025882,0.0002,-0.1093,-1.24,10,1.9738,1.8645,37.74,1,0.25,2026-07-14 13:47:00 UTC
2026-07-14 14:11:00 UTC,LONG,LONDON_NY_OVERLAP,MODULE_A_SWEEP_RECLAIM,BULLISH,M5_BULL_TREND,MODULE_A_SWEEP_RECLAIM,85,1865.7,MARKET_TAKER,0.011,20.5227,0.2052,100,1860.03,1872.77,1879.85,STOP_LOSS_HIT,NO,NO,-0.0625,0.0103,0.0,0.0,0.01023011,0.0002,-0.083,-1.33,5,1.8645,1.7815,40.52,2,0.25,2026-07-14 14:16:00 UTC
2026-07-14 14:34:00 UTC,LONG,LONDON_NY_OVERLAP,MODULE_B_BREAKOUT,BULLISH,M5_BULL_TREND,MODULE_B_BREAKOUT,95,1868.99,MARKET_TAKER,0.011,20.5589,0.2056,100,1869.92,1877.68,1886.38,TAKE_PROFIT_2_HIT,YES,YES,0.1478,0.0103,0.0018776800000000003,0.0022636560000000006,0.0,0.0001,0.1334,1.74,56,1.7815,1.9149,36.06,0,0.19,2026-07-14 15:30:00 UTC
2026-07-14 15:45:00 UTC,LONG,LONDON_NY_OVERLAP,MODULE_C_EMA_PULLBACK,BULLISH,M5_BULL_TREND,MODULE_C_EMA_PULLBACK,80,1881.0,MARKET_TAKER,0.011,20.691,0.2069,100,1875.22,1888.2,1895.42,STOP_LOSS_HIT,NO,NO,-0.0637,0.0103,0.0,0.0,0.010313655,0.0002,-0.0843,-1.33,8,1.9149,1.8306,38.88,1,0.25,2026-07-14 15:53:00 UTC
2026-07-14 16:08:00 UTC,LONG,LONDON_NY_OVERLAP,MODULE_E_M5_M1_HYBRID,BULLISH,M5_BULL_TREND,MODULE_E_M5_M1_HYBRID,70,1874.76,MARKET_TAKER,0.011,20.6224,0.2062,100,1867.19,1884.2,1893.65,STOP_LOSS_HIT,NO,NO,-0.0834,0.0103,0.0,0.0,0.01026949,0.0002,-0.104,-1.25,60,1.8306,1.7266,42.35,2,0.25,2026-07-14 17:08:00 UTC
2026-07-15 08:04:00 UTC,LONG,LONDON,MODULE_C_EMA_PULLBACK,BULLISH,M5_BEAR_TREND,MODULE_C_EMA_PULLBACK,75,1874.13,MARKET_TAKER,0.011,20.6154,0.2062,100,1875.07,1881.25,1888.39,STOP_LOSS_HIT,YES,NO,0.0412,0.0103,0.0018812500000000001,0.0,0.0056251800000000005,0.0002,0.0234,0.37,144,1.7266,1.75,41.57,0,0.19,2026-07-15 10:28:00 UTC
2026-07-15 12:17:00 UTC,LONG,LONDON,MODULE_C_EMA_PULLBACK,BULLISH,M5_BULL_TREND,MODULE_C_EMA_PULLBACK,80,1883.66,MARKET_TAKER,0.011,20.7203,0.2072,100,1884.6,1890.45,1897.26,TAKE_PROFIT_2_HIT,YES,YES,0.1155,0.0104,0.0018904500000000003,0.002276712,0.0,0.0001,0.1009,1.69,31,1.75,1.8509,38.2,0,0.25,2026-07-15 12:48:00 UTC
2026-07-15 13:13:00 UTC,LONG,LONDON,MODULE_C_EMA_PULLBACK,BULLISH,M5_BULL_TREND,MODULE_C_EMA_PULLBACK,80,1936.65,MARKET_TAKER,0.011,21.3031,0.213,100,1937.62,1945.49,1954.34,STOP_LOSS_HIT,YES,NO,0.05,0.0107,0.0019454900000000002,0.0,0.00581283,0.0002,0.0315,0.4,10,1.8509,1.8824,37.15,0,0.25,2026-07-15 13:23:00 UTC
2026-07-15 13:43:00 UTC,LONG,LONDON_NY_OVERLAP,MODULE_A_SWEEP_RECLAIM,BULLISH,M5_BULL_TREND,MODULE_A_SWEEP_RECLAIM,75,1935.01,MARKET_TAKER,0.011,21.2851,0.2129,100,1929.46,1941.93,1948.85,STOP_LOSS_HIT,NO,NO,-0.0612,0.0106,0.0,0.0,0.010611975,0.0002,-0.0824,-1.35,2,1.8824,1.8,39.9,1,0.25,2026-07-15 13:45:00 UTC
2026-07-15 14:10:00 UTC,LONG,LONDON_NY_OVERLAP,MODULE_C_EMA_PULLBACK,BULLISH,M5_BULL_TREND,MODULE_C_EMA_PULLBACK,80,1930.31,MARKET_TAKER,0.011,21.2334,0.2123,100,1923.17,1939.22,1948.13,STOP_LOSS_HIT,NO,NO,-0.0786,0.0106,0.0,0.0,0.01057738,0.0002,-0.0998,-1.27,14,1.8,1.7002,43.23,2,0.25,2026-07-15 14:24:00 UTC
2026-07-15 14:49:00 UTC,LONG,LONDON_NY_OVERLAP,MODULE_E_M5_M1_HYBRID,BULLISH,M5_BULL_TREND,MODULE_E_M5_M1_HYBRID,80,1929.5,MARKET_TAKER,0.011,21.2245,0.2122,100,1930.46,1937.66,1945.84,STOP_LOSS_HIT,YES,NO,0.0465,0.0106,0.0019376600000000001,0.0,0.005791350000000001,0.0002,0.0282,0.39,23,1.7002,1.7284,42.29,0,0.19,2026-07-15 15:12:00 UTC
2026-07-15 15:26:00 UTC,LONG,LONDON_NY_OVERLAP,MODULE_E_M5_M1_HYBRID,BULLISH,M5_BULL_TREND,MODULE_E_M5_M1_HYBRID,80,1929.72,MARKET_TAKER,0.011,21.2269,0.2123,100,1924.17,1936.63,1943.56,STOP_LOSS_HIT,NO,NO,-0.0612,0.0106,0.0,0.0,0.01058288,0.0002,-0.0824,-1.35,37,1.7284,1.646,45.04,1,0.25,2026-07-15 16:03:00 UTC
2026-07-15 16:29:00 UTC,LONG,LONDON_NY_OVERLAP,MODULE_E_M5_M1_HYBRID,BULLISH,M5_BULL_TREND,MODULE_E_M5_M1_HYBRID,80,1921.52,MARKET_TAKER,0.011,21.1367,0.2114,100,1912.91,1932.26,1943.0,STOP_LOSS_HIT,NO,NO,-0.0948,0.0106,0.0,0.0,0.01052095,0.0002,-0.1159,-1.23,6,1.646,1.5301,48.91,2,0.25,2026-07-15 16:35:00 UTC
2026-07-16 08:07:00 UTC,SHORT,LONDON,MODULE_C_EMA_PULLBACK,BEARISH,M5_BEAR_TREND,MODULE_C_EMA_PULLBACK,90,1906.45,MARKET_TAKER,0.011,20.9709,0.2097,100,1905.5,1898.83,1891.2,TAKE_PROFIT_2_HIT,YES,YES,0.1296,0.0105,0.00189883,0.00226944,0.0,0.0001,0.1149,1.71,3,1.5301,1.645,45.07,0,0.19,2026-07-16 08:10:00 UTC
2026-07-16 08:32:00 UTC,SHORT,LONDON,MODULE_A_SWEEP_RECLAIM,BEARISH,M5_BEAR_TREND,MODULE_A_SWEEP_RECLAIM,90,1890.55,MARKET_TAKER,0.011,20.796,0.208,100,1889.6,1883.48,1876.4,STOP_LOSS_HIT,YES,NO,0.041,0.0104,0.0018834800000000003,0.0,0.00566883,0.0002,0.023,0.37,120,1.645,1.668,44.31,0,0.25,2026-07-16 10:32:00 UTC
2026-07-16 11:31:00 UTC,SHORT,LONDON,MODULE_C_EMA_PULLBACK,BEARISH,M5_BEAR_TREND,MODULE_C_EMA_PULLBACK,90,1881.71,MARKET_TAKER,0.011,20.6988,0.207,100,1880.77,1874.82,1867.91,TAKE_PROFIT_2_HIT,YES,YES,0.1173,0.0103,0.0018748200000000001,0.0022414920000000003,0.0,0.0001,0.1029,1.69,69,1.668,1.7709,40.87,0,0.25,2026-07-16 12:40:00 UTC
2026-07-16 13:38:00 UTC,SHORT,LONDON_NY_OVERLAP,MODULE_A_SWEEP_RECLAIM,BEARISH,M5_BEAR_TREND,MODULE_A_SWEEP_RECLAIM,75,1883.26,MARKET_TAKER,0.011,20.7159,0.2072,100,1882.32,1874.86,1866.44,STOP_LOSS_HIT,YES,NO,0.0476,0.0104,0.0018748600000000001,0.0,0.00564699,0.0002,0.0297,0.4,12,1.7709,1.8006,39.88,0,0.25,2026-07-16 13:50:00 UTC
2026-07-16 14:12:00 UTC,SHORT,LONDON_NY_OVERLAP,MODULE_A_SWEEP_RECLAIM,BEARISH,M5_BEAR_TREND,MODULE_A_SWEEP_RECLAIM,85,1887.47,MARKET_TAKER,0.011,20.7622,0.2076,100,1886.53,1880.4,1873.31,TAKE_PROFIT_2_HIT,YES,YES,0.1203,0.0104,0.0018804000000000004,0.002247972,0.0,0.0001,0.1058,1.7,44,1.8006,1.9064,36.35,0,0.25,2026-07-16 14:56:00 UTC
2026-07-16 15:06:00 UTC,SHORT,LONDON_NY_OVERLAP,MODULE_E_M5_M1_HYBRID,BEARISH,M5_BEAR_TREND,MODULE_E_M5_M1_HYBRID,95,1875.95,MARKET_TAKER,0.011,20.6354,0.2064,100,1884.17,1865.69,1855.43,LIQUIDATION,NO,NO,-0.1651,0.0103,0.0,0.0,0.010400280000000001,0.0002,-0.1858,-2.06,20,1.9064,1.7206,42.55,1,0.25,2026-07-16 15:26:00 UTC
2026-07-16 15:41:00 UTC,SHORT,LONDON_NY_OVERLAP,MODULE_E_M5_M1_HYBRID,BEARISH,M5_BEAR_TREND,MODULE_E_M5_M1_HYBRID,70,1884.11,MARKET_TAKER,0.011,20.7252,0.2073,100,1883.17,1875.27,1866.42,TAKE_PROFIT_2_HIT,YES,YES,0.1503,0.0104,0.0018752700000000003,0.0022397040000000003,0.0,0.0001,0.1358,1.74,96,1.7206,1.8564,38.01,0,0.25,2026-07-16 17:17:00 UTC
2026-07-16 17:43:00 UTC,SHORT,NEW_YORK,MODULE_C_EMA_PULLBACK,BEARISH,M5_BEAR_TREND,MODULE_C_EMA_PULLBACK,90,1869.57,MARKET_TAKER,0.011,20.5653,0.2057,100,1875.47,1862.21,1854.85,STOP_LOSS_HIT,NO,NO,-0.065,0.0103,0.0,0.0,0.01031514,0.0002,-0.0856,-1.32,33,1.8564,1.7708,40.87,1,0.25,2026-07-16 18:16:00 UTC
2026-07-17 08:19:00 UTC,SHORT,LONDON,MODULE_C_EMA_PULLBACK,BEARISH,M5_BEAR_TREND,MODULE_C_EMA_PULLBACK,90,1823.79,MARKET_TAKER,0.011,20.0617,0.2006,100,1829.78,1816.33,1808.85,STOP_LOSS_HIT,NO,NO,-0.066,0.01,0.0,0.0,0.010063844999999998,0.0002,-0.0861,-1.31,30,1.7708,1.6847,43.75,2,0.25,2026-07-17 08:49:00 UTC
2026-07-18 12:22:00 UTC,SHORT,LONDON,MODULE_C_EMA_PULLBACK,BEARISH,M5_BULL_TREND,MODULE_C_EMA_PULLBACK,75,1840.91,MARKET_TAKER,0.011,20.25,0.2025,100,1846.83,1833.54,1826.16,STOP_LOSS_HIT,NO,NO,-0.0652,0.0101,0.0,0.0,0.01015762,0.0002,-0.0855,-1.32,25,1.6847,1.5992,46.6,3,0.19,2026-07-18 12:47:00 UTC
2026-07-19 08:50:00 UTC,LONG,LONDON,MODULE_C_EMA_PULLBACK,BULLISH,M5_BULL_TREND,MODULE_C_EMA_PULLBACK,90,1872.85,MARKET_TAKER,0.011,20.6013,0.206,100,1867.21,1879.88,1886.92,STOP_LOSS_HIT,NO,NO,-0.0621,0.0103,0.0,0.0,0.0102696,0.0002,-0.0827,-1.33,29,1.5992,1.5165,49.36,4,0.12,2026-07-19 09:19:00 UTC
2026-07-20 08:07:00 UTC,SHORT,LONDON,MODULE_E_M5_M1_HYBRID,BEARISH,M5_BEAR_TREND,MODULE_E_M5_M1_HYBRID,70,1861.21,MARKET_TAKER,0.011,20.4733,0.2047,100,1866.61,1854.49,1847.76,STOP_LOSS_HIT,NO,NO,-0.0595,0.0102,0.0,0.0,0.010266409999999998,0.0002,-0.08,-1.35,9,1.5165,1.4365,52.04,5,0.06,2026-07-20 08:16:00 UTC
2026-07-21 08:16:00 UTC,LONG,LONDON,MODULE_C_EMA_PULLBACK,BULLISH,M5_BULL_TREND,MODULE_C_EMA_PULLBACK,90,1938.67,MARKET_TAKER,0.011,21.3254,0.2133,100,1939.64,1949.03,1959.39,STOP_LOSS_HIT,YES,NO,0.0576,0.0107,0.0019490300000000003,0.0,0.005818890000000001,0.0002,0.0391,0.43,11,1.4365,1.4756,50.73,0,0.25,2026-07-21 08:27:00 UTC
2026-07-21 11:33:00 UTC,LONG,LONDON,MODULE_C_EMA_PULLBACK,BULLISH,M5_BEAR_TREND,MODULE_C_EMA_PULLBACK,65,1930.82,MARKET_TAKER,0.011,21.239,0.2124,100,1931.79,1938.02,1945.23,STOP_LOSS_HIT,YES,NO,0.0418,0.0106,0.00193802,0.0,0.00579534,0.0002,0.0235,0.37,126,1.4756,1.4991,49.94,0,0.25,2026-07-21 13:39:00 UTC
2026-07-21 13:49:00 UTC,LONG,LONDON_NY_OVERLAP,MODULE_E_M5_M1_HYBRID,BULLISH,M5_BULL_TREND,MODULE_E_M5_M1_HYBRID,80,1934.6,MARKET_TAKER,0.011,21.2806,0.2128,100,1925.73,1945.66,1956.73,STOP_LOSS_HIT,NO,NO,-0.0977,0.0106,0.0,0.0,0.01059146,0.0002,-0.1189,-1.22,74,1.4991,1.3802,53.91,1,0.25,2026-07-21 15:03:00 UTC
2026-07-21 15:30:00 UTC,SHORT,LONDON_NY_OVERLAP,MODULE_C_EMA_PULLBACK,BEARISH,M5_BEAR_TREND,MODULE_C_EMA_PULLBACK,90,1923.65,MARKET_TAKER,0.011,21.1601,0.2116,100,1930.42,1915.22,1906.77,STOP_LOSS_HIT,NO,NO,-0.0746,0.0106,0.0,0.0,0.010617365,0.0002,-0.0958,-1.29,23,1.3802,1.2844,57.11,2,0.25,2026-07-21 15:53:00 UTC
2026-07-22 09:08:00 UTC,LONG,LONDON,MODULE_C_EMA_PULLBACK,BULLISH,M5_BEAR_TREND,MODULE_C_EMA_PULLBACK,75,1925.32,MARKET_TAKER,0.011,21.1785,0.2118,100,1919.58,1932.47,1939.62,STOP_LOSS_HIT,NO,NO,-0.0633,0.0106,0.0,0.0,0.010557635,0.0002,-0.0845,-1.34,26,1.2844,1.1999,59.94,3,0.19,2026-07-22 09:34:00 UTC
2026-07-23 09:04:00 UTC,LONG,LONDON,MODULE_C_EMA_PULLBACK,BULLISH,M5_BEAR_TREND,MODULE_C_EMA_PULLBACK,75,1929.18,MARKET_TAKER,0.011,21.221,0.2122,100,1923.34,1936.46,1943.75,STOP_LOSS_HIT,NO,NO,-0.0644,0.0106,0.0,0.0,0.010578314999999998,0.0002,-0.0856,-1.33,54,1.1999,1.1143,62.79,4,0.12,2026-07-23 09:58:00 UTC
2026-07-24 08:31:00 UTC,LONG,LONDON,MODULE_E_M5_M1_HYBRID,BULLISH,M5_BULL_TREND,MODULE_E_M5_M1_HYBRID,80,1890.72,MARKET_TAKER,0.011,20.7979,0.208,100,1884.96,1897.9,1905.09,STOP_LOSS_HIT,NO,NO,-0.0635,0.0104,0.0,0.0,0.010367224999999999,0.0002,-0.0843,-1.33,34,1.1143,1.03,65.61,5,0.06,2026-07-24 09:05:00 UTC
2026-07-25 13:44:00 UTC,LONG,LONDON_NY_OVERLAP,MODULE_C_EMA_PULLBACK,BULLISH,M5_BULL_TREND,MODULE_C_EMA_PULLBACK,80,1867.42,MARKET_TAKER,0.011,20.5416,0.2054,100,1868.35,1874.31,1881.22,STOP_LOSS_HIT,YES,NO,0.04,0.0103,0.00187431,0.0,0.00560502,0.0002,0.0222,0.37,447,1.03,1.0522,64.87,0,0.25,2026-07-25 21:11:00 UTC
2026-07-26 12:06:00 UTC,LONG,LONDON,MODULE_C_EMA_PULLBACK,BULLISH,M5_BULL_TREND,MODULE_C_EMA_PULLBACK,90,1889.38,MARKET_TAKER,0.011,20.7832,0.2078,100,1883.59,1896.6,1903.82,STOP_LOSS_HIT,NO,NO,-0.0638,0.0104,0.0,0.0,0.01035969,0.0002,-0.0846,-1.33,58,1.0522,0.9676,67.69,1,0.25,2026-07-26 13:04:00 UTC
2026-07-27 08:17:00 UTC,LONG,LONDON,MODULE_E_M5_M1_HYBRID,BULLISH,M5_BULL_TREND,MODULE_E_M5_M1_HYBRID,70,1966.45,MARKET_TAKER,0.011,21.6309,0.2163,100,1960.69,1973.63,1980.82,STOP_LOSS_HIT,NO,NO,-0.0635,0.0108,0.0,0.0,0.01078374,0.0002,-0.0851,-1.35,43,0.9676,0.8825,70.53,2,0.25,2026-07-27 09:00:00 UTC
2026-07-28 09:55:00 UTC,SHORT,LONDON,MODULE_D_MOMENTUM_IMPULSE,BEARISH,M5_BEAR_TREND,MODULE_D_MOMENTUM_IMPULSE,90,1874.84,MARKET_TAKER,0.011,20.6232,0.2062,100,1882.94,1864.74,1854.63,STOP_LOSS_HIT,NO,NO,-0.0892,0.0103,0.0,0.0,0.010356225,0.0002,-0.1099,-1.24,171,0.8825,0.7726,74.2,3,0.19,2026-07-28 12:46:00 UTC
2026-07-29 08:46:00 UTC,LONG,LONDON,MODULE_D_MOMENTUM_IMPULSE,BULLISH,M5_BULL_TREND,MODULE_D_MOMENTUM_IMPULSE,90,1918.45,MARKET_TAKER,0.011,21.1029,0.211,100,1912.31,1926.11,1933.78,STOP_LOSS_HIT,NO,NO,-0.0677,0.0106,0.0,0.0,0.01051765,0.0002,-0.0888,-1.32,126,0.7726,0.6838,77.17,4,0.12,2026-07-29 10:52:00 UTC
2026-07-30 08:03:00 UTC,SHORT,LONDON,MODULE_C_EMA_PULLBACK,BEARISH,M5_BEAR_TREND,MODULE_C_EMA_PULLBACK,80,1899.49,MARKET_TAKER,0.011,20.8944,0.2089,100,1905.84,1891.58,1883.65,STOP_LOSS_HIT,NO,NO,-0.07,0.0104,0.0,0.0,0.010482174999999998,0.0002,-0.0909,-1.3,9,0.6838,0.5929,80.2,5,0.06,2026-07-30 08:12:00 UTC
2026-07-31 09:22:00 UTC,SHORT,LONDON,MODULE_C_EMA_PULLBACK,BEARISH,M5_BEAR_TREND,MODULE_C_EMA_PULLBACK,90,1882.85,MARKET_TAKER,0.011,20.7113,0.2071,100,1881.91,1874.47,1866.08,STOP_LOSS_HIT,YES,NO,0.0475,0.0104,0.0018744700000000003,0.0,0.0056457600000000005,0.0002,0.0296,0.4,215,0.5929,0.6225,79.21,0,0.25,2026-07-31 12:57:00 UTC
2026-07-31 13:31:00 UTC,SHORT,LONDON_NY_OVERLAP,MODULE_B_BREAKOUT,BEARISH,M5_BEAR_TREND,MODULE_B_BREAKOUT,95,1881.24,MARKET_TAKER,0.011,20.6936,0.2069,100,1880.3,1870.23,1859.21,TAKE_PROFIT_2_HIT,YES,YES,0.1872,0.0103,0.0018702300000000003,0.0022310520000000003,0.0,0.0001,0.1728,1.78,34,0.6225,0.7953,73.44,0,0.25,2026-07-31 14:05:00 UTC
2026-07-31 14:24:00 UTC,SHORT,LONDON_NY_OVERLAP,MODULE_E_M5_M1_HYBRID,BEARISH,M5_BEAR_TREND,MODULE_E_M5_M1_HYBRID,70,1864.31,MARKET_TAKER,0.011,20.5074,0.2051,100,1863.38,1856.44,1848.56,STOP_LOSS_HIT,YES,NO,0.0449,0.0103,0.0018564400000000004,0.0,0.005590170000000001,0.0002,0.0272,0.39,6,0.7953,0.8225,72.54,0,0.25,2026-07-31 14:30:00 UTC
2026-07-31 14:41:00 UTC,SHORT,LONDON_NY_OVERLAP,MODULE_C_EMA_PULLBACK,BEARISH,M5_BEAR_TREND,MODULE_C_EMA_PULLBACK,80,1860.12,MARKET_TAKER,0.011,20.4613,0.2046,100,1867.98,1850.32,1840.52,STOP_LOSS_HIT,NO,NO,-0.0866,0.0102,0.0,0.0,0.010273945,0.0002,-0.1071,-1.24,151,0.8225,0.7154,76.11,1,0.25,2026-07-31 17:12:00 UTC
2026-07-31 18:11:00 UTC,SHORT,NEW_YORK,MODULE_C_EMA_PULLBACK,BEARISH,M5_BULL_TREND,MODULE_C_EMA_PULLBACK,75,1870.3,MARKET_TAKER,0.011,20.5733,0.2057,100,1869.36,1863.03,1855.75,STOP_LOSS_HIT,YES,NO,0.0419,0.0103,0.0018630300000000003,0.0,0.00560811,0.0002,0.0241,0.38,489,0.7154,0.7395,75.31,0,0.25,2026-08-01 02:20:00 UTC
2026-08-01 10:07:00 UTC,SHORT,LONDON,MODULE_C_EMA_PULLBACK,BEARISH,M5_BEAR_TREND,MODULE_C_EMA_PULLBACK,80,1862.55,MARKET_TAKER,0.011,20.488,0.2049,100,1868.34,1855.33,1848.1,STOP_LOSS_HIT,NO,NO,-0.0638,0.0102,0.0,0.0,0.010275925,0.0002,-0.0843,-1.33,154,0.7395,0.6552,78.12,1,0.25,2026-08-01 12:41:00 UTC
2026-08-02 08:39:00 UTC,SHORT,LONDON,MODULE_C_EMA_PULLBACK,BEARISH,M5_BULL_TREND,MODULE_C_EMA_PULLBACK,75,1866.46,MARKET_TAKER,0.011,20.5311,0.2053,100,1865.53,1856.96,1847.45,STOP_LOSS_HIT,YES,NO,0.053,0.0103,0.0018569600000000002,0.0,0.00559662,0.0002,0.0352,0.42,515,0.6552,0.6904,76.95,0,0.25,2026-08-02 17:14:00 UTC
2026-08-02 18:37:00 UTC,LONG,NEW_YORK,MODULE_C_EMA_PULLBACK,BULLISH,M5_BULL_TREND,MODULE_C_EMA_PULLBACK,90,1874.05,MARKET_TAKER,0.011,20.6145,0.2061,100,1874.99,1882.4,1890.77,STOP_LOSS_HIT,YES,NO,0.0473,0.0103,0.0018824000000000002,0.0,0.005624940000000001,0.0002,0.0295,0.4,13,0.6904,0.7199,75.96,0,0.25,2026-08-02 18:50:00 UTC
2026-08-02 19:49:00 UTC,LONG,NEW_YORK,MODULE_C_EMA_PULLBACK,BULLISH,M5_BULL_TREND,MODULE_C_EMA_PULLBACK,80,1882.61,MARKET_TAKER,0.011,20.7087,0.2071,100,1883.55,1890.63,1898.67,STOP_LOSS_HIT,YES,NO,0.0457,0.0104,0.0018906300000000003,0.0,0.00565062,0.0002,0.0278,0.39,168,0.7199,0.7477,75.03,0,0.25,2026-08-02 22:37:00 UTC
2026-08-03 08:18:00 UTC,SHORT,LONDON,MODULE_C_EMA_PULLBACK,BEARISH,M5_BEAR_TREND,MODULE_C_EMA_PULLBACK,90,1837.89,MARKET_TAKER,0.011,20.2168,0.2022,100,1836.97,1830.75,1823.6,STOP_LOSS_HIT,YES,NO,0.0412,0.0101,0.0018307500000000001,0.0,0.00551094,0.0002,0.0238,0.38,33,0.7477,0.7715,74.24,0,0.25,2026-08-03 08:51:00 UTC
2026-08-03 10:33:00 UTC,SHORT,LONDON,MODULE_C_EMA_PULLBACK,BEARISH,M5_BEAR_TREND,MODULE_C_EMA_PULLBACK,90,1845.83,MARKET_TAKER,0.011,20.3041,0.203,100,1844.91,1838.74,1831.64,STOP_LOSS_HIT,YES,NO,0.0409,0.0102,0.00183874,0.0,0.0055347600000000005,0.0002,0.0233,0.37,163,0.7715,0.7948,73.46,0,0.25,2026-08-03 13:16:00 UTC
2026-08-03 13:27:00 UTC,SHORT,LONDON,MODULE_E_M5_M1_HYBRID,BEARISH,M5_BEAR_TREND,MODULE_E_M5_M1_HYBRID,70,1845.85,MARKET_TAKER,0.011,20.3043,0.203,100,1852.98,1836.96,1828.07,STOP_LOSS_HIT,NO,NO,-0.0785,0.0102,0.0,0.0,0.010191445,0.0002,-0.0989,-1.26,25,0.7948,0.6959,76.76,1,0.25,2026-08-03 13:52:00 UTC
2026-08-04 08:18:00 UTC,SHORT,LONDON,MODULE_C_EMA_PULLBACK,BEARISH,M5_BEAR_TREND,MODULE_C_EMA_PULLBACK,90,1859.73,MARKET_TAKER,0.011,20.457,0.2046,100,1858.8,1853.11,1846.48,STOP_LOSS_HIT,YES,NO,0.0386,0.0102,0.00185311,0.0,0.00557643,0.0002,0.021,0.36,123,0.6959,0.7169,76.06,0,0.25,2026-08-04 10:21:00 UTC
2026-08-04 10:55:00 UTC,LONG,LONDON,MODULE_C_EMA_PULLBACK,BULLISH,M5_BEAR_TREND,MODULE_C_EMA_PULLBACK,65,1866.57,MARKET_TAKER,0.011,20.5323,0.2053,100,1867.5,1877.79,1889.03,STOP_LOSS_HIT,YES,NO,0.0616,0.0103,0.00187779,0.0,0.00560247,0.0002,0.0438,0.44,155,0.7169,0.7607,74.6,0,0.25,2026-08-04 13:30:00 UTC
2026-08-04 13:40:00 UTC,LONG,LONDON_NY_OVERLAP,MODULE_C_EMA_PULLBACK,BULLISH,M5_BULL_TREND,MODULE_C_EMA_PULLBACK,80,1873.87,MARKET_TAKER,0.011,20.6126,0.2061,100,1866.49,1883.07,1892.28,STOP_LOSS_HIT,NO,NO,-0.0813,0.0103,0.0,0.0,0.01026564,0.0002,-0.1019,-1.26,7,0.7607,0.6588,78.0,1,0.25,2026-08-04 13:47:00 UTC
2026-08-05 08:00:00 UTC,LONG,LONDON,MODULE_D_MOMENTUM_IMPULSE,BULLISH,M5_BEAR_TREND,MODULE_D_MOMENTUM_IMPULSE,75,1872.69,MARKET_TAKER,0.011,20.5996,0.206,100,1865.15,1882.09,1891.51,STOP_LOSS_HIT,NO,NO,-0.083,0.0103,0.0,0.0,0.01025827,0.0002,-0.1036,-1.25,174,0.6588,0.5552,81.46,2,0.25,2026-08-05 10:54:00 UTC
2026-08-06 11:02:00 UTC,SHORT,LONDON,MODULE_C_EMA_PULLBACK,BEARISH,M5_BEAR_TREND,MODULE_C_EMA_PULLBACK,90,1897.54,MARKET_TAKER,0.011,20.8729,0.2087,100,1903.65,1889.93,1882.31,STOP_LOSS_HIT,NO,NO,-0.0673,0.0104,0.0,0.0,0.01047013,0.0002,-0.0882,-1.32,13,0.5552,0.467,84.41,3,0.19,2026-08-06 11:15:00 UTC
2026-08-07 08:44:00 UTC,LONG,LONDON,MODULE_D_MOMENTUM_IMPULSE,BULLISH,M5_BULL_TREND,MODULE_D_MOMENTUM_IMPULSE,90,1912.6,MARKET_TAKER,0.011,21.0386,0.2104,100,1913.56,1922.1,1931.61,TAKE_PROFIT_2_HIT,YES,YES,0.1616,0.0105,0.0019221000000000002,0.002317932,0.0,0.0001,0.1469,1.75,205,0.467,0.6139,79.5,0,0.12,2026-08-07 12:09:00 UTC
2026-08-07 12:39:00 UTC,LONG,LONDON,MODULE_E_M5_M1_HYBRID,BULLISH,M5_BULL_TREND,MODULE_E_M5_M1_HYBRID,80,1928.03,MARKET_TAKER,0.011,21.2083,0.2121,100,1920.65,1937.23,1946.44,STOP_LOSS_HIT,NO,NO,-0.0813,0.0106,0.0,0.0,0.01056352,0.0002,-0.1025,-1.26,80,0.6139,0.5114,82.92,1,0.25,2026-08-07 13:59:00 UTC
2026-08-07 14:19:00 UTC,LONG,LONDON_NY_OVERLAP,MODULE_B_BREAKOUT,BULLISH,M5_BULL_TREND,MODULE_B_BREAKOUT,80,1917.06,MARKET_TAKER,0.011,21.0877,0.2109,100,1908.78,1927.39,1937.73,STOP_LOSS_HIT,NO,NO,-0.0912,0.0105,0.0,0.0,0.010498235,0.0002,-0.1122,-1.23,160,0.5114,0.3992,86.67,2,0.25,2026-08-07 16:59:00 UTC
2026-08-09 08:06:00 UTC,LONG,LONDON,MODULE_C_EMA_PULLBACK,BULLISH,M5_BULL_TREND,MODULE_C_EMA_PULLBACK,80,1922.54,MARKET_TAKER,0.011,21.1479,0.2115,100,1916.76,1929.74,1936.94,STOP_LOSS_HIT,NO,NO,-0.0637,0.0106,0.0,0.0,0.010542125,0.0002,-0.0848,-1.34,34,0.3992,0.3144,89.5,3,0.19,2026-08-09 08:40:00 UTC
2026-08-10 09:32:00 UTC,SHORT,LONDON,MODULE_D_MOMENTUM_IMPULSE,BEARISH,M5_BULL_TREND,MODULE_D_MOMENTUM_IMPULSE,65,1918.63,MARKET_TAKER,0.011,21.1049,0.211,100,1917.67,1911.18,1903.72,TAKE_PROFIT_2_HIT,YES,YES,0.1267,0.0106,0.0019111800000000004,0.0022844640000000004,0.0,0.0001,0.1119,1.7,242,0.3144,0.4263,85.77,0,0.12,2026-08-10 13:34:00 UTC
2026-08-10 13:46:00 UTC,SHORT,LONDON_NY_OVERLAP,MODULE_C_EMA_PULLBACK,BEARISH,M5_BEAR_TREND,MODULE_C_EMA_PULLBACK,90,1899.25,MARKET_TAKER,0.011,20.8917,0.2089,100,1898.3,1890.32,1881.37,TAKE_PROFIT_2_HIT,YES,YES,0.1519,0.0104,0.00189032,0.002257644,0.0,0.0001,0.1374,1.75,86,0.4263,0.5637,81.18,0,0.25,2026-08-10 15:12:00 UTC
2026-08-10 15:24:00 UTC,SHORT,LONDON_NY_OVERLAP,MODULE_C_EMA_PULLBACK,BEARISH,M5_BEAR_TREND,MODULE_C_EMA_PULLBACK,90,1874.49,MARKET_TAKER,0.011,20.6194,0.2062,100,1881.74,1865.45,1856.4,STOP_LOSS_HIT,NO,NO,-0.0799,0.0103,0.0,0.0,0.010349625,0.0002,-0.1005,-1.26,1108,0.5637,0.4632,84.53,1,0.25,2026-08-11 09:52:00 UTC
2026-08-12 08:06:00 UTC,LONG,LONDON,MODULE_C_EMA_PULLBACK,BULLISH,M5_BULL_TREND,MODULE_C_EMA_PULLBACK,90,1895.11,MARKET_TAKER,0.011,20.8462,0.2085,100,1896.06,1902.89,1910.68,TAKE_PROFIT_2_HIT,YES,YES,0.1323,0.0104,0.0019028900000000002,0.0022928160000000005,0.0,0.0001,0.1177,1.72,116,0.4632,0.5809,80.6,0,0.25,2026-08-12 10:02:00 UTC
2026-08-12 10:12:00 UTC,LONG,LONDON,MODULE_C_EMA_PULLBACK,BULLISH,M5_BULL_TREND,MODULE_C_EMA_PULLBACK,90,1911.61,MARKET_TAKER,0.011,21.0277,0.2103,100,1912.57,1919.27,1926.95,STOP_LOSS_HIT,YES,NO,0.044,0.0105,0.00191927,0.0,0.00573768,0.0002,0.0258,0.38,138,0.5809,0.6067,79.74,0,0.25,2026-08-12 12:30:00 UTC
2026-08-12 12:52:00 UTC,LONG,LONDON,MODULE_E_M5_M1_HYBRID,BULLISH,M5_BULL_TREND,MODULE_E_M5_M1_HYBRID,80,1910.31,MARKET_TAKER,0.011,21.0134,0.2101,100,1903.95,1918.23,1926.16,STOP_LOSS_HIT,NO,NO,-0.0701,0.0105,0.0,0.0,0.01047167,0.0002,-0.0911,-1.31,39,0.6067,0.5156,82.78,1,0.25,2026-08-12 13:31:00 UTC
2026-08-12 13:48:00 UTC,LONG,LONDON_NY_OVERLAP,MODULE_E_M5_M1_HYBRID,BULLISH,M5_BULL_TREND,MODULE_E_M5_M1_HYBRID,80,1906.12,MARKET_TAKER,0.011,20.9673,0.2097,100,1900.02,1913.72,1921.34,STOP_LOSS_HIT,NO,NO,-0.0672,0.0105,0.0,0.0,0.010450055,0.0002,-0.0882,-1.32,7,0.5156,0.4274,85.73,2,0.25,2026-08-12 13:55:00 UTC
2026-08-13 09:11:00 UTC,SHORT,LONDON,MODULE_C_EMA_PULLBACK,BEARISH,M5_BEAR_TREND,MODULE_C_EMA_PULLBACK,80,1883.7,MARKET_TAKER,0.011,20.7207,0.2072,100,1889.33,1876.69,1869.67,STOP_LOSS_HIT,NO,NO,-0.062,0.0104,0.0,0.0,0.010391369999999999,0.0002,-0.0828,-1.34,46,0.4274,0.3446,88.49,3,0.19,2026-08-13 09:57:00 UTC
2026-08-14 08:24:00 UTC,SHORT,LONDON,MODULE_C_EMA_PULLBACK,BEARISH,M5_BEAR_TREND,MODULE_C_EMA_PULLBACK,90,1869.07,MARKET_TAKER,0.011,20.5598,0.2056,100,1874.95,1861.74,1854.39,STOP_LOSS_HIT,NO,NO,-0.0648,0.0103,0.0,0.0,0.01031228,0.0002,-0.0854,-1.32,14,0.3446,0.2592,91.35,4,0.12,2026-08-14 08:38:00 UTC
2026-08-15 12:59:00 UTC,LONG,LONDON,MODULE_D_MOMENTUM_IMPULSE,BULLISH,M5_BEAR_TREND,MODULE_D_MOMENTUM_IMPULSE,75,1883.01,MARKET_TAKER,0.011,20.7131,0.2071,100,1877.41,1889.98,1896.97,STOP_LOSS_HIT,NO,NO,-0.0617,0.0104,0.0,0.0,0.0103257,0.0002,-0.0824,-1.34,760,0.2592,0.1768,94.1,5,0.06,2026-08-16 01:39:00 UTC
2026-08-17 08:11:00 UTC,SHORT,LONDON,MODULE_C_EMA_PULLBACK,BEARISH,M5_BULL_TREND,MODULE_C_EMA_PULLBACK,75,1892.6,MARKET_TAKER,0.011,20.8186,0.2082,100,1901.1,1882.0,1871.39,STOP_LOSS_HIT,NO,NO,-0.0936,0.0104,0.0,0.0,0.010456104999999999,0.0002,-0.1145,-1.23,141,0.1768,0.0623,97.92,6,0.25,2026-08-17 10:32:00 UTC
2026-08-18 08:19:00 UTC,LONG,LONDON,MODULE_C_EMA_PULLBACK,BEARISH,M5_BULL_TREND,MODULE_C_EMA_PULLBACK,65,1899.41,MARKET_TAKER,0.011,20.8935,0.2089,100,1900.36,1908.06,1916.73,TAKE_PROFIT_2_HIT,YES,YES,0.1472,0.0104,0.00190806,0.0023000760000000003,0.0,0.0001,0.1326,1.74,369,0.0623,0.1949,93.49,0,0.25,2026-08-18 14:28:00 UTC
2026-08-18 15:00:00 UTC,LONG,LONDON_NY_OVERLAP,MODULE_C_EMA_PULLBACK,BULLISH,M5_BULL_TREND,MODULE_C_EMA_PULLBACK,90,1914.74,MARKET_TAKER,0.011,21.0621,0.2106,100,1907.71,1923.5,1932.28,STOP_LOSS_HIT,NO,NO,-0.0774,0.0105,0.0,0.0,0.010492350000000001,0.0002,-0.0984,-1.27,10,0.1949,0.0965,96.78,1,0.25,2026-08-18 15:10:00 UTC
2026-08-18 15:34:00 UTC,LONG,LONDON_NY_OVERLAP,MODULE_C_EMA_PULLBACK,BULLISH,M5_BULL_TREND,MODULE_C_EMA_PULLBACK,90,1917.83,MARKET_TAKER,0.011,21.0961,0.211,100,1911.45,1925.78,1933.74,STOP_LOSS_HIT,NO,NO,-0.0703,0.0105,0.0,0.0,0.01051292,0.0002,-0.0913,-1.3,143,0.0965,0.0052,99.83,2,0.25,2026-08-18 17:57:00 UTC
2026-08-19 08:42:00 UTC,LONG,LONDON,MODULE_C_EMA_PULLBACK,BULLISH,M5_BULL_TREND,MODULE_C_EMA_PULLBACK,80,1924.0,MARKET_TAKER,0.011,21.164,0.2116,100,1916.5,1933.35,1942.71,STOP_LOSS_HIT,NO,NO,-0.0826,0.0106,0.0,0.0,0.010540695,0.0002,-0.1037,-1.26,106,0.0052,-0.0985,103.29,3,0.19,2026-08-19 10:28:00 UTC
2026-08-20 08:26:00 UTC,LONG,LONDON,MODULE_C_EMA_PULLBACK,BULLISH,M5_BULL_TREND,MODULE_C_EMA_PULLBACK,80,2275.35,MARKET_TAKER,0.009,20.4781,0.2048,100,2268.6,2283.76,2292.18,STOP_LOSS_HIT,NO,NO,-0.0608,0.0102,0.0,0.0,0.010208655,0.0002,-0.0812,-1.34,9,-0.0985,-0.1797,106.0,4,0.12,2026-08-20 08:35:00 UTC
2026-08-21 08:01:00 UTC,LONG,LONDON,MODULE_E_M5_M1_HYBRID,BULLISH,M5_BULL_TREND,MODULE_E_M5_M1_HYBRID,70,2376.54,MARKET_TAKER,0.009,21.3889,0.2139,100,2377.73,2388.09,2399.64,TAKE_PROFIT_2_HIT,YES,YES,0.1617,0.0107,0.001910472,0.0023996399999999998,0.0,0.0001,0.1467,1.76,33,-0.1797,-0.033,101.1,0,0.06,2026-08-21 08:34:00 UTC
2026-08-21 09:58:00 UTC,LONG,LONDON,MODULE_A_SWEEP_RECLAIM,BULLISH,M5_BULL_TREND,MODULE_A_SWEEP_RECLAIM,90,2399.04,MARKET_TAKER,0.009,21.5914,0.2159,100,2400.24,2410.11,2421.19,STOP_LOSS_HIT,YES,NO,0.0502,0.0108,0.0019280880000000001,0.0,0.006000575,0.0001,0.0315,0.39,28,-0.033,-0.0015,100.05,0,0.25,2026-08-21 10:26:00 UTC
2026-08-21 10:45:00 UTC,LONG,LONDON,MODULE_E_M5_M1_HYBRID,BULLISH,M5_BULL_TREND,MODULE_E_M5_M1_HYBRID,80,2399.44,MARKET_TAKER,0.009,21.595,0.2159,100,2390.27,2410.88,2422.33,STOP_LOSS_HIT,NO,NO,-0.0826,0.0108,0.0,0.0,0.01075617,0.0002,-0.1042,-1.26,17,-0.0015,-0.1057,103.53,1,0.25,2026-08-21 11:02:00 UTC
2026-08-21 11:20:00 UTC,LONG,LONDON,MODULE_A_SWEEP_RECLAIM,BULLISH,M5_BULL_TREND,MODULE_A_SWEEP_RECLAIM,75,2377.72,MARKET_TAKER,0.009,21.3995,0.214,100,2378.91,2386.25,2394.8,STOP_LOSS_HIT,YES,NO,0.04,0.0107,0.001909,0.0,0.00594725,0.0001,0.0214,0.35,12,-0.1057,-0.0843,102.81,0,0.25,2026-08-21 11:32:00 UTC
2026-08-21 11:59:00 UTC,SHORT,LONDON,MODULE_C_EMA_PULLBACK,BULLISH,M5_BEAR_TREND,MODULE_C_EMA_PULLBACK,65,2370.41,MARKET_TAKER,0.009,21.3337,0.2133,100,2377.82,2361.17,2351.91,STOP_LOSS_HIT,NO,NO,-0.0668,0.0107,0.0,0.0,0.010700234999999999,0.0002,-0.0882,-1.32,14,-0.0843,-0.1725,105.76,1,0.25,2026-08-21 12:13:00 UTC
2026-08-22 08:04:00 UTC,SHORT,LONDON,MODULE_C_EMA_PULLBACK,BEARISH,M5_BEAR_TREND,MODULE_C_EMA_PULLBACK,90,2428.6,MARKET_TAKER,0.009,21.8574,0.2186,100,2438.36,2416.43,2404.24,STOP_LOSS_HIT,NO,NO,-0.0879,0.0109,0.0,0.0,0.010972665,0.0002,-0.1098,-1.25,6,-0.1725,-0.2823,109.43,2,0.25,2026-08-22 08:10:00 UTC
2026-08-23 08:33:00 UTC,LONG,LONDON,MODULE_B_BREAKOUT,BULLISH,M5_BULL_TREND,MODULE_B_BREAKOUT,95,2412.43,MARKET_TAKER,0.009,21.7119,0.2171,100,2413.64,2422.52,2432.63,STOP_LOSS_HIT,YES,NO,0.0464,0.0109,0.001938016,0.0,0.006034075000000001,0.0001,0.0275,0.38,23,-0.2823,-0.2548,108.51,0,0.19,2026-08-23 08:56:00 UTC
2026-08-23 09:40:00 UTC,LONG,LONDON,MODULE_E_M5_M1_HYBRID,BULLISH,M5_BULL_TREND,MODULE_E_M5_M1_HYBRID,70,2410.01,MARKET_TAKER,0.009,21.6901,0.2169,100,2411.22,2419.39,2428.78,TAKE_PROFIT_2_HIT,YES,YES,0.1314,0.0108,0.0019355120000000001,0.0024287800000000006,0.0,0.0001,0.1162,1.72,101,-0.2548,-0.1386,104.63,0,0.25,2026-08-23 11:21:00 UTC
2026-08-23 11:38:00 UTC,LONG,LONDON,MODULE_C_EMA_PULLBACK,BULLISH,M5_BULL_TREND,MODULE_C_EMA_PULLBACK,90,2434.38,MARKET_TAKER,0.009,21.9094,0.2191,100,2424.93,2446.16,2457.96,STOP_LOSS_HIT,NO,NO,-0.0851,0.011,0.0,0.0,0.010912139999999999,0.0002,-0.107,-1.26,28,-0.1386,-0.2456,108.2,1,0.25,2026-08-23 12:06:00 UTC
2026-08-23 13:31:00 UTC,LONG,LONDON_NY_OVERLAP,MODULE_A_SWEEP_RECLAIM,BULLISH,M5_BULL_TREND,MODULE_A_SWEEP_RECLAIM,100,2455.61,MARKET_TAKER,0.009,22.1005,0.221,100,2448.59,2464.36,2473.11,STOP_LOSS_HIT,NO,NO,-0.0633,0.0111,0.0,0.0,0.01101861,0.0002,-0.0854,-1.35,4,-0.2456,-0.331,111.05,2,0.25,2026-08-23 13:35:00 UTC
2026-08-24 08:06:00 UTC,LONG,LONDON,MODULE_E_M5_M1_HYBRID,BULLISH,M5_BULL_TREND,MODULE_E_M5_M1_HYBRID,70,2455.34,MARKET_TAKER,0.009,22.0981,0.221,100,2447.63,2464.96,2474.59,STOP_LOSS_HIT,NO,NO,-0.0695,0.011,0.0,0.0,0.01101429,0.0002,-0.0915,-1.32,6,-0.331,-0.4225,114.11,3,0.19,2026-08-24 08:12:00 UTC
2026-08-25 08:01:00 UTC,SHORT,LONDON,MODULE_C_EMA_PULLBACK,BEARISH,M5_BEAR_TREND,MODULE_C_EMA_PULLBACK,90,2475.67,MARKET_TAKER,0.009,22.281,0.2228,100,2485.17,2463.81,2451.95,STOP_LOSS_HIT,NO,NO,-0.0856,0.0111,0.0,0.0,0.011183309999999998,0.0002,-0.1079,-1.26,11,-0.4225,-0.5304,117.71,4,0.12,2026-08-25 08:12:00 UTC
2026-08-26 08:02:00 UTC,SHORT,LONDON,MODULE_C_EMA_PULLBACK,BEARISH,M5_BULL_TREND,MODULE_C_EMA_PULLBACK,75,2458.5,MARKET_TAKER,0.009,22.1265,0.2213,100,2466.28,2448.8,2439.08,STOP_LOSS_HIT,NO,NO,-0.0701,0.0111,0.0,0.0,0.011098305,0.0002,-0.0923,-1.32,7,-0.5304,-0.6227,120.79,5,0.06,2026-08-26 08:09:00 UTC
2026-08-27 08:24:00 UTC,LONG,LONDON,MODULE_C_EMA_PULLBACK,BULLISH,M5_BULL_TREND,MODULE_C_EMA_PULLBACK,80,2516.75,MARKET_TAKER,0.008,20.134,0.2013,100,2518.01,2526.36,2535.97,TAKE_PROFIT_2_HIT,YES,YES,0.1153,0.0101,0.0020210880000000003,0.002028776,0.0,0.0001,0.1012,1.64,5,-0.6227,-0.5215,117.41,0,0.25,2026-08-27 08:29:00 UTC
2026-08-27 08:39:00 UTC,LONG,LONDON,MODULE_C_EMA_PULLBACK,BULLISH,M5_BULL_TREND,MODULE_C_EMA_PULLBACK,80,2529.92,MARKET_TAKER,0.008,20.2394,0.2024,100,2531.18,2542.16,2554.41,TAKE_PROFIT_2_HIT,YES,YES,0.1469,0.0101,0.0020337280000000003,0.002043528,0.0,0.0001,0.1327,1.69,46,-0.5215,-0.3888,112.98,0,0.25,2026-08-27 09:25:00 UTC
2026-08-27 09:36:00 UTC,LONG,LONDON,MODULE_C_EMA_PULLBACK,BULLISH,M5_BULL_TREND,MODULE_C_EMA_PULLBACK,80,2545.95,MARKET_TAKER,0.008,20.3676,0.2037,100,2538.18,2555.65,2565.35,STOP_LOSS_HIT,NO,NO,-0.0622,0.0102,0.0,0.0,0.01015268,0.0002,-0.0826,-1.33,6,-0.3888,-0.4714,115.74,1,0.25,2026-08-27 09:42:00 UTC
2026-08-27 10:06:00 UTC,LONG,LONDON,MODULE_E_M5_M1_HYBRID,BULLISH,M5_BULL_TREND,MODULE_E_M5_M1_HYBRID,80,2537.78,MARKET_TAKER,0.008,20.3022,0.203,100,2528.93,2548.82,2559.87,STOP_LOSS_HIT,NO,NO,-0.0709,0.0102,0.0,0.0,0.010115680000000002,0.0002,-0.0912,-1.29,8,-0.4714,-0.5626,118.79,2,0.25,2026-08-27 10:14:00 UTC
2026-08-27 10:47:00 UTC,SHORT,LONDON,MODULE_C_EMA_PULLBACK,BEARISH,M5_BULL_TREND,MODULE_C_EMA_PULLBACK,75,2500.53,MARKET_TAKER,0.008,20.0042,0.2,100,2507.97,2491.26,2481.97,STOP_LOSS_HIT,NO,NO,-0.0596,0.01,0.0,0.0,0.01003192,0.0002,-0.0796,-1.34,29,-0.5626,-0.6422,121.44,3,0.19,2026-08-27 11:16:00 UTC
2026-08-28 08:46:00 UTC,SHORT,LONDON,MODULE_C_EMA_PULLBACK,BEARISH,M5_BULL_TREND,MODULE_C_EMA_PULLBACK,75,2489.83,MARKET_TAKER,0.009,22.4085,0.2241,100,2497.66,2480.06,2470.28,STOP_LOSS_HIT,NO,NO,-0.0706,0.0112,0.0,0.0,0.011239514999999999,0.0002,-0.093,-1.32,128,-0.6422,-0.7352,124.55,4,0.12,2026-08-28 10:54:00 UTC
2026-08-29 14:42:00 UTC,LONG,LONDON_NY_OVERLAP,MODULE_C_EMA_PULLBACK,BULLISH,M5_BULL_TREND,MODULE_C_EMA_PULLBACK,90,2442.64,MARKET_TAKER,0.009,21.9838,0.2198,100,2443.86,2452.61,2462.58,TAKE_PROFIT_2_HIT,YES,YES,0.1396,0.011,0.001962088,0.00246258,0.0,0.0001,0.1242,1.73,575,-0.7352,-0.611,120.4,0,0.06,2026-08-30 00:17:00 UTC
2026-08-30 12:04:00 UTC,LONG,LONDON,MODULE_E_M5_M1_HYBRID,BULLISH,M5_BULL_TREND,MODULE_E_M5_M1_HYBRID,95,2462.84,MARKET_TAKER,0.009,22.1656,0.2217,100,2464.07,2472.16,2481.49,STOP_LOSS_HIT,YES,NO,0.0434,0.0111,0.0019777279999999998,0.0,0.00616015,0.0001,0.0242,0.36,15,-0.611,-0.5868,119.59,0,0.25,2026-08-30 12:19:00 UTC
2026-08-30 12:42:00 UTC,LONG,LONDON,MODULE_E_M5_M1_HYBRID,BULLISH,M5_BULL_TREND,MODULE_E_M5_M1_HYBRID,70,2464.82,MARKET_TAKER,0.009,22.1834,0.2218,100,2466.05,2475.34,2485.86,TAKE_PROFIT_2_HIT,YES,YES,0.1473,0.0111,0.0019802720000000004,0.0024858600000000003,0.0,0.0001,0.1317,1.74,202,-0.5868,-0.4551,115.2,0,0.25,2026-08-30 16:04:00 UTC
2026-08-30 16:32:00 UTC,LONG,NEW_YORK,MODULE_C_EMA_PULLBACK,BULLISH,M5_BULL_TREND,MODULE_C_EMA_PULLBACK,90,2515.65,MARKET_TAKER,0.008,20.1252,0.2013,100,2516.91,2525.6,2535.56,STOP_LOSS_HIT,YES,NO,0.0448,0.0101,0.00202048,0.0,0.005033800000000001,0.0001,0.0276,0.43,43,-0.4551,-0.4275,114.27,0,0.25,2026-08-30 17:15:00 UTC
2026-08-30 17:28:00 UTC,LONG,NEW_YORK,MODULE_A_SWEEP_RECLAIM,BULLISH,M5_BULL_TREND,MODULE_A_SWEEP_RECLAIM,75,2499.35,MARKET_TAKER,0.009,22.4941,0.2249,100,2500.6,2508.71,2518.08,STOP_LOSS_HIT,YES,NO,0.0436,0.0112,0.0020069680000000005,0.0,0.006251475,0.0001,0.0241,0.36,129,-0.4275,-0.4034,113.47,0,0.25,2026-08-30 19:37:00 UTC
2026-08-30 20:00:00 UTC,LONG,NEW_YORK,MODULE_C_EMA_PULLBACK,BULLISH,M5_BULL_TREND,MODULE_C_EMA_PULLBACK,90,2504.94,MARKET_TAKER,0.008,20.0395,0.2004,100,2497.01,2514.83,2524.74,STOP_LOSS_HIT,NO,NO,-0.0635,0.01,0.0,0.0,0.009988,0.0002,-0.0835,-1.32,31,-0.4034,-0.4869,116.26,1,0.25,2026-08-30 20:31:00 UTC
2026-08-30 20:56:00 UTC,SHORT,NEW_YORK,MODULE_C_EMA_PULLBACK,BULLISH,M5_BEAR_TREND,MODULE_C_EMA_PULLBACK,65,2491.96,MARKET_TAKER,0.009,22.4276,0.2243,100,2490.71,2482.47,2472.98,TAKE_PROFIT_2_HIT,YES,YES,0.1329,0.0112,0.001985976,0.00247298,0.0,0.0001,0.1172,1.71,5,-0.4869,-0.3697,112.34,0,0.25,2026-08-30 21:01:00 UTC
2026-08-31 08:06:00 UTC,SHORT,LONDON,MODULE_C_EMA_PULLBACK,BEARISH,M5_BULL_TREND,MODULE_C_EMA_PULLBACK,75,2433.94,MARKET_TAKER,0.009,21.9055,0.2191,100,2441.22,2424.86,2415.77,STOP_LOSS_HIT,NO,NO,-0.0656,0.011,0.0,0.0,0.010985535,0.0002,-0.0876,-1.34,5,-0.3697,-0.4573,115.27,1,0.25,2026-08-31 08:11:00 UTC
2026-09-01 08:06:00 UTC,SHORT,LONDON,MODULE_A_SWEEP_RECLAIM,BEARISH,M5_BEAR_TREND,MODULE_A_SWEEP_RECLAIM,100,2464.36,MARKET_TAKER,0.009,22.1792,0.2218,100,2463.13,2453.74,2443.11,TAKE_PROFIT_2_HIT,YES,YES,0.1487,0.0111,0.0019629919999999998,0.00244311,0.0,0.0001,0.1332,1.74,59,-0.4573,-0.3241,110.82,0,0.25,2026-09-01 09:05:00 UTC
2026-09-01 10:53:00 UTC,SHORT,LONDON,MODULE_C_EMA_PULLBACK,BEARISH,M5_BEAR_TREND,MODULE_C_EMA_PULLBACK,80,2455.22,MARKET_TAKER,0.009,22.097,0.221,100,2462.24,2446.47,2437.71,STOP_LOSS_HIT,NO,NO,-0.0633,0.011,0.0,0.0,0.011080125,0.0002,-0.0854,-1.35,47,-0.3241,-0.4095,113.67,1,0.25,2026-09-01 11:40:00 UTC
2026-09-01 12:00:00 UTC,SHORT,LONDON,MODULE_C_EMA_PULLBACK,BEARISH,M5_BEAR_TREND,MODULE_C_EMA_PULLBACK,90,2455.59,MARKET_TAKER,0.009,22.1003,0.221,100,2454.36,2446.2,2436.81,TAKE_PROFIT_2_HIT,YES,YES,0.1315,0.0111,0.0019569599999999998,0.0024368099999999998,0.0,0.0001,0.116,1.71,40,-0.4095,-0.2935,109.8,0,0.25,2026-09-01 12:40:00 UTC
2026-09-01 13:02:00 UTC,SHORT,LONDON,MODULE_B_BREAKOUT,BEARISH,M5_BEAR_TREND,MODULE_B_BREAKOUT,95,2440.16,MARKET_TAKER,0.009,21.9614,0.2196,100,2438.94,2430.98,2421.8,TAKE_PROFIT_2_HIT,YES,YES,0.1285,0.011,0.001944784,0.0024218000000000004,0.0,0.0001,0.1131,1.71,4,-0.2935,-0.1804,106.02,0,0.25,2026-09-01 13:06:00 UTC
2026-09-01 13:35:00 UTC,SHORT,LONDON_NY_OVERLAP,MODULE_E_M5_M1_HYBRID,BEARISH,M5_BEAR_TREND,MODULE_E_M5_M1_HYBRID,70,2441.61,MARKET_TAKER,0.009,21.9745,0.2197,100,2440.39,2431.84,2422.05,STOP_LOSS_HIT,YES,NO,0.0451,0.011,0.0019454720000000002,0.0,0.0061010000000000005,0.0001,0.0261,0.37,8,-0.1804,-0.1543,105.15,0,0.25,2026-09-01 13:43:00 UTC
2026-09-01 13:53:00 UTC,SHORT,LONDON_NY_OVERLAP,MODULE_E_M5_M1_HYBRID,BEARISH,M5_BEAR_TREND,MODULE_E_M5_M1_HYBRID,70,2441.03,MARKET_TAKER,0.009,21.9693,0.2197,100,2449.3,2430.72,2420.4,STOP_LOSS_HIT,NO,NO,-0.0745,0.011,0.0,0.0,0.011021894999999999,0.0002,-0.0965,-1.3,8,-0.1543,-0.2508,108.37,1,0.25,2026-09-01 14:01:00 UTC
2026-09-01 14:18:00 UTC,SHORT,LONDON_NY_OVERLAP,MODULE_E_M5_M1_HYBRID,BEARISH,M5_BEAR_TREND,MODULE_E_M5_M1_HYBRID,80,2446.07,MARKET_TAKER,0.009,22.0146,0.2201,100,2456.36,2433.23,2420.38,STOP_LOSS_HIT,NO,NO,-0.0927,0.011,0.0,0.0,0.011053664999999999,0.0002,-0.1148,-1.24,29,-0.2508,-0.3656,112.21,2,0.25,2026-09-01 14:47:00 UTC
2026-09-01 16:01:00 UTC,SHORT,LONDON_NY_OVERLAP,MODULE_E_M5_M1_HYBRID,BEARISH,M5_BEAR_TREND,MODULE_E_M5_M1_HYBRID,80,2445.17,MARKET_TAKER,0.009,22.0065,0.2201,100,2443.95,2433.93,2422.68,TAKE_PROFIT_2_HIT,YES,YES,0.1574,0.011,0.0019471439999999998,0.00242268,0.0,0.0001,0.142,1.75,35,-0.3656,-0.2236,107.47,0,0.19,2026-09-01 16:36:00 UTC
2026-09-02 08:02:00 UTC,SHORT,LONDON,MODULE_C_EMA_PULLBACK,BEARISH,M5_BULL_TREND,MODULE_C_EMA_PULLBACK,65,2413.93,MARKET_TAKER,0.009,21.7254,0.2173,100,2412.72,2404.49,2395.03,TAKE_PROFIT_2_HIT,YES,YES,0.1323,0.0109,0.001923592,0.0023950300000000002,0.0,0.0001,0.1171,1.72,40,-0.2236,-0.1065,103.56,0,0.25,2026-09-02 08:42:00 UTC
2026-09-02 08:53:00 UTC,SHORT,LONDON,MODULE_C_EMA_PULLBACK,BEARISH,M5_BEAR_TREND,MODULE_C_EMA_PULLBACK,80,2391.81,MARKET_TAKER,0.009,21.5263,0.2153,100,2390.61,2378.73,2365.65,TAKE_PROFIT_2_HIT,YES,YES,0.1831,0.0108,0.0019029840000000001,0.0023656500000000004,0.0,0.0001,0.168,1.78,53,-0.1065,0.0615,97.95,0,0.25,2026-09-02 09:46:00 UTC
2026-09-02 10:30:00 UTC,SHORT,LONDON,MODULE_C_EMA_PULLBACK,BEARISH,M5_BEAR_TREND,MODULE_C_EMA_PULLBACK,90,2368.05,MARKET_TAKER,0.009,21.3124,0.2131,100,2366.87,2358.95,2349.85,STOP_LOSS_HIT,YES,NO,0.0423,0.0107,0.00188716,0.0,0.0059172,0.0001,0.0238,0.36,24,0.0615,0.0853,97.15,0,0.25,2026-09-02 10:54:00 UTC
2026-09-02 11:22:00 UTC,SHORT,LONDON,MODULE_E_M5_M1_HYBRID,BEARISH,M5_BEAR_TREND,MODULE_E_M5_M1_HYBRID,70,2370.02,MARKET_TAKER,0.009,21.3302,0.2133,100,2376.96,2361.37,2352.71,STOP_LOSS_HIT,NO,NO,-0.0625,0.0107,0.0,0.0,0.010696365,0.0002,-0.0839,-1.35,12,0.0853,0.0014,99.95,1,0.25,2026-09-02 11:34:00 UTC
2026-09-02 12:38:00 UTC,SHORT,LONDON,MODULE_C_EMA_PULLBACK,BEARISH,M5_BEAR_TREND,MODULE_C_EMA_PULLBACK,90,2379.44,MARKET_TAKER,0.009,21.415,0.2141,100,2387.76,2369.06,2358.68,STOP_LOSS_HIT,NO,NO,-0.075,0.0107,0.0,0.0,0.010744964999999999,0.0002,-0.0964,-1.29,48,0.0014,-0.095,103.17,2,0.25,2026-09-02 13:26:00 UTC
2026-09-02 13:59:00 UTC,LONG,LONDON_NY_OVERLAP,MODULE_C_EMA_PULLBACK,BULLISH,M5_BULL_TREND,MODULE_C_EMA_PULLBACK,80,2402.31,MARKET_TAKER,0.009,21.6208,0.2162,100,2395.27,2411.09,2419.87,STOP_LOSS_HIT,NO,NO,-0.0634,0.0108,0.0,0.0,0.01077867,0.0002,-0.085,-1.34,5,-0.095,-0.18,106.01,3,0.19,2026-09-02 14:04:00 UTC
2026-09-02 14:21:00 UTC,LONG,LONDON_NY_OVERLAP,MODULE_B_BREAKOUT,BULLISH,M5_BULL_TREND,MODULE_B_BREAKOUT,95,2408.65,MARKET_TAKER,0.009,21.6778,0.2168,100,2400.54,2418.77,2428.89,STOP_LOSS_HIT,NO,NO,-0.0731,0.0108,0.0,0.0,0.010802385,0.0002,-0.0947,-1.3,4,-0.18,-0.2747,109.17,4,0.12,2026-09-02 14:25:00 UTC
2026-09-03 08:03:00 UTC,LONG,LONDON,MODULE_E_M5_M1_HYBRID,BULLISH,M5_BULL_TREND,MODULE_E_M5_M1_HYBRID,80,2404.44,MARKET_TAKER,0.009,21.64,0.2164,100,2393.64,2417.91,2431.39,STOP_LOSS_HIT,NO,NO,-0.0973,0.0108,0.0,0.0,0.010771335,0.0002,-0.1189,-1.22,98,-0.2747,-0.3936,113.14,5,0.06,2026-09-03 09:41:00 UTC
2026-09-04 08:12:00 UTC,LONG,LONDON,MODULE_C_EMA_PULLBACK,BULLISH,M5_BEAR_TREND,MODULE_C_EMA_PULLBACK,75,2510.63,MARKET_TAKER,0.008,20.085,0.2009,100,2511.89,2521.49,2532.36,TAKE_PROFIT_2_HIT,YES,YES,0.1304,0.01,0.002017192,0.0020258880000000004,0.0,0.0001,0.1164,1.67,34,-0.3936,-0.2772,109.26,0,0.25,2026-09-04 08:46:00 UTC
2026-09-04 08:57:00 UTC,LONG,LONDON,MODULE_C_EMA_PULLBACK,BULLISH,M5_BULL_TREND,MODULE_C_EMA_PULLBACK,80,2524.6,MARKET_TAKER,0.008,20.1968,0.202,100,2525.86,2537.36,2550.12,STOP_LOSS_HIT,YES,NO,0.056,0.0101,0.002029888,0.0,0.0050517,0.0001,0.0388,0.47,24,-0.2772,-0.2384,107.96,0,0.25,2026-09-04 09:21:00 UTC
2026-09-04 09:32:00 UTC,LONG,LONDON,MODULE_E_M5_M1_HYBRID,BULLISH,M5_BULL_TREND,MODULE_E_M5_M1_HYBRID,80,2526.78,MARKET_TAKER,0.008,20.2142,0.2021,100,2517.0,2538.98,2551.19,STOP_LOSS_HIT,NO,NO,-0.0783,0.0101,0.0,0.0,0.010067959999999999,0.0002,-0.0985,-1.26,37,-0.2384,-0.3369,111.25,1,0.25,2026-09-04 10:09:00 UTC
2026-09-04 10:32:00 UTC,LONG,LONDON,MODULE_C_EMA_PULLBACK,BULLISH,M5_BULL_TREND,MODULE_C_EMA_PULLBACK,90,2523.0,MARKET_TAKER,0.008,20.184,0.2018,100,2514.35,2533.79,2544.59,LIQUIDATION,NO,NO,-0.1614,0.0101,0.0,0.0,0.010011280000000001,0.0002,-0.1815,-2.63,118,-0.3369,-0.5184,117.31,2,0.25,2026-09-04 12:30:00 UTC
2026-09-05 13:52:00 UTC,SHORT,LONDON_NY_OVERLAP,MODULE_C_EMA_PULLBACK,BEARISH,M5_BULL_TREND,MODULE_C_EMA_PULLBACK,75,2449.24,MARKET_TAKER,0.009,22.0432,0.2204,100,2459.33,2436.64,2424.04,STOP_LOSS_HIT,NO,NO,-0.0909,0.011,0.0,0.0,0.011067029999999999,0.0002,-0.113,-1.25,131,-0.5184,-0.6314,121.08,3,0.19,2026-09-05 16:03:00 UTC
2026-09-06 09:43:00 UTC,SHORT,LONDON,MODULE_C_EMA_PULLBACK,BULLISH,M5_BEAR_TREND,MODULE_C_EMA_PULLBACK,65,2493.93,MARKET_TAKER,0.009,22.4454,0.2245,100,2502.61,2483.11,2472.28,STOP_LOSS_HIT,NO,NO,-0.0782,0.0112,0.0,0.0,0.011261789999999999,0.0002,-0.1007,-1.29,83,-0.6314,-0.7321,124.44,4,0.12,2026-09-06 11:06:00 UTC
2026-09-07 09:56:00 UTC,SHORT,LONDON,MODULE_C_EMA_PULLBACK,BEARISH,M5_BEAR_TREND,MODULE_C_EMA_PULLBACK,80,2484.84,MARKET_TAKER,0.009,22.3636,0.2236,100,2492.36,2475.47,2466.08,STOP_LOSS_HIT,NO,NO,-0.0678,0.0112,0.0,0.0,0.011215664999999998,0.0002,-0.0902,-1.33,96,-0.7321,-0.8223,127.46,5,0.06,2026-09-07 11:32:00 UTC
2026-09-08 08:01:00 UTC,SHORT,LONDON,MODULE_C_EMA_PULLBACK,BEARISH,M5_BEAR_TREND,MODULE_C_EMA_PULLBACK,90,2472.02,MARKET_TAKER,0.009,22.2482,0.2225,100,2479.32,2462.92,2453.82,STOP_LOSS_HIT,NO,NO,-0.0658,0.0111,0.0,0.0,0.011156985,0.0002,-0.0881,-1.34,34,-0.8223,-0.9104,130.4,6,0.25,2026-09-08 08:35:00 UTC
2026-09-09 08:02:00 UTC,LONG,LONDON,MODULE_C_EMA_PULLBACK,BULLISH,M5_BULL_TREND,MODULE_C_EMA_PULLBACK,90,2514.73,MARKET_TAKER,0.008,20.1178,0.2012,100,2507.4,2523.87,2533.02,STOP_LOSS_HIT,NO,NO,-0.0587,0.0101,0.0,0.0,0.01002956,0.0002,-0.0788,-1.35,88,-0.9104,-0.9892,133.03,7,0.25,2026-09-09 09:30:00 UTC
2026-09-10 09:35:00 UTC,SHORT,LONDON,MODULE_C_EMA_PULLBACK,BEARISH,M5_BEAR_TREND,MODULE_C_EMA_PULLBACK,80,2470.12,MARKET_TAKER,0.009,22.2311,0.2223,100,2468.88,2461.34,2452.54,TAKE_PROFIT_2_HIT,YES,YES,0.123,0.0111,0.0019690720000000005,0.0024525400000000004,0.0,0.0001,0.1075,1.7,175,-0.9892,-0.8817,129.44,0,0.19,2026-09-10 12:30:00 UTC
2026-09-10 13:08:00 UTC,SHORT,LONDON,MODULE_C_EMA_PULLBACK,BEARISH,M5_BEAR_TREND,MODULE_C_EMA_PULLBACK,80,2416.93,MARKET_TAKER,0.009,21.7524,0.2175,100,2415.72,2407.16,2397.39,STOP_LOSS_HIT,YES,NO,0.0451,0.0109,0.0019257279999999998,0.0,0.006039325,0.0001,0.0262,0.37,8,-0.8817,-0.8555,128.57,0,0.25,2026-09-10 13:16:00 UTC
2026-09-10 14:05:00 UTC,SHORT,LONDON_NY_OVERLAP,MODULE_E_M5_M1_HYBRID,BEARISH,M5_BEAR_TREND,MODULE_E_M5_M1_HYBRID,70,2431.5,MARKET_TAKER,0.009,21.8835,0.2188,100,2440.79,2419.92,2408.32,STOP_LOSS_HIT,NO,NO,-0.0837,0.0109,0.0,0.0,0.0109836,0.0002,-0.1056,-1.26,19,-0.8555,-0.9611,132.09,1,0.25,2026-09-10 14:24:00 UTC
2026-09-11 08:29:00 UTC,LONG,LONDON,MODULE_C_EMA_PULLBACK,BULLISH,M5_BULL_TREND,MODULE_C_EMA_PULLBACK,80,2473.62,MARKET_TAKER,0.009,22.2626,0.2226,100,2474.86,2483.33,2493.06,STOP_LOSS_HIT,YES,NO,0.045,0.0111,0.001986664,0.0,0.006187125,0.0001,0.0257,0.37,21,-0.9611,-0.9354,131.23,0,0.25,2026-09-11 08:50:00 UTC
2026-09-12 13:10:00 UTC,LONG,LONDON,MODULE_C_EMA_PULLBACK,BULLISH,M5_BULL_TREND,MODULE_C_EMA_PULLBACK,80,2539.67,MARKET_TAKER,0.008,20.3174,0.2032,100,2532.03,2549.2,2558.74,STOP_LOSS_HIT,NO,NO,-0.0612,0.0102,0.0,0.0,0.010128080000000001,0.0002,-0.0815,-1.33,147,-0.9354,-1.0169,133.95,1,0.25,2026-09-12 15:37:00 UTC
2026-09-13 08:17:00 UTC,SHORT,LONDON,MODULE_C_EMA_PULLBACK,BEARISH,M5_BEAR_TREND,MODULE_C_EMA_PULLBACK,90,2509.99,MARKET_TAKER,0.008,20.0799,0.2008,100,2508.74,2500.52,2491.04,TAKE_PROFIT_2_HIT,YES,YES,0.1137,0.01,0.002000416,0.001992832,0.0,0.0001,0.0997,1.64,22,-1.0169,-0.9172,130.63,0,0.25,2026-09-13 08:39:00 UTC
2026-09-13 09:15:00 UTC,SHORT,LONDON,MODULE_C_EMA_PULLBACK,BEARISH,M5_BEAR_TREND,MODULE_C_EMA_PULLBACK,90,2488.81,MARKET_TAKER,0.009,22.3993,0.224,100,2487.57,2478.96,2469.09,TAKE_PROFIT_2_HIT,YES,YES,0.138,0.0112,0.0019831680000000004,0.0024690900000000006,0.0,0.0001,0.1223,1.72,18,-0.9172,-0.7949,126.54,0,0.25,2026-09-13 09:33:00 UTC
2026-09-13 10:58:00 UTC,SHORT,LONDON,MODULE_C_EMA_PULLBACK,BEARISH,M5_BEAR_TREND,MODULE_C_EMA_PULLBACK,90,2470.0,MARKET_TAKER,0.009,22.23,0.2223,100,2478.28,2459.68,2449.35,STOP_LOSS_HIT,NO,NO,-0.0746,0.0111,0.0,0.0,0.011152304999999998,0.0002,-0.0969,-1.3,42,-0.7949,-0.8918,129.78,1,0.25,2026-09-13 11:40:00 UTC
2026-09-13 12:38:00 UTC,SHORT,LONDON,MODULE_C_EMA_PULLBACK,BEARISH,M5_BEAR_TREND,MODULE_C_EMA_PULLBACK,80,2474.29,MARKET_TAKER,0.009,22.2686,0.2227,100,2473.05,2465.14,2455.99,STOP_LOSS_HIT,YES,NO,0.0428,0.0111,0.001972112,0.0,0.00618265,0.0001,0.0235,0.36,63,-0.8918,-0.8683,128.99,0,0.25,2026-09-13 13:41:00 UTC
2026-09-13 15:05:00 UTC,SHORT,LONDON_NY_OVERLAP,MODULE_C_EMA_PULLBACK,BEARISH,M5_BULL_TREND,MODULE_C_EMA_PULLBACK,65,2484.69,MARKET_TAKER,0.009,22.3622,0.2236,100,2491.98,2475.6,2466.49,STOP_LOSS_HIT,NO,NO,-0.0657,0.0112,0.0,0.0,0.011213955,0.0002,-0.0881,-1.34,19,-0.8683,-0.9564,131.93,1,0.25,2026-09-13 15:24:00 UTC
2026-09-13 16:09:00 UTC,LONG,LONDON_NY_OVERLAP,MODULE_C_EMA_PULLBACK,BULLISH,M5_BULL_TREND,MODULE_C_EMA_PULLBACK,80,2496.74,MARKET_TAKER,0.009,22.4707,0.2247,100,2497.99,2507.21,2517.69,STOP_LOSS_HIT,YES,NO,0.0481,0.0112,0.0020057680000000002,0.0,0.00624495,0.0001,0.0286,0.38,351,-0.9564,-0.9278,130.98,0,0.25,2026-09-13 22:00:00 UTC
2026-09-14 08:10:00 UTC,LONG,LONDON,MODULE_C_EMA_PULLBACK,BULLISH,M5_BULL_TREND,MODULE_C_EMA_PULLBACK,90,2524.34,MARKET_TAKER,0.008,20.1947,0.2019,100,2514.82,2536.22,2548.1,STOP_LOSS_HIT,NO,NO,-0.0762,0.0101,0.0,0.0,0.01005924,0.0002,-0.0964,-1.27,57,-0.9278,-1.0242,134.2,1,0.25,2026-09-14 09:07:00 UTC
2026-09-15 08:00:00 UTC,SHORT,LONDON,MODULE_C_EMA_PULLBACK,BEARISH,M5_BEAR_TREND,MODULE_C_EMA_PULLBACK,90,2470.61,MARKET_TAKER,0.009,22.2355,0.2224,100,2477.91,2461.5,2452.39,STOP_LOSS_HIT,NO,NO,-0.0658,0.0111,0.0,0.0,0.01115064,0.0002,-0.0881,-1.34,113,-1.0242,-1.1123,137.14,2,0.25,2026-09-15 09:53:00 UTC
2026-09-16 08:06:00 UTC,SHORT,LONDON,MODULE_E_M5_M1_HYBRID,BEARISH,M5_BEAR_TREND,MODULE_E_M5_M1_HYBRID,85,2389.84,MARKET_TAKER,0.009,21.5086,0.2151,100,2397.53,2380.25,2370.66,STOP_LOSS_HIT,NO,NO,-0.0693,0.0108,0.0,0.0,0.010788929999999999,0.0002,-0.0909,-1.32,48,-1.1123,-1.2032,140.17,3,0.19,2026-09-16 08:54:00 UTC
2026-09-17 08:22:00 UTC,LONG,LONDON,MODULE_E_M5_M1_HYBRID,BULLISH,M5_BULL_TREND,MODULE_E_M5_M1_HYBRID,70,2442.56,MARKET_TAKER,0.009,21.983,0.2198,100,2435.59,2451.25,2459.95,STOP_LOSS_HIT,NO,NO,-0.0628,0.011,0.0,0.0,0.010960109999999999,0.0002,-0.0848,-1.35,100,-1.2032,-1.288,143.01,4,0.12,2026-09-17 10:02:00 UTC
2026-09-18 08:01:00 UTC,LONG,LONDON,MODULE_C_EMA_PULLBACK,BULLISH,M5_BULL_TREND,MODULE_C_EMA_PULLBACK,90,2493.5,MARKET_TAKER,0.009,22.4415,0.2244,100,2486.27,2502.51,2511.54,STOP_LOSS_HIT,NO,NO,-0.0652,0.0112,0.0,0.0,0.011188169999999999,0.0002,-0.0876,-1.35,8,-1.288,-1.3756,145.93,5,0.06,2026-09-18 08:09:00 UTC
2026-09-19 08:09:00 UTC,LONG,LONDON,MODULE_E_M5_M1_HYBRID,BULLISH,M5_BULL_TREND,MODULE_E_M5_M1_HYBRID,95,2631.19,MARKET_TAKER,0.008,21.0495,0.2105,100,2632.51,2641.56,2651.94,TAKE_PROFIT_2_HIT,YES,YES,0.1245,0.0105,0.0021132480000000003,0.002121552,0.0,0.0001,0.1098,1.65,11,-1.3756,-1.2658,142.27,0,0.25,2026-09-19 08:20:00 UTC
2026-09-19 08:35:00 UTC,LONG,LONDON,MODULE_C_EMA_PULLBACK,BULLISH,M5_BULL_TREND,MODULE_C_EMA_PULLBACK,90,2650.22,MARKET_TAKER,0.008,21.2018,0.212,100,2640.91,2661.83,2673.45,STOP_LOSS_HIT,NO,NO,-0.0746,0.0106,0.0,0.0,0.010563600000000001,0.0002,-0.0958,-1.29,57,-1.2658,-1.3616,145.46,1,0.25,2026-09-19 09:32:00 UTC
2026-09-20 10:07:00 UTC,SHORT,LONDON,MODULE_C_EMA_PULLBACK,BEARISH,M5_BEAR_TREND,MODULE_C_EMA_PULLBACK,90,2572.58,MARKET_TAKER,0.008,20.5806,0.2058,100,2581.25,2561.77,2550.94,STOP_LOSS_HIT,NO,NO,-0.0694,0.0103,0.0,0.0,0.010325040000000002,0.0002,-0.09,-1.3,125,-1.3616,-1.4516,148.47,2,0.25,2026-09-20 12:12:00 UTC
2026-09-21 08:08:00 UTC,LONG,LONDON,MODULE_C_EMA_PULLBACK,BULLISH,M5_BEAR_TREND,MODULE_C_EMA_PULLBACK,75,2667.92,MARKET_TAKER,0.008,21.3434,0.2134,100,2669.25,2682.5,2697.1,TAKE_PROFIT_2_HIT,YES,YES,0.175,0.0107,0.0021460000000000003,0.00215768,0.0,0.0001,0.16,1.71,30,-1.4516,-1.2916,143.13,0,0.19,2026-09-21 08:38:00 UTC
2026-09-21 09:01:00 UTC,LONG,LONDON,MODULE_A_SWEEP_RECLAIM,BULLISH,M5_BULL_TREND,MODULE_A_SWEEP_RECLAIM,90,2698.85,MARKET_TAKER,0.008,21.5908,0.2159,100,2700.2,2710.13,2721.42,TAKE_PROFIT_2_HIT,YES,YES,0.1354,0.0108,0.0021681040000000006,0.002177136,0.0,0.0001,0.1203,1.67,28,-1.2916,-1.1713,139.11,0,0.25,2026-09-21 09:29:00 UTC
2026-09-21 10:01:00 UTC,LONG,LONDON,MODULE_E_M5_M1_HYBRID,BULLISH,M5_BULL_TREND,MODULE_E_M5_M1_HYBRID,80,2725.14,MARKET_TAKER,0.008,21.8011,0.218,100,2715.06,2737.72,2750.3,STOP_LOSS_HIT,NO,NO,-0.0807,0.0109,0.0,0.0,0.0108602,0.0002,-0.1025,-1.27,4,-1.1713,-1.2738,142.53,1,0.25,2026-09-21 10:05:00 UTC
2026-09-21 10:42:00 UTC,LONG,LONDON,MODULE_E_M5_M1_HYBRID,BULLISH,M5_BULL_TREND,MODULE_E_M5_M1_HYBRID,70,2713.8,MARKET_TAKER,0.008,21.7104,0.2171,100,2715.16,2724.3,2734.82,TAKE_PROFIT_2_HIT,YES,YES,0.1261,0.0109,0.0021794400000000004,0.002187856,0.0,0.0001,0.1108,1.65,135,-1.2738,-1.163,138.83,0,0.25,2026-09-21 12:57:00 UTC
2026-09-21 13:08:00 UTC,LONG,LONDON,MODULE_C_EMA_PULLBACK,BULLISH,M5_BULL_TREND,MODULE_C_EMA_PULLBACK,80,2739.6,MARKET_TAKER,0.008,21.9168,0.2192,100,2727.86,2754.25,2768.91,STOP_LOSS_HIT,NO,NO,-0.094,0.011,0.0,0.0,0.0109114,0.0002,-0.1159,-1.24,18,-1.163,-1.2789,142.7,1,0.25,2026-09-21 13:26:00 UTC
2026-09-21 14:01:00 UTC,LONG,LONDON_NY_OVERLAP,MODULE_C_EMA_PULLBACK,BULLISH,M5_BULL_TREND,MODULE_C_EMA_PULLBACK,80,2733.25,MARKET_TAKER,0.008,21.866,0.2187,100,2723.04,2745.99,2758.74,STOP_LOSS_HIT,NO,NO,-0.0818,0.0109,0.0,0.0,0.01089212,0.0002,-0.1036,-1.27,3,-1.2789,-1.3825,146.16,2,0.25,2026-09-21 14:04:00 UTC
2026-09-22 08:26:00 UTC,SHORT,LONDON,MODULE_A_SWEEP_RECLAIM,BEARISH,M5_BEAR_TREND,MODULE_A_SWEEP_RECLAIM,100,2726.36,MARKET_TAKER,0.008,21.8109,0.2181,100,2734.53,2716.17,2705.98,STOP_LOSS_HIT,NO,NO,-0.0654,0.0109,0.0,0.0,0.01093816,0.0002,-0.0872,-1.34,10,-1.3825,-1.4697,149.07,3,0.19,2026-09-22 08:36:00 UTC
2026-09-23 08:05:00 UTC,SHORT,LONDON,MODULE_C_EMA_PULLBACK,BEARISH,M5_BEAR_TREND,MODULE_C_EMA_PULLBACK,90,2739.21,MARKET_TAKER,0.008,21.9137,0.2191,100,2747.17,2729.28,2719.35,STOP_LOSS_HIT,NO,NO,-0.0638,0.011,0.0,0.0,0.010988719999999999,0.0002,-0.0858,-1.35,13,-1.4697,-1.5555,151.94,4,0.12,2026-09-23 08:18:00 UTC
2026-09-24 08:18:00 UTC,SHORT,LONDON,MODULE_C_EMA_PULLBACK,BEARISH,M5_BULL_TREND,MODULE_C_EMA_PULLBACK,65,2684.63,MARKET_TAKER,0.008,21.477,0.2148,100,2683.29,2673.27,2661.91,TAKE_PROFIT_2_HIT,YES,YES,0.1363,0.0107,0.0021386160000000003,0.002129528,0.0,0.0001,0.1213,1.67,31,-1.5555,-1.4342,147.89,0,0.06,2026-09-24 08:49:00 UTC
2026-09-24 09:04:00 UTC,SHORT,LONDON,MODULE_C_EMA_PULLBACK,BEARISH,M5_BEAR_TREND,MODULE_C_EMA_PULLBACK,80,2663.63,MARKET_TAKER,0.008,21.309,0.2131,100,2662.3,2651.27,2638.9,TAKE_PROFIT_2_HIT,YES,YES,0.1484,0.0107,0.0021210160000000003,0.00211112,0.0,0.0001,0.1335,1.69,28,-1.4342,-1.3007,143.43,0,0.25,2026-09-24 09:32:00 UTC
2026-09-24 09:44:00 UTC,SHORT,LONDON,MODULE_C_EMA_PULLBACK,BEARISH,M5_BEAR_TREND,MODULE_C_EMA_PULLBACK,80,2638.89,MARKET_TAKER,0.008,21.1111,0.2111,100,2646.8,2629.03,2619.16,STOP_LOSS_HIT,NO,NO,-0.0634,0.0106,0.0,0.0,0.01058724,0.0002,-0.0846,-1.34,65,-1.3007,-1.3853,146.26,1,0.25,2026-09-24 10:49:00 UTC
2026-09-24 11:36:00 UTC,SHORT,LONDON,MODULE_C_EMA_PULLBACK,BEARISH,M5_BEAR_TREND,MODULE_C_EMA_PULLBACK,80,2644.12,MARKET_TAKER,0.008,21.153,0.2115,100,2651.87,2634.45,2624.77,STOP_LOSS_HIT,NO,NO,-0.0621,0.0106,0.0,0.0,0.01060752,0.0002,-0.0833,-1.34,48,-1.3853,-1.4686,149.04,2,0.25,2026-09-24 12:24:00 UTC
2026-09-24 13:31:00 UTC,LONG,LONDON_NY_OVERLAP,MODULE_A_SWEEP_RECLAIM,BULLISH,M5_BEAR_TREND,MODULE_A_SWEEP_RECLAIM,85,2668.05,MARKET_TAKER,0.008,21.3444,0.2134,100,2669.38,2681.11,2694.17,TAKE_PROFIT_2_HIT,YES,YES,0.1567,0.0107,0.002144888,0.0021553360000000003,0.0,0.0001,0.1417,1.69,58,-1.4686,-1.3269,144.31,0,0.19,2026-09-24 14:29:00 UTC
2026-09-24 15:02:00 UTC,SHORT,LONDON_NY_OVERLAP,MODULE_C_EMA_PULLBACK,BEARISH,M5_BULL_TREND,MODULE_C_EMA_PULLBACK,65,2652.39,MARKET_TAKER,0.008,21.2191,0.2122,100,2663.17,2638.94,2625.48,STOP_LOSS_HIT,NO,NO,-0.0863,0.0106,0.0,0.0,0.010652720000000001,0.0002,-0.1076,-1.25,10,-1.3269,-1.4345,147.9,1,0.25,2026-09-24 15:12:00 UTC
2026-09-24 15:27:00 UTC,LONG,LONDON_NY_OVERLAP,MODULE_C_EMA_PULLBACK,BULLISH,M5_BULL_TREND,MODULE_C_EMA_PULLBACK,80,2669.05,MARKET_TAKER,0.008,21.3524,0.2135,100,2670.38,2679.73,2690.42,STOP_LOSS_HIT,YES,NO,0.048,0.0107,0.002143784,0.0,0.00534074,0.0001,0.0298,0.44,44,-1.4345,-1.4047,146.9,0,0.25,2026-09-24 16:11:00 UTC
2026-09-24 16:27:00 UTC,LONG,LONDON_NY_OVERLAP,MODULE_C_EMA_PULLBACK,BULLISH,M5_BULL_TREND,MODULE_C_EMA_PULLBACK,80,2692.61,MARKET_TAKER,0.008,21.5409,0.2154,100,2680.36,2707.91,2723.21,STOP_LOSS_HIT,NO,NO,-0.0981,0.0108,0.0,0.0,0.010721399999999999,0.0002,-0.1196,-1.22,39,-1.4047,-1.5243,150.9,1,0.25,2026-09-24 17:06:00 UTC
2026-09-25 08:15:00 UTC,LONG,LONDON,MODULE_C_EMA_PULLBACK,BULLISH,M5_BEAR_TREND,MODULE_C_EMA_PULLBACK,65,2679.53,MARKET_TAKER,0.008,21.4362,0.2144,100,2680.87,2689.3,2699.09,TAKE_PROFIT_2_HIT,YES,YES,0.1173,0.0107,0.00215144,0.0021592720000000003,0.0,0.0001,0.1023,1.63,53,-1.5243,-1.422,147.48,0,0.25,2026-09-25 09:08:00 UTC
2026-09-25 09:26:00 UTC,LONG,LONDON,MODULE_C_EMA_PULLBACK,BULLISH,M5_BULL_TREND,MODULE_C_EMA_PULLBACK,90,2702.89,MARKET_TAKER,0.008,21.6231,0.2162,100,2704.24,2716.09,2729.29,STOP_LOSS_HIT,YES,NO,0.0582,0.0108,0.002172872,0.0,0.00540846,0.0001,0.0398,0.47,16,-1.422,-1.3822,146.15,0,0.25,2026-09-25 09:42:00 UTC
2026-09-25 10:10:00 UTC,LONG,LONDON,MODULE_E_M5_M1_HYBRID,BULLISH,M5_BULL_TREND,MODULE_E_M5_M1_HYBRID,80,2699.13,MARKET_TAKER,0.008,21.593,0.2159,100,2700.48,2709.31,2719.51,TAKE_PROFIT_2_HIT,YES,YES,0.1222,0.0108,0.002167448,0.0021756080000000003,0.0,0.0001,0.1071,1.64,56,-1.3822,-1.2751,142.58,0,0.25,2026-09-25 11:06:00 UTC
2026-09-25 11:35:00 UTC,LONG,LONDON,MODULE_E_M5_M1_HYBRID,BULLISH,M5_BULL_TREND,MODULE_E_M5_M1_HYBRID,80,2727.95,MARKET_TAKER,0.008,21.8236,0.2182,100,2719.99,2737.88,2747.81,STOP_LOSS_HIT,NO,NO,-0.0638,0.0109,0.0,0.0,0.010879920000000001,0.0002,-0.0856,-1.35,10,-1.2751,-1.3607,145.43,1,0.25,2026-09-25 11:45:00 UTC
2026-09-25 12:39:00 UTC,LONG,LONDON,MODULE_C_EMA_PULLBACK,BULLISH,M5_BULL_TREND,MODULE_C_EMA_PULLBACK,90,2717.01,MARKET_TAKER,0.008,21.7361,0.2174,100,2704.81,2732.24,2747.48,STOP_LOSS_HIT,NO,NO,-0.0977,0.0109,0.0,0.0,0.010819200000000001,0.0002,-0.1194,-1.22,42,-1.3607,-1.4801,149.42,2,0.25,2026-09-25 13:21:00 UTC
2026-09-26 08:33:00 UTC,LONG,LONDON,MODULE_D_MOMENTUM_IMPULSE,BULLISH,M5_BULL_TREND,MODULE_D_MOMENTUM_IMPULSE,90,2694.98,MARKET_TAKER,0.008,21.5598,0.2156,100,2685.63,2706.64,2718.32,STOP_LOSS_HIT,NO,NO,-0.0749,0.0108,0.0,0.0,0.01074248,0.0002,-0.0964,-1.29,37,-1.4801,-1.5765,152.64,3,0.19,2026-09-26 09:10:00 UTC
