week,trades,wins,win_rate_pct,net_pnl,fees
2026-W27,15,9,60.0,70.493,20.5254
2026-W28,12,2,16.7,-61.9741,18.4999
2026-W29,14,6,42.9,22.4961,19.7074
2026-W30,11,6,54.5,41.9688,14.743
2026-W31,15,5,33.3,-23.6097,23.7448
2026-W32,10,3,30.0,-21.4705,16.8736
2026-W33,7,4,57.1,15.2838,11.3156
2026-W34,22,10,45.5,77.8095,33.2747
2026-W35,17,5,29.4,-31.0405,28.5225
2026-W36,17,8,47.1,42.8948,26.7802
2026-W37,15,2,13.3,-104.1684,28.7677
2026-W38,23,9,39.1,44.3792,29.7885
2026-W39,19,6,31.6,-12.3643,30.0083
