Test_Type,Condition,Trades,WR,Net_PF,Net_PnL,Max_DD
MAKER_FILL_PROB,100%,26,69.2,1.4,39.56,2.29
MAKER_FILL_PROB,95%,24,70.8,1.51,44.2,2.95
MAKER_FILL_PROB,90%,23,69.6,1.42,36.4,2.95
MAKER_FILL_PROB,80%,21,66.7,1.24,20.81,2.95
MAKER_FILL_PROB,70%,18,66.7,1.24,17.61,2.95
TAKER_SLIPPAGE,+0.00$,26,69.2,1.18,18.95,2.73
TAKER_SLIPPAGE,+0.01$,26,69.2,1.18,18.3,2.75
TAKER_SLIPPAGE,+0.02$,26,69.2,1.17,17.63,2.76
TAKER_SLIPPAGE,+0.03$,26,69.2,1.16,16.99,2.77
FEE_MULTIPLIER,1.00x,26,69.2,1.4,39.56,0.0
FEE_MULTIPLIER,1.25x,26,69.2,1.31,30.99,0.0
FEE_MULTIPLIER,1.50x,26,69.2,1.22,22.54,0.0
FEE_MULTIPLIER,2.00x,26,69.2,1.05,5.72,0.0
