TradeID,SignalTime,EntryTime,ExitTime,Side,RawEntry,ExecutedEntry,SL,TP,SL_Dist,TP_Dist,Qty,Margin,Notional,TargetRiskUSD,ActualRiskUSD,ActualRiskPct,ExitPrice,CloseReason,NetPnL,FeeTotal,R_Multiple,Balance
1,2026-04-06 07:20,2026-04-06 07:25,2026-04-06 09:20,LONG,2134.55,2135.62,2120.66,2162.33,14.96,26.71,0.013,1.39,27.76,0.2,0.1944,0.97,2162.33,TAKE_PROFIT_HIT,0.3277,0.0195,1.69,20.33
2,2026-04-06 14:20,2026-04-06 14:25,2026-04-06 17:00,LONG,2155.31,2156.39,2135.77,2194.36,20.62,37.97,0.01,1.08,21.56,0.2033,0.2062,1.01,2134.7,STOP_LOSS_HIT,-0.2384,0.0215,-1.16,20.09
3,2026-04-06 20:15,2026-04-06 20:20,2026-04-06 22:00,LONG,2147.0,2148.07,2136.08,2168.84,11.99,20.77,0.017,1.83,36.52,0.2009,0.2039,1.01,2135.01,STOP_LOSS_HIT,-0.2584,0.0364,-1.27,19.83
4,2026-04-07 19:15,2026-04-07 19:20,2026-04-07 21:05,LONG,2099.08,2100.13,2078.61,2140.02,21.52,39.89,0.01,1.05,21.0,0.1983,0.2152,1.09,2140.02,TAKE_PROFIT_HIT,0.3841,0.0148,1.78,20.22
5,2026-04-08 11:25,2026-04-08 11:30,2026-04-08 11:35,LONG,2252.9,2254.03,2240.57,2277.56,13.46,23.53,0.015,1.69,33.81,0.2022,0.2019,1.0,2239.45,STOP_LOSS_HIT,-0.2524,0.0337,-1.25,19.96
6,2026-04-09 07:00,2026-04-09 07:05,2026-04-09 12:20,LONG,2183.99,2185.08,2173.99,2203.99,11.09,18.91,0.018,1.97,39.33,0.1996,0.1997,1.0,2172.9,STOP_LOSS_HIT,-0.2584,0.0393,-1.29,19.7
7,2026-04-09 14:50,2026-04-09 14:55,2026-04-09 15:30,LONG,2177.61,2178.7,2160.34,2212.18,18.36,33.48,0.011,1.2,23.97,0.197,0.202,1.02,2212.18,TAKE_PROFIT_HIT,0.3514,0.0169,1.74,20.06
8,2026-04-10 08:35,2026-04-10 08:40,2026-04-10 11:10,LONG,2188.77,2189.86,2177.25,2211.83,12.61,21.97,0.016,1.75,35.04,0.2006,0.2018,1.01,2211.83,TAKE_PROFIT_HIT,0.3269,0.0246,1.62,20.38
9,2026-04-10 16:55,2026-04-10 17:00,2026-04-11 18:35,LONG,2243.99,2245.11,2225.73,2280.53,19.38,35.42,0.011,1.23,24.7,0.2038,0.2132,1.05,2280.53,TAKE_PROFIT_HIT,0.3649,0.0247,1.71,20.75
10,2026-04-12 17:00,2026-04-12 17:05,2026-04-12 20:40,LONG,2189.05,2190.14,2179.05,2209.05,11.09,18.91,0.019,2.08,41.61,0.2075,0.2108,1.02,2209.05,TAKE_PROFIT_HIT,0.3301,0.0292,1.57,21.08
11,2026-04-13 09:00,2026-04-13 09:05,2026-04-13 10:35,LONG,2191.63,2192.73,2179.01,2216.88,13.72,24.15,0.015,1.64,32.89,0.2108,0.2058,0.98,2177.92,STOP_LOSS_HIT,-0.2549,0.0327,-1.24,20.82
12,2026-04-13 12:50,2026-04-13 12:55,2026-04-13 17:30,LONG,2196.15,2197.25,2176.22,2236.03,21.02,38.79,0.01,1.1,21.97,0.2082,0.2102,1.01,2236.03,TAKE_PROFIT_HIT,0.3723,0.0155,1.77,21.19
13,2026-04-13 19:15,2026-04-13 19:20,2026-04-13 19:55,LONG,2235.1,2236.22,2218.45,2268.37,17.77,32.15,0.012,1.34,26.83,0.2119,0.2132,1.01,2268.37,TAKE_PROFIT_HIT,0.367,0.0188,1.72,21.56
14,2026-04-14 13:00,2026-04-14 13:05,2026-04-14 14:30,LONG,2378.25,2379.44,2364.4,2405.92,15.04,26.48,0.014,1.67,33.31,0.2156,0.2106,0.98,2405.92,TAKE_PROFIT_HIT,0.3473,0.0234,1.65,21.91
15,2026-04-15 10:45,2026-04-15 10:50,2026-04-15 15:10,LONG,2322.94,2324.1,2311.81,2345.22,12.29,21.12,0.018,2.09,41.83,0.2191,0.2212,1.01,2345.22,TAKE_PROFIT_HIT,0.3508,0.0293,1.59,22.26
16,2026-04-15 16:20,2026-04-15 16:25,2026-04-15 19:35,LONG,2345.01,2346.18,2326.69,2381.61,19.49,35.43,0.011,1.29,25.81,0.2226,0.2144,0.96,2381.61,TAKE_PROFIT_HIT,0.3716,0.0181,1.73,22.63
17,2026-04-16 12:00,2026-04-16 12:05,2026-04-16 13:50,LONG,2339.11,2340.28,2328.74,2359.89,11.54,19.61,0.02,2.34,46.81,0.2263,0.2309,1.02,2327.58,STOP_LOSS_HIT,-0.3008,0.0467,-1.3,22.33
18,2026-04-16 18:45,2026-04-16 18:50,2026-04-17 05:10,LONG,2336.08,2337.25,2317.9,2372.41,19.35,35.16,0.012,1.4,28.05,0.2233,0.2322,1.04,2316.74,STOP_LOSS_HIT,-0.2768,0.0307,-1.19,22.05
19,2026-04-17 08:25,2026-04-17 08:30,2026-04-17 09:25,LONG,2339.43,2340.6,2329.43,2359.43,11.17,18.83,0.02,2.34,46.81,0.2205,0.2234,1.01,2359.43,TAKE_PROFIT_HIT,0.3438,0.0328,1.54,22.4
20,2026-04-18 14:30,2026-04-18 14:35,2026-04-18 18:35,LONG,2358.3,2359.48,2345.14,2384.59,14.34,25.11,0.016,1.89,37.75,0.224,0.2295,1.02,2343.97,STOP_LOSS_HIT,-0.2859,0.0377,-1.25,22.11
21,2026-04-20 10:55,2026-04-20 11:00,2026-04-20 12:20,SHORT,2302.12,2300.97,2316.24,2273.89,15.27,27.08,0.014,1.61,32.21,0.2211,0.2137,0.97,2317.4,STOP_LOSS_HIT,-0.2623,0.0323,-1.23,21.85
22,2026-04-21 08:40,2026-04-21 08:45,2026-04-21 12:35,LONG,2325.31,2326.47,2311.92,2352.11,14.55,25.64,0.015,1.74,34.9,0.2185,0.2182,1.0,2310.76,STOP_LOSS_HIT,-0.2703,0.0347,-1.24,21.58
23,2026-04-21 14:15,2026-04-21 14:20,2026-04-21 14:55,LONG,2313.78,2314.94,2294.35,2352.65,20.59,37.71,0.01,1.16,23.15,0.2158,0.2059,0.95,2293.2,STOP_LOSS_HIT,-0.2404,0.0231,-1.17,21.34
24,2026-04-21 17:10,2026-04-21 17:15,2026-04-21 17:40,SHORT,2299.65,2298.5,2318.03,2262.89,19.53,35.61,0.011,1.26,25.28,0.2134,0.2148,1.01,2319.19,STOP_LOSS_HIT,-0.2529,0.0254,-1.18,21.09
25,2026-04-23 17:00,2026-04-23 17:05,2026-04-26 14:15,SHORT,2318.2,2317.04,2338.45,2277.69,21.41,39.35,0.01,1.16,23.17,0.2109,0.2141,1.02,2339.62,STOP_LOSS_HIT,-0.2676,0.0418,-1.25,20.82
26,2026-04-27 12:35,2026-04-27 12:40,2026-04-27 14:35,SHORT,2311.79,2310.63,2321.78,2291.78,11.15,18.85,0.019,2.2,43.9,0.2082,0.2118,1.02,2322.94,STOP_LOSS_HIT,-0.278,0.0441,-1.31,20.54
27,2026-04-27 15:00,2026-04-27 15:05,2026-04-29 04:30,SHORT,2295.03,2293.88,2324.94,2235.18,31.06,58.7,0.009,1.03,20.64,0.2054,0.2795,1.36,2326.1,STOP_LOSS_HIT,-0.319,0.029,-1.14,20.22
28,2026-04-29 09:45,2026-04-29 09:50,2026-04-29 12:00,LONG,2341.97,2343.14,2325.58,2374.72,17.56,31.58,0.012,1.41,28.12,0.2022,0.2107,1.04,2324.42,STOP_LOSS_HIT,-0.2527,0.028,-1.2,19.97
29,2026-04-29 18:05,2026-04-29 18:10,2026-04-30 00:45,SHORT,2232.59,2231.47,2272.58,2152.58,41.11,78.89,0.009,1.0,20.08,0.1997,0.37,1.85,2273.72,STOP_LOSS_HIT,-0.4004,0.0202,-1.08,19.57
30,2026-04-30 11:40,2026-04-30 11:45,2026-04-30 12:20,SHORT,2257.1,2255.97,2269.52,2232.25,13.55,23.72,0.014,1.58,31.58,0.1957,0.1897,0.97,2270.65,STOP_LOSS_HIT,-0.2373,0.0317,-1.25,19.33
31,2026-04-30 14:15,2026-04-30 14:20,2026-04-30 15:30,SHORT,2253.61,2252.48,2271.01,2218.8,18.53,33.68,0.01,1.13,22.52,0.1933,0.1853,0.96,2272.15,STOP_LOSS_HIT,-0.2193,0.0227,-1.18,19.11
32,2026-05-01 10:10,2026-05-01 10:15,2026-05-01 11:20,SHORT,2277.5,2276.36,2287.51,2257.51,11.15,18.85,0.017,1.93,38.7,0.1911,0.1895,0.99,2288.65,STOP_LOSS_HIT,-0.2477,0.0388,-1.31,18.86
33,2026-05-02 16:05,2026-05-02 16:10,2026-05-02 21:35,LONG,2310.01,2311.17,2300.01,2330.01,11.16,18.84,0.017,1.96,39.29,0.1886,0.1896,1.01,2330.01,TAKE_PROFIT_HIT,0.2928,0.0275,1.54,19.16
34,2026-05-03 11:30,2026-05-03 11:35,2026-05-03 19:30,LONG,2316.66,2317.82,2306.66,2336.66,11.16,18.84,0.017,1.97,39.4,0.1916,0.1897,0.99,2336.66,TAKE_PROFIT_HIT,0.2887,0.0316,1.52,19.45
35,2026-05-04 09:35,2026-05-04 09:40,2026-05-04 10:00,LONG,2367.2,2368.38,2356.27,2389.06,12.11,20.67,0.016,1.89,37.89,0.1945,0.1938,1.0,2355.09,STOP_LOSS_HIT,-0.2504,0.0377,-1.29,19.19
36,2026-05-04 10:30,2026-05-04 10:35,2026-05-06 09:30,LONG,2342.0,2343.17,2311.59,2402.78,31.58,59.61,0.009,1.05,21.09,0.1919,0.2842,1.48,2402.78,TAKE_PROFIT_HIT,0.5111,0.0254,1.8,19.71
37,2026-05-06 20:00,2026-05-06 20:05,2026-05-06 23:00,LONG,2353.09,2354.27,2340.58,2378.12,13.69,23.85,0.014,1.65,32.96,0.1971,0.1917,0.97,2339.41,STOP_LOSS_HIT,-0.2409,0.0329,-1.26,19.47
38,2026-05-07 13:10,2026-05-07 13:15,2026-05-07 14:30,SHORT,2323.0,2321.84,2333.88,2301.23,12.05,20.61,0.016,1.86,37.15,0.1947,0.1927,0.99,2301.23,TAKE_PROFIT_HIT,0.3038,0.026,1.58,19.77
39,2026-05-09 09:15,2026-05-09 09:20,2026-05-09 16:15,SHORT,2312.49,2311.33,2322.5,2292.5,11.17,18.83,0.018,2.08,41.6,0.1977,0.201,1.02,2323.66,STOP_LOSS_HIT,-0.2637,0.0417,-1.31,19.51
40,2026-05-10 13:10,2026-05-10 13:15,2026-05-10 15:45,LONG,2327.39,2328.55,2317.4,2347.4,11.15,18.85,0.017,1.98,39.59,0.1951,0.1896,0.97,2347.4,TAKE_PROFIT_HIT,0.2927,0.0278,1.54,19.8
41,2026-05-11 12:20,2026-05-11 12:25,2026-05-11 13:15,LONG,2337.09,2338.26,2327.09,2357.09,11.17,18.83,0.018,2.1,42.09,0.198,0.201,1.02,2325.93,STOP_LOSS_HIT,-0.2639,0.0419,-1.31,19.53
42,2026-05-11 14:25,2026-05-11 14:30,2026-05-11 15:25,SHORT,2311.86,2310.7,2330.73,2274.12,20.03,36.58,0.01,1.16,23.11,0.1953,0.2003,1.03,2331.9,STOP_LOSS_HIT,-0.2352,0.0233,-1.17,19.3
43,2026-05-11 17:40,2026-05-11 17:45,2026-05-12 01:10,LONG,2339.23,2340.4,2324.78,2368.14,15.62,27.74,0.012,1.4,28.08,0.193,0.1875,0.97,2323.62,STOP_LOSS_HIT,-0.2293,0.0279,-1.22,19.07
44,2026-05-12 10:35,2026-05-12 10:40,2026-05-12 14:30,SHORT,2283.93,2282.79,2294.59,2262.61,11.8,20.18,0.016,1.83,36.52,0.1907,0.1888,0.99,2262.61,TAKE_PROFIT_HIT,0.2973,0.0255,1.57,19.37
45,2026-05-13 07:20,2026-05-13 07:25,2026-05-13 08:40,SHORT,2297.33,2296.18,2307.34,2277.34,11.16,18.84,0.017,1.95,39.04,0.1937,0.1897,0.98,2308.49,STOP_LOSS_HIT,-0.2485,0.0391,-1.31,19.12
46,2026-05-13 19:00,2026-05-13 19:05,2026-05-14 00:15,SHORT,2254.83,2253.7,2266.17,2232.14,12.47,21.56,0.015,1.69,33.81,0.1912,0.1871,0.98,2267.3,STOP_LOSS_HIT,-0.238,0.0339,-1.27,18.88
47,2026-05-14 08:00,2026-05-14 08:05,2026-05-14 14:45,SHORT,2261.79,2260.66,2271.8,2241.8,11.14,18.86,0.017,1.92,38.43,0.1888,0.1894,1.0,2272.94,STOP_LOSS_HIT,-0.2472,0.0385,-1.31,18.63
48,2026-05-15 08:15,2026-05-15 08:20,2026-05-15 13:35,SHORT,2255.86,2254.73,2266.31,2234.98,11.58,19.75,0.016,1.8,36.08,0.1863,0.1853,0.99,2234.98,TAKE_PROFIT_HIT,0.2908,0.0252,1.57,18.92
49,2026-05-16 16:40,2026-05-16 16:45,2026-05-16 18:50,SHORT,2171.2,2170.11,2181.19,2151.19,11.08,18.92,0.017,1.84,36.89,0.1892,0.1883,0.99,2182.28,STOP_LOSS_HIT,-0.2438,0.0369,-1.3,18.68
50,2026-05-17 13:10,2026-05-17 13:15,2026-05-17 23:05,SHORT,2189.78,2188.69,2199.78,2169.78,11.09,18.91,0.017,1.86,37.21,0.1868,0.1886,1.01,2169.78,TAKE_PROFIT_HIT,0.2918,0.0297,1.55,18.97
51,2026-05-18 10:10,2026-05-18 10:15,2026-05-18 11:35,SHORT,2112.9,2111.84,2122.89,2092.89,11.05,18.95,0.017,1.8,35.9,0.1897,0.1878,0.99,2123.95,STOP_LOSS_HIT,-0.2419,0.0361,-1.29,18.73
52,2026-05-18 13:30,2026-05-18 13:35,2026-05-18 14:35,SHORT,2134.67,2133.6,2150.85,2102.32,17.24,31.28,0.011,1.17,23.47,0.1873,0.1897,1.01,2102.32,TAKE_PROFIT_HIT,0.3278,0.0163,1.73,19.06
53,2026-05-19 08:10,2026-05-19 08:15,2026-05-19 09:25,SHORT,2134.19,2133.12,2144.2,2114.2,11.08,18.92,0.017,1.81,36.26,0.1906,0.1883,0.99,2114.2,TAKE_PROFIT_HIT,0.2964,0.0253,1.57,19.35
54,2026-05-19 14:15,2026-05-19 14:20,2026-05-20 05:10,SHORT,2107.25,2106.2,2126.22,2069.31,20.02,36.88,0.01,1.05,21.06,0.1935,0.2002,1.03,2127.28,STOP_LOSS_HIT,-0.2341,0.0232,-1.17,19.12
55,2026-05-20 13:25,2026-05-20 13:30,2026-05-20 14:15,SHORT,2125.87,2124.81,2135.87,2105.87,11.06,18.94,0.017,1.81,36.12,0.1912,0.1881,0.98,2136.94,STOP_LOSS_HIT,-0.2424,0.0363,-1.29,18.88
56,2026-05-20 16:25,2026-05-20 16:30,2026-05-20 17:15,SHORT,2125.85,2124.79,2141.14,2095.24,16.35,29.54,0.012,1.27,25.5,0.1888,0.1962,1.04,2142.21,STOP_LOSS_HIT,-0.2346,0.0256,-1.2,18.64
57,2026-05-21 09:30,2026-05-21 09:35,2026-05-21 10:25,SHORT,2132.23,2131.16,2142.35,2111.99,11.19,19.18,0.017,1.81,36.23,0.1864,0.1902,1.02,2111.99,TAKE_PROFIT_HIT,0.3006,0.0253,1.58,18.94
58,2026-05-21 18:45,2026-05-21 18:50,2026-05-22 18:45,SHORT,2131.04,2129.97,2147.66,2097.77,17.69,32.21,0.011,1.17,23.43,0.1894,0.1946,1.03,2097.77,TAKE_PROFIT_HIT,0.3309,0.0233,1.7,19.27
59,2026-05-24 07:45,2026-05-24 07:50,2026-05-24 10:25,SHORT,2118.87,2117.81,2128.87,2098.87,11.06,18.94,0.017,1.8,36.0,0.1927,0.188,0.98,2129.93,STOP_LOSS_HIT,-0.2422,0.0361,-1.29,19.03
60,2026-05-24 12:20,2026-05-24 12:25,2026-05-24 14:10,SHORT,2118.69,2117.63,2128.7,2098.7,11.07,18.93,0.017,1.8,36.0,0.1903,0.1882,0.99,2098.7,TAKE_PROFIT_HIT,0.2967,0.0251,1.58,19.33
61,2026-05-24 19:25,2026-05-24 19:30,2026-05-24 21:35,SHORT,2096.4,2095.35,2106.41,2076.41,11.06,18.94,0.017,1.78,35.62,0.1933,0.188,0.97,2076.41,TAKE_PROFIT_HIT,0.2971,0.0249,1.58,19.63
62,2026-05-25 12:00,2026-05-25 12:05,2026-05-25 14:15,SHORT,2112.41,2111.35,2122.41,2092.41,11.06,18.94,0.018,1.9,38.0,0.1963,0.199,1.01,2123.47,STOP_LOSS_HIT,-0.2563,0.0381,-1.29,19.37
63,2026-05-26 14:35,2026-05-26 14:40,2026-05-26 17:30,SHORT,2112.63,2111.57,2140.28,2057.3,28.71,54.27,0.009,0.95,19.0,0.1937,0.2583,1.33,2057.3,TAKE_PROFIT_HIT,0.4752,0.0132,1.84,19.84
64,2026-05-28 11:00,2026-05-28 11:05,2026-05-28 14:05,SHORT,1988.58,1987.59,1998.58,1968.58,10.99,19.01,0.018,1.79,35.78,0.1984,0.1979,1.0,1968.58,TAKE_PROFIT_HIT,0.3172,0.025,1.6,20.16
65,2026-05-28 19:50,2026-05-28 19:55,2026-05-29 02:55,SHORT,2016.44,2015.43,2026.44,1996.44,11.01,18.99,0.018,1.81,36.28,0.2016,0.1981,0.98,1996.44,TAKE_PROFIT_HIT,0.3165,0.0253,1.6,20.48
66,2026-05-29 07:30,2026-05-29 07:35,2026-05-29 13:30,SHORT,2008.94,2007.94,2018.96,1988.86,11.03,19.07,0.019,1.91,38.15,0.2048,0.2095,1.02,1988.86,TAKE_PROFIT_HIT,0.3359,0.0267,1.6,20.81
67,2026-05-29 14:15,2026-05-29 14:20,2026-05-29 15:00,SHORT,1988.13,1987.14,2005.85,1952.69,18.71,34.44,0.011,1.09,21.86,0.2081,0.2058,0.99,2006.85,STOP_LOSS_HIT,-0.2388,0.0219,-1.16,20.58
68,2026-05-29 18:15,2026-05-29 18:20,2026-05-31 19:25,SHORT,2024.59,2023.58,2039.62,1994.53,16.04,29.05,0.013,1.32,26.31,0.2058,0.2086,1.01,1994.53,TAKE_PROFIT_HIT,0.3435,0.0342,1.65,20.92
69,2026-06-01 12:05,2026-06-01 12:10,2026-06-01 12:25,SHORT,1973.81,1972.82,1987.93,1945.55,15.1,27.28,0.014,1.38,27.62,0.2092,0.2114,1.01,1988.92,STOP_LOSS_HIT,-0.2532,0.0277,-1.2,20.67
70,2026-06-01 13:10,2026-06-01 13:15,2026-06-01 17:25,SHORT,1974.79,1973.8,1991.11,1942.14,17.31,31.66,0.012,1.18,23.69,0.2067,0.2077,1.01,1992.11,STOP_LOSS_HIT,-0.2434,0.0238,-1.17,20.42
71,2026-06-02 13:10,2026-06-02 13:15,2026-06-02 14:20,SHORT,1972.5,1971.51,1984.26,1948.94,12.75,22.57,0.016,1.58,31.54,0.2042,0.204,1.0,1948.94,TAKE_PROFIT_HIT,0.3391,0.022,1.66,20.76
72,2026-06-04 17:15,2026-06-04 17:20,2026-06-04 19:25,SHORT,1763.73,1762.85,1783.38,1724.46,20.53,38.39,0.011,0.97,19.39,0.2076,0.2258,1.09,1784.27,STOP_LOSS_HIT,-0.2552,0.0195,-1.13,20.51
73,2026-06-04 20:05,2026-06-04 20:10,2026-06-05 02:30,SHORT,1766.57,1765.69,1783.01,1733.69,17.33,32.0,0.012,1.06,21.19,0.2051,0.2079,1.01,1733.69,TAKE_PROFIT_HIT,0.3692,0.0148,1.78,20.88
74,2026-06-05 18:25,2026-06-05 18:30,2026-06-05 20:15,SHORT,1564.23,1563.45,1595.64,1501.41,32.19,62.03,0.013,1.02,20.32,0.2088,0.4185,2.0,1596.44,STOP_LOSS_HIT,-0.4494,0.0206,-1.07,20.43
75,2026-06-06 09:45,2026-06-06 09:50,2026-06-07 01:15,SHORT,1567.48,1566.7,1590.15,1522.15,23.45,44.55,0.013,1.02,20.37,0.2043,0.3048,1.49,1590.95,STOP_LOSS_HIT,-0.3378,0.0226,-1.11,20.09
76,2026-06-07 19:00,2026-06-07 19:05,2026-06-07 22:00,SHORT,1622.62,1621.81,1634.51,1598.85,12.7,22.96,0.016,1.3,25.95,0.2009,0.2032,1.01,1635.33,STOP_LOSS_HIT,-0.2424,0.0261,-1.19,19.85
77,2026-06-08 08:45,2026-06-08 08:50,2026-06-08 10:30,SHORT,1660.88,1660.05,1674.74,1633.16,14.69,26.89,0.014,1.16,23.24,0.1985,0.2057,1.04,1675.58,STOP_LOSS_HIT,-0.2407,0.0233,-1.17,19.61
78,2026-06-08 12:00,2026-06-08 12:05,2026-06-08 15:00,SHORT,1670.15,1669.31,1698.83,1612.75,29.52,56.56,0.012,1.0,20.03,0.1961,0.3542,1.81,1699.68,STOP_LOSS_HIT,-0.3846,0.0202,-1.09,19.22
79,2026-06-09 07:25,2026-06-09 07:30,2026-06-09 14:20,SHORT,1674.99,1674.15,1693.07,1638.77,18.92,35.38,0.012,1.0,20.09,0.1922,0.227,1.18,1638.77,TAKE_PROFIT_HIT,0.4106,0.0139,1.81,19.63
80,2026-06-10 08:30,2026-06-10 08:35,2026-06-10 12:30,SHORT,1628.62,1627.81,1642.49,1600.9,14.69,26.9,0.013,1.06,21.16,0.1963,0.191,0.97,1643.31,STOP_LOSS_HIT,-0.2228,0.0213,-1.17,19.41
81,2026-06-10 16:45,2026-06-10 16:50,2026-06-11 03:55,SHORT,1634.22,1633.4,1658.89,1584.88,25.49,48.53,0.012,0.98,19.6,0.1941,0.3059,1.58,1659.72,STOP_LOSS_HIT,-0.3376,0.0217,-1.1,19.07
82,2026-06-11 10:15,2026-06-11 10:20,2026-06-11 11:30,SHORT,1654.6,1653.77,1664.61,1634.61,10.84,19.16,0.018,1.49,29.77,0.1907,0.1951,1.02,1665.44,STOP_LOSS_HIT,-0.24,0.0299,-1.23,18.83
83,2026-06-12 10:25,2026-06-12 10:30,2026-06-12 14:50,SHORT,1672.11,1671.27,1683.07,1650.15,11.8,21.12,0.016,1.34,26.74,0.1883,0.1888,1.0,1683.91,STOP_LOSS_HIT,-0.2291,0.0269,-1.21,18.6
84,2026-06-13 13:50,2026-06-13 13:55,2026-06-13 21:40,SHORT,1676.62,1675.78,1686.62,1656.62,10.84,19.16,0.017,1.42,28.49,0.186,0.1843,0.99,1687.46,STOP_LOSS_HIT,-0.2272,0.0285,-1.23,18.37
85,2026-06-14 10:55,2026-06-14 11:00,2026-06-14 21:15,SHORT,1672.19,1671.35,1682.2,1652.2,10.85,19.15,0.017,1.42,28.41,0.1837,0.1844,1.0,1683.04,STOP_LOSS_HIT,-0.2301,0.0313,-1.25,18.14
86,2026-06-15 09:15,2026-06-15 09:20,2026-06-15 09:35,LONG,1724.39,1725.25,1714.39,1744.39,10.86,19.14,0.017,1.47,29.33,0.1814,0.1847,1.02,1713.53,STOP_LOSS_HIT,-0.2285,0.0293,-1.24,17.92
87,2026-06-16 12:05,2026-06-16 12:10,2026-06-16 12:30,LONG,1805.83,1806.73,1790.91,1835.64,15.82,28.9,0.011,0.99,19.87,0.1792,0.174,0.97,1835.64,TAKE_PROFIT_HIT,0.3041,0.0139,1.75,18.22
88,2026-06-16 17:45,2026-06-16 17:50,2026-06-17 08:20,LONG,1795.69,1796.59,1775.72,1835.66,20.87,39.08,0.011,0.99,19.76,0.1822,0.2296,1.26,1774.83,STOP_LOSS_HIT,-0.261,0.0216,-1.14,17.96
89,2026-06-18 10:50,2026-06-18 10:55,2026-06-18 13:35,LONG,1748.98,1749.85,1736.54,1773.87,13.32,24.01,0.013,1.14,22.75,0.1796,0.1731,0.96,1735.67,STOP_LOSS_HIT,-0.207,0.0227,-1.2,17.75
90,2026-06-19 07:35,2026-06-19 07:40,2026-06-19 13:40,SHORT,1690.38,1689.53,1700.94,1669.29,11.41,20.25,0.016,1.35,27.03,0.1775,0.1825,1.03,1701.79,STOP_LOSS_HIT,-0.2233,0.0271,-1.22,17.53
91,2026-06-19 16:55,2026-06-19 17:00,2026-06-19 20:55,SHORT,1695.82,1694.97,1706.28,1674.91,11.3,20.07,0.016,1.36,27.12,0.1753,0.1809,1.03,1707.13,STOP_LOSS_HIT,-0.2219,0.0273,-1.23,17.31
92,2026-06-21 09:35,2026-06-21 09:40,2026-06-21 11:15,LONG,1732.57,1733.44,1722.57,1752.57,10.87,19.13,0.016,1.39,27.73,0.1731,0.1739,1.0,1721.71,STOP_LOSS_HIT,-0.2154,0.0277,-1.24,17.09
93,2026-06-21 18:30,2026-06-21 18:35,2026-06-21 20:45,LONG,1732.42,1733.29,1722.43,1752.43,10.86,19.14,0.016,1.39,27.73,0.1709,0.1737,1.02,1721.57,STOP_LOSS_HIT,-0.2152,0.0277,-1.24,16.88
94,2026-06-22 07:00,2026-06-22 07:05,2026-06-22 11:30,LONG,1740.97,1741.84,1730.76,1761.43,11.08,19.59,0.015,1.31,26.13,0.1688,0.1663,0.99,1761.43,TAKE_PROFIT_HIT,0.2755,0.0184,1.66,17.15
95,2026-06-22 18:00,2026-06-22 18:05,2026-06-22 18:55,LONG,1744.6,1745.47,1732.19,1769.41,13.28,23.94,0.013,1.13,22.69,0.1715,0.1726,1.01,1731.32,STOP_LOSS_HIT,-0.2065,0.0226,-1.2,16.95
96,2026-06-23 13:00,2026-06-23 13:05,2026-06-23 13:45,SHORT,1652.17,1651.34,1662.16,1632.16,10.82,19.18,0.016,1.32,26.42,0.1695,0.1731,1.02,1662.99,STOP_LOSS_HIT,-0.2129,0.0265,-1.23,16.73
97,2026-06-24 13:00,2026-06-24 13:05,2026-06-24 15:30,SHORT,1664.04,1663.21,1679.22,1633.68,16.01,29.52,0.012,1.0,19.96,0.1673,0.1921,1.15,1633.68,TAKE_PROFIT_HIT,0.3404,0.0139,1.77,17.07
98,2026-06-25 09:20,2026-06-25 09:25,2026-06-25 11:05,SHORT,1647.41,1646.59,1657.4,1627.4,10.81,19.19,0.016,1.32,26.35,0.1707,0.173,1.01,1627.4,TAKE_PROFIT_HIT,0.2886,0.0184,1.67,17.36
99,2026-06-25 13:30,2026-06-25 13:35,2026-06-25 13:45,SHORT,1624.22,1623.41,1643.77,1585.08,20.37,38.33,0.012,0.97,19.48,0.1736,0.2444,1.41,1585.08,TAKE_PROFIT_HIT,0.4465,0.0135,1.83,17.81
100,2026-06-25 19:20,2026-06-25 19:25,2026-06-25 21:30,SHORT,1556.95,1556.17,1571.72,1527.44,15.55,28.73,0.013,1.01,20.23,0.1781,0.2021,1.13,1572.51,STOP_LOSS_HIT,-0.2327,0.0203,-1.15,17.58
101,2026-06-26 12:35,2026-06-26 12:40,2026-06-26 13:55,SHORT,1536.65,1535.88,1562.38,1485.21,26.5,50.67,0.013,1.0,19.97,0.1758,0.3445,1.96,1563.16,STOP_LOSS_HIT,-0.3748,0.0202,-1.09,17.2
102,2026-06-27 09:10,2026-06-27 09:15,2026-06-27 13:35,SHORT,1580.0,1579.21,1590.01,1560.01,10.8,19.2,0.016,1.26,25.27,0.172,0.1728,1.0,1590.81,STOP_LOSS_HIT,-0.2108,0.0253,-1.22,16.99
103,2026-06-27 17:00,2026-06-27 17:05,2026-06-28 22:50,SHORT,1588.48,1587.69,1607.93,1549.59,20.24,38.1,0.013,1.03,20.64,0.1699,0.2631,1.55,1549.59,TAKE_PROFIT_HIT,0.4748,0.0205,1.8,17.46
104,2026-06-29 08:20,2026-06-29 08:25,2026-06-29 10:10,SHORT,1576.11,1575.32,1586.1,1556.1,10.78,19.22,0.016,1.26,25.21,0.1746,0.1724,0.99,1586.89,STOP_LOSS_HIT,-0.2105,0.0253,-1.22,17.25
105,2026-06-29 11:10,2026-06-29 11:15,2026-06-29 12:05,SHORT,1572.3,1571.51,1582.3,1552.3,10.79,19.21,0.016,1.26,25.14,0.1725,0.1726,1.0,1583.09,STOP_LOSS_HIT,-0.2106,0.0253,-1.22,17.04
106,2026-06-29 12:35,2026-06-29 12:40,2026-06-29 17:10,SHORT,1573.45,1572.66,1599.78,1520.77,27.11,51.89,0.013,1.02,20.44,0.1704,0.3525,2.07,1600.58,STOP_LOSS_HIT,-0.3836,0.0206,-1.09,16.66
107,2026-06-30 08:15,2026-06-30 08:20,2026-06-30 12:20,SHORT,1588.38,1587.59,1598.37,1568.37,10.78,19.22,0.015,1.19,23.81,0.1666,0.1618,0.97,1568.37,TAKE_PROFIT_HIT,0.2717,0.0166,1.68,16.93
108,2026-07-01 10:10,2026-07-01 10:15,2026-07-01 13:45,SHORT,1574.0,1573.21,1584.24,1553.52,11.03,19.69,0.015,1.18,23.6,0.1693,0.1654,0.98,1585.03,STOP_LOSS_HIT,-0.201,0.0237,-1.22,16.73
109,2026-07-02 08:30,2026-07-02 08:35,2026-07-02 09:35,LONG,1622.05,1622.86,1612.05,1642.05,10.81,19.19,0.015,1.22,24.34,0.1673,0.1622,0.97,1642.05,TAKE_PROFIT_HIT,0.2707,0.0171,1.67,17.0
110,2026-07-02 18:45,2026-07-02 18:50,2026-07-02 19:20,LONG,1705.72,1706.57,1695.09,1726.94,11.48,20.37,0.015,1.28,25.6,0.17,0.1722,1.01,1694.24,STOP_LOSS_HIT,-0.2104,0.0255,-1.22,16.79
111,2026-07-02 20:55,2026-07-02 21:00,2026-07-02 22:50,LONG,1704.83,1705.68,1693.7,1727.12,11.98,21.44,0.014,1.19,23.88,0.1679,0.1678,1.0,1692.85,STOP_LOSS_HIT,-0.2033,0.0237,-1.21,16.59
112,2026-07-03 13:25,2026-07-03 13:30,2026-07-03 14:10,LONG,1744.15,1745.02,1733.34,1765.74,11.68,20.72,0.014,1.22,24.43,0.1659,0.1636,0.99,1732.47,STOP_LOSS_HIT,-0.2,0.0243,-1.22,16.39
113,2026-07-03 17:40,2026-07-03 17:45,2026-07-03 20:35,LONG,1740.08,1740.95,1730.07,1760.07,10.88,19.12,0.015,1.31,26.11,0.1639,0.1632,1.0,1760.07,TAKE_PROFIT_HIT,0.2684,0.0184,1.64,16.66
114,2026-07-04 12:25,2026-07-04 12:30,2026-07-04 15:05,LONG,1762.32,1763.2,1752.33,1782.33,10.87,19.13,0.015,1.32,26.45,0.1666,0.1631,0.98,1782.33,TAKE_PROFIT_HIT,0.2684,0.0185,1.65,16.92
115,2026-07-05 07:50,2026-07-05 07:55,2026-07-05 09:35,LONG,1768.84,1769.72,1758.84,1788.84,10.88,19.12,0.016,1.42,28.32,0.1692,0.1742,1.03,1757.96,STOP_LOSS_HIT,-0.2164,0.0283,-1.24,16.71
116,2026-07-05 12:20,2026-07-05 12:25,2026-07-05 17:20,LONG,1764.09,1764.97,1754.1,1784.1,10.87,19.13,0.015,1.32,26.47,0.1671,0.1631,0.98,1784.1,TAKE_PROFIT_HIT,0.2684,0.0186,1.65,16.98
117,2026-07-06 08:00,2026-07-06 08:05,2026-07-06 08:35,LONG,1774.8,1775.69,1764.8,1794.8,10.89,19.11,0.016,1.42,28.41,0.1698,0.1742,1.03,1763.92,STOP_LOSS_HIT,-0.2167,0.0283,-1.24,16.76
118,2026-07-06 10:05,2026-07-06 10:10,2026-07-06 12:00,LONG,1764.71,1765.59,1754.72,1784.72,10.87,19.13,0.015,1.32,26.48,0.1676,0.1631,0.97,1753.84,STOP_LOSS_HIT,-0.2026,0.0264,-1.24,16.56
119,2026-07-06 14:25,2026-07-06 14:30,2026-07-06 15:50,LONG,1750.92,1751.8,1733.49,1785.79,18.31,33.99,0.011,0.96,19.27,0.1656,0.2014,1.22,1785.79,TAKE_PROFIT_HIT,0.3604,0.0135,1.79,16.92
120,2026-07-06 20:30,2026-07-06 20:35,2026-07-06 21:05,LONG,1795.37,1796.27,1784.17,1817.76,12.09,21.49,0.014,1.26,25.15,0.1692,0.1693,1.0,1817.76,TAKE_PROFIT_HIT,0.2832,0.0177,1.67,17.2
121,2026-07-07 09:40,2026-07-07 09:45,2026-07-07 13:35,LONG,1778.29,1779.18,1768.29,1798.29,10.89,19.11,0.016,1.42,28.47,0.172,0.1742,1.01,1767.41,STOP_LOSS_HIT,-0.2167,0.0283,-1.24,16.98
122,2026-07-07 14:50,2026-07-07 14:55,2026-07-08 01:35,LONG,1785.91,1786.8,1761.03,1835.67,25.78,48.87,0.011,0.98,19.65,0.1698,0.2835,1.67,1760.15,STOP_LOSS_HIT,-0.3146,0.0214,-1.11,16.67
123,2026-07-08 11:40,2026-07-08 11:45,2026-07-08 13:45,LONG,1745.43,1746.3,1731.33,1773.63,14.97,27.33,0.011,0.96,19.21,0.1667,0.1647,0.99,1730.46,STOP_LOSS_HIT,-0.1933,0.0191,-1.17,16.48
124,2026-07-09 17:35,2026-07-09 17:40,2026-07-10 08:15,LONG,1750.29,1751.17,1735.07,1780.69,16.09,29.53,0.011,0.96,19.26,0.1648,0.177,1.07,1780.69,TAKE_PROFIT_HIT,0.3093,0.0154,1.75,16.79
125,2026-07-10 13:40,2026-07-10 13:45,2026-07-10 14:15,LONG,1800.72,1801.62,1790.06,1822.03,11.56,20.41,0.015,1.35,27.02,0.1679,0.1734,1.03,1789.16,STOP_LOSS_HIT,-0.2137,0.0269,-1.23,16.57
126,2026-07-10 16:55,2026-07-10 17:00,2026-07-10 18:50,LONG,1796.66,1797.56,1784.22,1821.54,13.34,23.98,0.012,1.08,21.57,0.1657,0.1601,0.97,1783.33,STOP_LOSS_HIT,-0.1923,0.0215,-1.2,16.38
127,2026-07-10 19:30,2026-07-10 19:35,2026-07-11 14:35,LONG,1791.62,1792.52,1781.62,1811.62,10.9,19.11,0.015,1.34,26.89,0.1638,0.1634,1.0,1811.62,TAKE_PROFIT_HIT,0.2623,0.0242,1.61,16.64
128,2026-07-11 17:30,2026-07-11 17:35,2026-07-11 22:20,LONG,1826.11,1827.02,1814.62,1849.06,12.4,22.04,0.013,1.19,23.75,0.1664,0.1612,0.97,1813.71,STOP_LOSS_HIT,-0.1967,0.0237,-1.22,16.45
129,2026-07-12 11:30,2026-07-12 11:35,2026-07-12 15:05,LONG,1803.4,1804.3,1793.41,1823.41,10.89,19.11,0.015,1.35,27.06,0.1645,0.1634,0.99,1823.41,TAKE_PROFIT_HIT,0.2677,0.019,1.64,16.71
130,2026-07-12 20:40,2026-07-12 20:45,2026-07-12 21:20,LONG,1822.27,1823.18,1812.28,1842.28,10.9,19.1,0.015,1.37,27.35,0.1671,0.1635,0.98,1811.37,STOP_LOSS_HIT,-0.2044,0.0273,-1.25,16.51
131,2026-07-13 07:20,2026-07-13 07:25,2026-07-13 12:30,LONG,1786.5,1787.39,1773.83,1811.84,13.57,24.45,0.012,1.07,21.45,0.1651,0.1628,0.99,1772.94,STOP_LOSS_HIT,-0.1947,0.0213,-1.2,16.31
132,2026-07-14 08:35,2026-07-14 08:40,2026-07-14 12:25,LONG,1787.77,1788.66,1777.77,1807.77,10.89,19.11,0.015,1.34,26.83,0.1631,0.1634,1.0,1807.77,TAKE_PROFIT_HIT,0.2678,0.0188,1.64,16.58
133,2026-07-14 19:10,2026-07-14 19:15,2026-07-14 22:30,LONG,1876.56,1877.5,1866.56,1896.56,10.94,19.06,0.015,1.41,28.16,0.1658,0.1641,0.99,1896.56,TAKE_PROFIT_HIT,0.2661,0.0198,1.62,16.85
134,2026-07-15 08:40,2026-07-15 08:45,2026-07-15 12:45,LONG,1876.96,1877.9,1866.96,1896.96,10.94,19.06,0.015,1.41,28.17,0.1685,0.1641,0.97,1896.96,TAKE_PROFIT_HIT,0.2661,0.0198,1.62,17.11
135,2026-07-16 13:20,2026-07-16 13:25,2026-07-16 17:10,LONG,1882.71,1883.65,1869.14,1909.85,14.51,26.19,0.012,1.13,22.6,0.1711,0.1741,1.02,1868.21,STOP_LOSS_HIT,-0.2078,0.0225,-1.19,16.91
136,2026-07-17 15:10,2026-07-17 15:15,2026-07-17 16:00,SHORT,1812.64,1811.73,1831.03,1775.88,19.3,35.85,0.011,1.0,19.93,0.1691,0.2123,1.26,1831.95,STOP_LOSS_HIT,-0.2424,0.0201,-1.14,16.66
137,2026-07-17 18:50,2026-07-17 18:55,2026-07-17 19:20,LONG,1848.35,1849.27,1835.59,1873.84,13.68,24.56,0.012,1.11,22.19,0.1666,0.1642,0.99,1834.67,STOP_LOSS_HIT,-0.1973,0.0221,-1.2,16.47
138,2026-07-18 14:25,2026-07-18 14:30,2026-07-18 18:25,LONG,1844.81,1845.73,1834.81,1864.81,10.92,19.08,0.015,1.38,27.69,0.1647,0.1638,0.99,1864.81,TAKE_PROFIT_HIT,0.2668,0.0194,1.63,16.73
139,2026-07-19 10:40,2026-07-19 10:45,2026-07-19 17:00,LONG,1871.02,1871.96,1861.02,1891.02,10.94,19.06,0.015,1.4,28.08,0.1673,0.164,0.98,1860.09,STOP_LOSS_HIT,-0.206,0.028,-1.26,16.53
140,2026-07-19 17:10,2026-07-19 17:15,2026-07-19 18:00,LONG,1870.65,1871.59,1860.64,1890.64,10.95,19.05,0.015,1.4,28.07,0.1653,0.1642,0.99,1859.71,STOP_LOSS_HIT,-0.2062,0.0279,-1.26,16.32
141,2026-07-20 10:20,2026-07-20 10:25,2026-07-20 11:35,LONG,1869.84,1870.77,1859.45,1890.64,11.32,19.87,0.014,1.31,26.19,0.1632,0.1585,0.97,1890.64,TAKE_PROFIT_HIT,0.2598,0.0184,1.64,16.58
142,2026-07-20 15:05,2026-07-20 15:10,2026-07-21 02:55,LONG,1881.17,1882.11,1859.82,1923.84,22.29,41.73,0.011,1.04,20.7,0.1658,0.2452,1.48,1923.84,TAKE_PROFIT_HIT,0.4423,0.0167,1.8,17.02
143,2026-07-22 08:05,2026-07-22 08:10,2026-07-22 14:05,LONG,1921.57,1922.53,1910.8,1943.1,11.73,20.57,0.015,1.44,28.84,0.1702,0.1759,1.03,1943.1,TAKE_PROFIT_HIT,0.2883,0.0202,1.64,17.31
144,2026-07-22 15:15,2026-07-22 15:20,2026-07-22 18:30,LONG,1944.25,1945.22,1926.81,1979.14,18.42,33.92,0.01,0.97,19.45,0.1731,0.1842,1.06,1925.85,STOP_LOSS_HIT,-0.2131,0.0193,-1.16,17.1
145,2026-07-24 12:45,2026-07-24 12:50,2026-07-24 13:50,SHORT,1874.74,1873.8,1884.74,1854.74,10.94,19.06,0.016,1.5,29.98,0.171,0.175,1.02,1854.74,TAKE_PROFIT_HIT,0.284,0.0209,1.62,17.38
146,2026-07-25 16:05,2026-07-25 16:10,2026-07-25 18:00,SHORT,1864.99,1864.06,1874.98,1844.98,10.92,19.08,0.016,1.49,29.82,0.1738,0.1748,1.01,1875.92,STOP_LOSS_HIT,-0.2196,0.0299,-1.26,17.16
147,2026-07-25 20:15,2026-07-25 20:20,2026-07-26 00:25,SHORT,1870.64,1869.7,1880.63,1850.63,10.93,19.07,0.016,1.5,29.92,0.1716,0.1748,1.02,1881.57,STOP_LOSS_HIT,-0.22,0.0301,-1.26,16.94
148,2026-07-27 16:30,2026-07-27 16:35,2026-07-27 22:40,LONG,1942.76,1943.73,1923.07,1982.14,20.66,38.4,0.01,0.97,19.44,0.1694,0.2066,1.22,1922.11,STOP_LOSS_HIT,-0.2355,0.0193,-1.14,16.71
149,2026-07-28 07:45,2026-07-28 07:50,2026-07-28 12:45,SHORT,1880.55,1879.61,1890.56,1860.56,10.95,19.05,0.015,1.41,28.19,0.1671,0.1643,0.98,1891.51,STOP_LOSS_HIT,-0.2067,0.0283,-1.26,16.5
150,2026-07-28 13:25,2026-07-28 13:30,2026-07-28 13:45,SHORT,1883.01,1882.07,1895.86,1857.31,13.79,24.76,0.012,1.13,22.58,0.165,0.1655,1.0,1857.31,TAKE_PROFIT_HIT,0.2814,0.0158,1.7,16.78
151,2026-07-29 09:50,2026-07-29 09:55,2026-07-29 10:50,LONG,1921.85,1922.81,1911.84,1941.84,10.97,19.03,0.015,1.44,28.84,0.1678,0.1646,0.98,1910.88,STOP_LOSS_HIT,-0.2076,0.0287,-1.26,16.57
152,2026-07-30 07:15,2026-07-30 07:20,2026-07-30 12:10,LONG,1906.68,1907.63,1896.67,1926.67,10.96,19.04,0.015,1.43,28.61,0.1657,0.1645,0.99,1926.67,TAKE_PROFIT_HIT,0.2655,0.0201,1.61,16.84
153,2026-07-30 13:40,2026-07-30 13:45,2026-07-31 01:45,LONG,1929.35,1930.31,1911.67,1964.68,18.65,34.37,0.01,0.97,19.3,0.1684,0.1865,1.11,1910.71,STOP_LOSS_HIT,-0.2171,0.0212,-1.16,16.62
154,2026-07-31 12:00,2026-07-31 12:05,2026-07-31 14:05,SHORT,1880.52,1879.58,1890.53,1860.53,10.95,19.05,0.015,1.41,28.19,0.1662,0.1643,0.99,1860.53,TAKE_PROFIT_HIT,0.2661,0.0197,1.62,16.89
155,2026-08-03 13:25,2026-08-03 13:30,2026-08-03 13:50,SHORT,1843.3,1842.38,1853.72,1822.45,11.34,19.92,0.015,1.38,27.64,0.1689,0.1702,1.01,1854.65,STOP_LOSS_HIT,-0.2117,0.0277,-1.24,16.68
156,2026-08-03 20:45,2026-08-03 20:50,2026-08-04 12:35,SHORT,1866.89,1865.96,1876.9,1846.9,10.94,19.06,0.015,1.4,27.99,0.1668,0.1642,0.98,1877.84,STOP_LOSS_HIT,-0.2091,0.0309,-1.27,16.47
157,2026-08-04 20:15,2026-08-04 20:20,2026-08-04 20:40,SHORT,1866.65,1865.72,1878.05,1843.88,12.33,21.84,0.013,1.21,24.25,0.1647,0.1604,0.97,1878.99,STOP_LOSS_HIT,-0.1968,0.0243,-1.23,16.27
158,2026-08-05 10:45,2026-08-05 10:50,2026-08-05 12:20,SHORT,1868.95,1868.02,1878.95,1848.95,10.93,19.07,0.015,1.4,28.02,0.1627,0.164,1.01,1879.89,STOP_LOSS_HIT,-0.2061,0.0281,-1.26,16.06
159,2026-08-05 13:10,2026-08-05 13:15,2026-08-05 14:05,SHORT,1867.68,1866.75,1880.05,1842.93,13.31,23.81,0.012,1.12,22.4,0.1606,0.1597,0.99,1880.99,STOP_LOSS_HIT,-0.1934,0.0225,-1.21,15.87
160,2026-08-06 11:15,2026-08-06 11:20,2026-08-06 13:05,LONG,1905.54,1906.49,1895.54,1925.54,10.95,19.05,0.014,1.33,26.69,0.1587,0.1533,0.97,1894.59,STOP_LOSS_HIT,-0.1931,0.0266,-1.26,15.68
161,2026-08-06 13:35,2026-08-06 13:40,2026-08-07 12:05,LONG,1903.23,1904.18,1890.27,1929.15,13.91,24.97,0.011,1.05,20.95,0.1568,0.153,0.98,1929.15,TAKE_PROFIT_HIT,0.2557,0.0189,1.67,15.93
162,2026-08-11 12:25,2026-08-11 12:30,2026-08-11 14:55,SHORT,1889.15,1888.21,1899.15,1869.15,10.94,19.06,0.015,1.42,28.32,0.1593,0.1642,1.03,1869.15,TAKE_PROFIT_HIT,0.2661,0.0198,1.62,16.2
163,2026-08-13 10:00,2026-08-13 10:05,2026-08-13 13:05,SHORT,1884.0,1883.06,1893.99,1863.99,10.93,19.07,0.015,1.41,28.25,0.162,0.164,1.01,1894.94,STOP_LOSS_HIT,-0.2065,0.0283,-1.26,15.99
164,2026-08-13 15:25,2026-08-13 15:30,2026-08-13 16:40,SHORT,1884.78,1883.84,1895.51,1863.28,11.68,20.56,0.014,1.32,26.37,0.1599,0.1635,1.02,1863.28,TAKE_PROFIT_HIT,0.2694,0.0184,1.65,16.26
165,2026-08-14 17:50,2026-08-14 17:55,2026-08-16 16:30,SHORT,1879.76,1878.82,1889.76,1859.76,10.94,19.06,0.015,1.41,28.18,0.1626,0.1641,1.01,1890.7,STOP_LOSS_HIT,-0.2206,0.0424,-1.34,16.04
166,2026-08-17 10:25,2026-08-17 10:30,2026-08-17 23:30,LONG,1897.87,1898.82,1887.88,1917.88,10.94,19.06,0.015,1.42,28.48,0.1604,0.1641,1.02,1917.88,TAKE_PROFIT_HIT,0.2631,0.0228,1.6,16.31
167,2026-08-18 08:15,2026-08-18 08:20,2026-08-18 14:25,LONG,1899.4,1900.35,1889.4,1919.4,10.95,19.05,0.015,1.43,28.51,0.1631,0.1642,1.01,1919.4,TAKE_PROFIT_HIT,0.2657,0.0201,1.62,16.57
168,2026-08-19 14:50,2026-08-19 14:55,2026-08-19 15:05,LONG,1958.94,1959.92,1935.46,2005.97,24.46,46.05,0.01,0.98,19.6,0.1657,0.2446,1.48,2005.97,TAKE_PROFIT_HIT,0.4467,0.0138,1.83,17.02
169,2026-08-20 08:05,2026-08-20 08:10,2026-08-20 11:30,LONG,2265.41,2266.54,2242.04,2312.18,24.5,45.64,0.009,1.02,20.4,0.1702,0.2205,1.3,2312.18,TAKE_PROFIT_HIT,0.3964,0.0144,1.8,17.41
170,2026-08-20 15:00,2026-08-20 15:05,2026-08-21 01:15,LONG,2297.82,2298.97,2265.83,2361.76,33.13,62.79,0.009,1.03,20.69,0.1741,0.2982,1.71,2361.76,TAKE_PROFIT_HIT,0.5485,0.0166,1.84,17.96
171,2026-08-21 13:45,2026-08-21 13:50,2026-08-21 21:20,LONG,2402.19,2403.39,2368.29,2469.97,35.11,66.58,0.008,0.96,19.23,0.1796,0.2808,1.56,2469.97,TAKE_PROFIT_HIT,0.5191,0.0136,1.85,18.48
172,2026-08-22 11:35,2026-08-22 11:40,2026-08-23 04:05,LONG,2419.61,2420.82,2401.19,2456.49,19.63,35.67,0.009,1.09,21.79,0.1848,0.1767,0.96,2399.99,STOP_LOSS_HIT,-0.2135,0.0261,-1.21,18.27
173,2026-08-25 07:00,2026-08-25 07:05,2026-08-25 07:45,LONG,2509.57,2510.82,2490.09,2548.52,20.73,37.7,0.009,1.13,22.6,0.1827,0.1866,1.02,2488.84,STOP_LOSS_HIT,-0.2203,0.0225,-1.18,18.05
174,2026-08-26 15:25,2026-08-26 15:30,2026-08-26 21:25,LONG,2453.3,2454.53,2428.91,2502.12,25.62,47.59,0.008,0.98,19.64,0.1805,0.205,1.14,2502.12,TAKE_PROFIT_HIT,0.3669,0.0138,1.79,18.42
175,2026-08-28 10:30,2026-08-28 10:35,2026-08-28 14:00,LONG,2493.25,2494.5,2480.02,2519.74,14.47,25.24,0.013,1.62,32.43,0.1842,0.1882,1.02,2519.74,TAKE_PROFIT_HIT,0.3054,0.0228,1.62,18.72
176,2026-08-28 14:35,2026-08-28 14:40,2026-08-28 15:50,LONG,2511.74,2513.0,2477.26,2580.73,35.74,67.74,0.008,1.01,20.1,0.1872,0.2859,1.53,2476.02,STOP_LOSS_HIT,-0.3158,0.02,-1.1,18.4
177,2026-08-30 10:40,2026-08-30 10:45,2026-08-30 13:45,LONG,2457.01,2458.24,2447.01,2477.01,11.23,18.77,0.016,1.97,39.33,0.184,0.1797,0.98,2477.01,TAKE_PROFIT_HIT,0.2727,0.0276,1.52,18.68
178,2026-08-30 13:45,2026-08-30 13:50,2026-08-30 16:10,LONG,2474.29,2475.53,2462.1,2498.68,13.43,23.15,0.014,1.73,34.66,0.1868,0.188,1.01,2498.68,TAKE_PROFIT_HIT,0.2998,0.0243,1.59,18.98
179,2026-08-30 18:30,2026-08-30 18:35,2026-08-30 19:45,LONG,2514.28,2515.54,2495.4,2552.07,20.14,36.53,0.009,1.13,22.64,0.1898,0.1812,0.96,2494.15,STOP_LOSS_HIT,-0.215,0.0225,-1.19,18.76
180,2026-08-31 12:00,2026-08-31 12:05,2026-08-31 13:50,LONG,2455.45,2456.68,2438.04,2490.28,18.64,33.6,0.01,1.23,24.57,0.1876,0.1864,0.99,2436.82,STOP_LOSS_HIT,-0.2231,0.0245,-1.2,18.54
181,2026-08-31 14:40,2026-08-31 14:45,2026-09-01 12:40,LONG,2464.5,2465.73,2438.14,2517.25,27.59,51.52,0.008,0.99,19.73,0.1854,0.2208,1.19,2436.92,STOP_LOSS_HIT,-0.2541,0.0236,-1.15,18.28
182,2026-09-01 14:05,2026-09-01 14:10,2026-09-01 16:10,LONG,2451.83,2453.06,2432.39,2490.71,20.66,37.65,0.009,1.1,22.08,0.1828,0.186,1.02,2431.17,STOP_LOSS_HIT,-0.2189,0.0219,-1.18,18.07
183,2026-09-02 15:05,2026-09-02 15:10,2026-09-03 07:00,SHORT,2384.43,2383.24,2411.04,2331.23,27.81,52.0,0.008,0.95,19.07,0.1807,0.2224,1.23,2412.25,STOP_LOSS_HIT,-0.2531,0.0211,-1.14,17.81
184,2026-09-04 07:05,2026-09-04 07:10,2026-09-04 09:15,LONG,2513.91,2515.17,2501.77,2538.23,13.4,23.06,0.013,1.63,32.7,0.1781,0.1742,0.98,2538.23,TAKE_PROFIT_HIT,0.2769,0.0229,1.59,18.09
185,2026-09-05 09:10,2026-09-05 09:15,2026-09-05 13:50,LONG,2458.08,2459.31,2448.09,2478.09,11.22,18.78,0.016,1.97,39.35,0.1809,0.1795,0.99,2446.87,STOP_LOSS_HIT,-0.2384,0.0393,-1.33,17.85
186,2026-09-06 09:15,2026-09-06 09:20,2026-09-06 13:30,LONG,2499.17,2500.42,2489.17,2519.17,11.25,18.75,0.016,2.0,40.01,0.1785,0.18,1.01,2487.93,STOP_LOSS_HIT,-0.2398,0.0399,-1.33,17.61
187,2026-09-06 20:20,2026-09-06 20:25,2026-09-06 21:15,LONG,2494.56,2495.81,2484.57,2514.57,11.24,18.76,0.016,2.0,39.93,0.1761,0.1798,1.02,2514.57,TAKE_PROFIT_HIT,0.2721,0.028,1.51,17.88
188,2026-09-07 09:10,2026-09-07 09:15,2026-09-07 09:50,LONG,2494.93,2496.18,2484.93,2514.93,11.25,18.75,0.016,2.0,39.94,0.1788,0.18,1.01,2483.69,STOP_LOSS_HIT,-0.2397,0.0399,-1.33,17.64
189,2026-09-07 17:05,2026-09-07 17:10,2026-09-08 05:35,LONG,2485.68,2486.92,2473.04,2510.99,13.89,24.07,0.013,1.62,32.33,0.1764,0.1805,1.02,2471.8,STOP_LOSS_HIT,-0.232,0.0355,-1.29,17.41
190,2026-09-09 07:05,2026-09-09 07:10,2026-09-09 09:40,LONG,2512.64,2513.9,2497.71,2542.48,16.19,28.58,0.011,1.38,27.65,0.1741,0.1781,1.02,2496.46,STOP_LOSS_HIT,-0.2194,0.0275,-1.23,17.19
191,2026-09-09 11:45,2026-09-09 11:50,2026-09-09 13:30,LONG,2496.17,2497.42,2484.3,2519.87,13.11,22.45,0.013,1.62,32.47,0.1719,0.1705,0.99,2519.87,TAKE_PROFIT_HIT,0.2691,0.0228,1.58,17.46
192,2026-09-10 09:35,2026-09-10 09:40,2026-09-10 12:30,SHORT,2465.82,2464.59,2477.88,2441.7,13.29,22.89,0.013,1.6,32.04,0.1746,0.1728,0.99,2441.7,TAKE_PROFIT_HIT,0.2752,0.0223,1.59,17.74
193,2026-09-14 09:45,2026-09-14 09:50,2026-09-14 11:00,LONG,2524.36,2525.62,2509.66,2553.78,15.96,28.16,0.011,1.39,27.78,0.1774,0.1755,0.99,2508.41,STOP_LOSS_HIT,-0.2171,0.0277,-1.24,17.52
194,2026-09-14 13:30,2026-09-14 13:35,2026-09-14 20:10,LONG,2514.52,2515.78,2491.31,2560.93,24.46,45.16,0.008,1.01,20.13,0.1752,0.1957,1.12,2560.93,TAKE_PROFIT_HIT,0.347,0.0142,1.77,17.87
195,2026-09-15 11:30,2026-09-15 11:35,2026-09-15 13:35,SHORT,2474.91,2473.67,2487.57,2449.55,13.9,24.12,0.013,1.61,32.16,0.1787,0.1807,1.01,2449.55,TAKE_PROFIT_HIT,0.2911,0.0225,1.61,18.16
196,2026-09-15 18:35,2026-09-15 18:40,2026-09-17 01:30,SHORT,2407.84,2406.64,2441.55,2340.39,34.92,66.25,0.008,0.96,19.25,0.1816,0.2793,1.54,2442.77,STOP_LOSS_HIT,-0.3142,0.0251,-1.12,17.84
197,2026-09-17 08:10,2026-09-17 08:15,2026-09-17 12:10,SHORT,2437.83,2436.61,2449.86,2413.8,13.25,22.81,0.013,1.58,31.68,0.1784,0.1722,0.97,2451.08,STOP_LOSS_HIT,-0.2199,0.0317,-1.28,17.62
198,2026-09-17 18:30,2026-09-17 18:35,2026-09-18 03:10,SHORT,2454.98,2453.75,2468.7,2427.57,14.95,26.18,0.012,1.47,29.45,0.1762,0.1793,1.02,2469.93,STOP_LOSS_HIT,-0.2267,0.0325,-1.26,17.4
199,2026-09-18 13:30,2026-09-18 13:35,2026-09-18 13:45,LONG,2510.46,2511.72,2494.5,2542.39,17.22,30.67,0.01,1.26,25.12,0.174,0.1722,0.99,2542.39,TAKE_PROFIT_HIT,0.289,0.0177,1.68,17.69
200,2026-09-19 08:10,2026-09-19 08:15,2026-09-19 08:20,LONG,2635.2,2636.52,2622.42,2660.75,14.09,24.24,0.013,1.71,34.27,0.1769,0.1832,1.04,2660.75,TAKE_PROFIT_HIT,0.291,0.024,1.59,17.98
201,2026-09-20 15:00,2026-09-20 15:05,2026-09-20 16:35,LONG,2597.75,2599.05,2580.27,2632.71,18.78,33.66,0.01,1.3,25.99,0.1798,0.1878,1.04,2632.71,TAKE_PROFIT_HIT,0.3183,0.0183,1.7,18.3
202,2026-09-21 08:00,2026-09-21 08:05,2026-09-21 08:35,LONG,2665.59,2666.92,2647.48,2701.81,19.44,34.89,0.009,1.2,24.0,0.183,0.175,0.96,2701.81,TAKE_PROFIT_HIT,0.2971,0.0169,1.7,18.59
203,2026-09-22 08:35,2026-09-22 08:40,2026-09-22 14:35,LONG,2737.83,2739.2,2719.58,2774.36,19.62,35.16,0.009,1.23,24.65,0.1859,0.1766,0.95,2718.22,STOP_LOSS_HIT,-0.2134,0.0245,-1.21,18.38
204,2026-09-22 15:40,2026-09-22 15:45,2026-09-23 10:20,LONG,2749.3,2750.67,2724.74,2798.46,25.94,47.78,0.007,0.96,19.25,0.1838,0.1816,0.99,2723.38,STOP_LOSS_HIT,-0.214,0.023,-1.18,18.17
205,2026-09-23 18:50,2026-09-23 18:55,2026-09-24 05:05,LONG,2670.12,2671.46,2653.93,2702.53,17.53,31.08,0.01,1.34,26.71,0.1817,0.1753,0.96,2702.53,TAKE_PROFIT_HIT,0.2892,0.0215,1.65,18.45
206,2026-09-24 07:25,2026-09-24 07:30,2026-09-24 08:20,LONG,2692.42,2693.77,2677.12,2723.01,16.64,29.25,0.011,1.48,29.63,0.1845,0.1831,0.99,2675.78,STOP_LOSS_HIT,-0.2274,0.0295,-1.24,18.23
207,2026-09-24 16:15,2026-09-24 16:20,2026-09-24 18:00,LONG,2687.8,2689.14,2660.0,2743.4,29.14,54.26,0.007,0.94,18.82,0.1823,0.204,1.12,2658.67,STOP_LOSS_HIT,-0.232,0.0187,-1.14,18.0
208,2026-09-24 18:35,2026-09-24 18:40,2026-09-25 11:05,LONG,2685.66,2687.0,2664.17,2728.61,22.83,41.61,0.008,1.07,21.5,0.18,0.1827,1.02,2728.61,TAKE_PROFIT_HIT,0.3135,0.0194,1.72,18.31
209,2026-09-25 16:00,2026-09-25 16:05,2026-09-26 20:40,LONG,2692.05,2693.4,2668.01,2740.13,25.38,46.73,0.007,0.94,18.85,0.1831,0.1777,0.97,2666.68,STOP_LOSS_HIT,-0.2115,0.0244,-1.19,18.1
210,2026-09-27 09:45,2026-09-27 09:50,2026-09-27 13:00,LONG,2715.37,2716.73,2705.38,2735.38,11.35,18.65,0.016,2.17,43.47,0.181,0.1816,1.0,2704.03,STOP_LOSS_HIT,-0.2466,0.0433,-1.36,17.85
211,2026-09-27 13:30,2026-09-27 13:35,2026-09-27 14:20,LONG,2709.3,2710.65,2699.3,2729.3,11.35,18.65,0.016,2.17,43.37,0.1785,0.1817,1.02,2697.95,STOP_LOSS_HIT,-0.2465,0.0433,-1.36,17.6
212,2026-09-27 18:15,2026-09-27 18:20,2026-09-27 21:35,LONG,2693.79,2695.14,2683.79,2713.79,11.35,18.65,0.016,2.16,43.12,0.176,0.1816,1.03,2682.45,STOP_LOSS_HIT,-0.2461,0.0431,-1.36,17.36
213,2026-09-28 09:05,2026-09-28 09:10,2026-09-28 10:40,SHORT,2636.0,2634.68,2654.95,2598.09,20.27,36.59,0.009,1.19,23.71,0.1736,0.1824,1.05,2656.28,STOP_LOSS_HIT,-0.2182,0.0239,-1.2,17.14
214,2026-09-28 16:20,2026-09-28 16:25,2026-09-28 19:40,LONG,2693.47,2694.82,2663.34,2753.74,31.48,58.92,0.007,0.94,18.86,0.1714,0.2204,1.29,2662.01,STOP_LOSS_HIT,-0.2484,0.0187,-1.13,16.89
215,2026-09-29 09:45,2026-09-29 09:50,2026-09-29 15:05,LONG,2717.48,2718.84,2700.99,2750.49,17.85,31.65,0.009,1.22,24.47,0.1689,0.1606,0.95,2699.64,STOP_LOSS_HIT,-0.1972,0.0243,-1.23,16.69
216,2026-10-01 17:15,2026-10-01 17:20,2026-10-02 04:25,LONG,2697.25,2698.6,2674.73,2742.29,23.87,43.69,0.007,0.94,18.89,0.1669,0.1671,1.0,2742.29,TAKE_PROFIT_HIT,0.2907,0.0151,1.74,16.98
217,2026-10-02 07:50,2026-10-02 07:55,2026-10-02 08:15,LONG,2733.21,2734.58,2719.12,2761.37,15.46,26.79,0.011,1.5,30.08,0.1698,0.1701,1.0,2761.37,TAKE_PROFIT_HIT,0.2736,0.0211,1.61,17.26
218,2026-10-02 12:30,2026-10-02 12:35,2026-10-02 12:40,LONG,2752.73,2754.11,2738.84,2780.47,15.26,26.37,0.011,1.51,30.3,0.1726,0.1679,0.97,2737.47,STOP_LOSS_HIT,-0.2132,0.0302,-1.27,17.05
