timestamp,side,entry,exit,reason,is_win,gross_pnl,comm,net_pnl,R,drawdown_pct
2026-07-08 13:45 UTC,LONG,1745.43,1731.32,SL_HIT,False,-10.0,0.86,-10.87,-1.09,1.09
2026-07-10 08:15 UTC,LONG,1750.28,1780.66,TP_HIT,True,19.78,0.46,19.32,1.95,0.0
2026-07-10 14:15 UTC,LONG,1800.72,1790.08,SL_HIT,False,-10.1,1.19,-11.29,-1.12,1.12
2026-07-10 18:50 UTC,LONG,1796.66,1784.19,SL_HIT,False,-9.99,1.0,-10.99,-1.1,2.21
2026-07-11 22:20 UTC,LONG,1826.1,1814.58,SL_HIT,False,-9.87,1.09,-10.96,-1.11,3.3
2026-07-12 15:05 UTC,LONG,1803.41,1823.41,TP_HIT,True,19.5,0.71,18.79,1.93,1.43
2026-07-12 21:20 UTC,LONG,1822.28,1812.26,SL_HIT,False,-9.96,1.26,-11.22,-1.13,2.55
2026-07-13 12:30 UTC,LONG,1786.5,1773.79,SL_HIT,False,-9.84,0.96,-10.8,-1.1,3.62
2026-07-14 12:25 UTC,LONG,1787.77,1807.77,TP_HIT,True,19.42,0.7,18.72,1.93,1.76
2026-07-14 22:30 UTC,LONG,1876.56,1896.56,TP_HIT,True,19.8,0.75,19.05,1.92,0.0
2026-07-15 12:45 UTC,LONG,1876.96,1896.96,TP_HIT,True,20.18,0.76,19.42,1.92,0.0
2026-07-16 17:10 UTC,LONG,1882.71,1869.14,SL_HIT,False,-10.3,1.0,-11.29,-1.1,1.1
2026-07-17 16:00 UTC,SHORT,1812.65,1831.01,SL_HIT,False,-10.17,0.71,-10.88,-1.07,2.15
2026-07-17 19:20 UTC,LONG,1848.34,1835.54,SL_HIT,False,-10.09,1.01,-11.1,-1.1,3.23
2026-07-18 18:25 UTC,LONG,1845.91,1865.91,TP_HIT,True,19.9,0.74,19.16,1.92,1.37
2026-07-19 17:00 UTC,LONG,1871.02,1861.0,SL_HIT,False,-10.17,1.32,-11.49,-1.13,2.49
2026-07-19 18:00 UTC,LONG,1870.64,1860.6200000000001,SL_HIT,False,-10.05,1.31,-11.36,-1.13,3.59
2026-07-20 11:35 UTC,LONG,1869.85,1890.68,TP_HIT,True,19.83,0.72,19.11,1.93,1.73
2026-07-21 02:55 UTC,LONG,1881.16,1923.74,TP_HIT,True,20.23,0.36,19.86,1.96,0.0
2026-07-22 14:05 UTC,LONG,1921.57,1943.07,TP_HIT,True,20.62,0.74,19.88,1.93,0.0
2026-07-22 18:30 UTC,LONG,1944.25,1926.81,SL_HIT,False,-10.52,0.82,-11.33,-1.08,1.08
2026-07-24 13:50 UTC,SHORT,1874.74,1854.74,TP_HIT,True,20.78,0.78,20.0,1.92,0.0
2026-07-25 18:00 UTC,SHORT,1864.98,1875.0,SL_HIT,False,-10.61,1.39,-12.0,-1.13,1.13
2026-07-26 00:25 UTC,SHORT,1870.63,1880.65,SL_HIT,False,-10.49,1.38,-11.87,-1.13,2.25
2026-07-26 15:15 UTC,LONG,1883.04,1903.04,TP_HIT,True,20.7,0.78,19.92,1.92,0.37
2026-07-27 22:40 UTC,LONG,1942.76,1923.02,SL_HIT,False,-10.56,0.72,-11.28,-1.07,1.44
2026-07-28 12:45 UTC,SHORT,1880.56,1890.58,SL_HIT,False,-10.46,1.38,-11.84,-1.13,2.55
2026-07-28 13:45 UTC,SHORT,1883.01,1857.37,TP_HIT,True,20.64,0.6,20.04,1.94,0.66
2026-07-29 10:50 UTC,LONG,1921.84,1911.82,SL_HIT,False,-10.54,1.41,-11.95,-1.14,1.79
2026-07-30 12:10 UTC,LONG,1906.67,1926.67,TP_HIT,True,20.8,0.8,20.0,1.92,0.0
2026-07-31 01:45 UTC,LONG,1929.34,1911.73,SL_HIT,False,-10.62,0.81,-11.43,-1.08,1.08
2026-07-31 14:05 UTC,SHORT,1880.53,1860.53,TP_HIT,True,20.98,0.78,20.2,1.92,0.0
2026-08-01 18:30 UTC,SHORT,1868.24,1848.24,TP_HIT,True,21.38,0.79,20.59,1.92,0.0
2026-08-03 13:50 UTC,SHORT,1843.3,1853.71,SL_HIT,False,-10.92,1.36,-12.28,-1.13,1.13
2026-08-04 12:35 UTC,SHORT,1866.9,1876.92,SL_HIT,False,-10.79,1.41,-12.2,-1.13,2.25
2026-08-04 20:40 UTC,SHORT,1866.66,1878.06,SL_HIT,False,-10.67,1.23,-11.9,-1.12,3.34
2026-08-05 12:20 UTC,SHORT,1868.95,1878.97,SL_HIT,False,-10.55,1.38,-11.93,-1.13,4.43
2026-08-05 14:05 UTC,SHORT,1867.68,1880.02,SL_HIT,False,-10.43,1.11,-11.54,-1.11,5.49
2026-08-06 13:05 UTC,LONG,1905.54,1895.52,SL_HIT,False,-10.32,1.37,-11.69,-1.13,6.56
2026-08-07 12:05 UTC,LONG,1903.23,1929.04,TP_HIT,True,20.36,0.6,19.76,1.94,4.75
2026-08-09 22:10 UTC,LONG,1916.01,1936.01,TP_HIT,True,20.76,0.8,19.96,1.92,2.92
2026-08-11 14:55 UTC,SHORT,1889.15,1869.15,TP_HIT,True,21.16,0.8,20.36,1.92,1.05
2026-08-13 13:05 UTC,SHORT,1883.99,1894.01,SL_HIT,False,-10.8,1.43,-12.23,-1.13,2.17
2026-08-13 16:40 UTC,SHORT,1884.77,1863.35,TP_HIT,True,21.31,0.75,20.57,1.93,0.29
2026-08-16 16:30 UTC,SHORT,1879.76,1889.78,SL_HIT,False,-10.88,1.43,-12.32,-1.13,1.42
2026-08-17 23:30 UTC,LONG,1897.88,1917.88,TP_HIT,True,21.48,0.82,20.66,1.92,0.0
2026-08-18 14:25 UTC,LONG,1899.4,1919.4,TP_HIT,True,21.9,0.84,21.06,1.92,0.0
2026-08-19 12:45 UTC,LONG,1920.75,1940.75,TP_HIT,True,22.32,0.86,21.46,1.92,0.0
2026-08-19 15:05 UTC,LONG,1958.96,2005.77,TP_HIT,True,22.75,0.39,22.36,1.97,0.0
2026-08-20 11:30 UTC,LONG,2265.42,2312.07,TP_HIT,True,23.19,0.46,22.73,1.96,0.0
2026-08-21 01:15 UTC,LONG,2297.81,2361.66,TP_HIT,True,23.62,0.34,23.28,1.97,0.0
2026-08-21 21:20 UTC,LONG,2402.18,2469.92,TP_HIT,True,24.12,0.35,23.77,1.97,0.0
2026-08-23 04:05 UTC,LONG,2419.62,2401.08,SL_HIT,False,-12.31,1.12,-13.43,-1.09,1.09
2026-08-25 07:45 UTC,LONG,2509.57,2490.08,SL_HIT,False,-12.16,1.09,-13.25,-1.09,2.17
2026-08-26 21:25 UTC,LONG,2453.31,2502.08,TP_HIT,True,24.04,0.49,23.56,1.96,0.25
2026-08-28 14:00 UTC,LONG,2493.26,2519.68,TP_HIT,True,24.52,0.93,23.59,1.92,0.0
2026-08-28 15:50 UTC,LONG,2511.75,2477.61,SL_HIT,False,-12.5,0.64,-13.13,-1.05,1.05
2026-08-29 16:15 UTC,LONG,2436.63,2456.63,TP_HIT,True,24.74,1.21,23.53,1.9,0.0
2026-08-30 13:45 UTC,LONG,2457.01,2477.01,TP_HIT,True,25.2,1.24,23.96,1.9,0.0
2026-08-30 19:45 UTC,LONG,2514.29,2495.35,SL_HIT,False,-12.84,1.19,-14.03,-1.09,1.09
2026-08-31 13:50 UTC,LONG,2455.45,2438.03,SL_HIT,False,-12.72,1.25,-13.96,-1.1,2.18
2026-09-01 12:40 UTC,LONG,2464.51,2438.28,SL_HIT,False,-12.56,0.82,-13.38,-1.06,3.22
2026-09-01 16:10 UTC,LONG,2451.83,2432.47,SL_HIT,False,-12.45,1.1,-13.55,-1.09,4.27
2026-09-03 07:00 UTC,SHORT,2384.44,2410.99,SL_HIT,False,-12.29,0.78,-13.07,-1.06,5.29
2026-09-04 09:15 UTC,LONG,2513.92,2538.27,TP_HIT,True,24.33,1.01,23.32,1.92,3.48
2026-09-05 13:50 UTC,LONG,2458.09,2448.07,SL_HIT,False,-12.42,2.13,-14.55,-1.17,4.61
2026-09-06 13:30 UTC,LONG,2499.17,2489.15,SL_HIT,False,-12.27,2.14,-14.41,-1.18,5.73
2026-09-06 21:15 UTC,LONG,2494.57,2514.57,TP_HIT,True,24.22,1.21,23.01,1.9,3.94
2026-09-07 09:50 UTC,LONG,2494.93,2484.91,SL_HIT,False,-12.36,2.15,-14.51,-1.18,5.07
2026-09-08 05:35 UTC,LONG,2485.69,2472.97,SL_HIT,False,-12.21,1.66,-13.88,-1.14,6.15
2026-09-09 09:40 UTC,LONG,2512.63,2497.71,SL_HIT,False,-12.07,1.42,-13.49,-1.12,7.2
2026-09-09 13:30 UTC,LONG,2496.16,2519.88,TP_HIT,True,23.84,1.01,22.83,1.91,5.42
2026-09-10 12:30 UTC,SHORT,2465.82,2441.75,TP_HIT,True,24.29,0.99,23.3,1.92,3.61
2026-09-14 11:00 UTC,LONG,2524.37,2509.66,SL_HIT,False,-12.4,1.48,-13.88,-1.12,4.69
2026-09-14 20:10 UTC,LONG,2514.52,2560.71,TP_HIT,True,24.48,0.54,23.94,1.96,2.83
2026-09-15 13:35 UTC,SHORT,2474.9,2449.59,TP_HIT,True,24.96,0.97,23.98,1.92,0.96
2026-09-17 01:30 UTC,SHORT,2407.83,2441.14,SL_HIT,False,-12.72,0.65,-13.37,-1.05,2.0
2026-09-17 12:10 UTC,SHORT,2437.84,2449.88,SL_HIT,False,-12.61,1.79,-14.4,-1.14,3.12
2026-09-18 03:10 UTC,SHORT,2454.99,2468.79,SL_HIT,False,-12.46,1.56,-14.02,-1.13,4.21
2026-09-18 13:45 UTC,LONG,2510.46,2542.39,TP_HIT,True,24.59,0.78,23.81,1.93,2.36
2026-09-19 08:20 UTC,LONG,2635.2,2660.73,TP_HIT,True,25.07,1.04,24.03,1.92,0.49
2026-09-20 16:35 UTC,LONG,2597.75,2632.46,TP_HIT,True,25.55,0.77,24.78,1.94,0.0
2026-09-21 08:35 UTC,LONG,2665.59,2701.77,TP_HIT,True,26.05,0.77,25.28,1.94,0.0
2026-09-22 14:35 UTC,LONG,2737.84,2719.62,SL_HIT,False,-13.28,1.39,-14.67,-1.1,1.1
2026-09-23 10:20 UTC,LONG,2749.31,2724.71,SL_HIT,False,-13.14,1.02,-14.16,-1.08,2.17
2026-09-24 05:05 UTC,LONG,2670.13,2702.73,TP_HIT,True,25.98,0.86,25.13,1.93,0.28
2026-09-24 08:20 UTC,LONG,2692.42,2677.1,SL_HIT,False,-13.25,1.62,-14.88,-1.12,1.4
2026-09-24 18:00 UTC,LONG,2687.8,2660.06,SL_HIT,False,-13.09,0.88,-13.97,-1.07,2.45
2026-09-25 09:25 UTC,LONG,2684.13,2714.54,TP_HIT,True,25.91,0.92,24.99,1.93,0.57
2026-09-25 12:15 UTC,LONG,2713.35,2693.28,SL_HIT,False,-13.21,1.24,-14.45,-1.09,1.66
2026-09-26 20:40 UTC,LONG,2692.05,2667.97,SL_HIT,False,-13.08,1.02,-14.09,-1.08,2.72
