trade_id,symbol,side,entry_time,exit_time,entry_price,exit_price,qty,notional,margin_used,leverage,gross_pnl,commission,net_pnl,return_on_margin_pct,exit_reason,holding_hours,max_floating_dd_pct,tp1_hit,tp2_hit
1,ETHUSDT,LONG,1782825300000,2026-07-01 03:45:00,1558.481634,1597.4436748499998,0.039,60.780783726,4.0520522484,15.0,1.0754,0.0428,1.0326,25.48,TP2,14.5,8.97,True,True
2,ZECUSDT,SHORT,1782916200000,2026-07-01 22:00:00,412.487486,419.912260748,0.153,63.110585357999994,4.2073723572,15.0,-1.136,0.0637,-1.1997,-28.51,STOP_LOSS,7.5,43.68,False,False
3,ZECUSDT,SHORT,1782944100000,2026-07-02 00:30:00,421.16575,410.63660625,0.142,59.805536499999995,3.9870357666666663,15.0,1.0529,0.0417,1.0113,25.36,TP2,2.25,12.37,True,True
4,ETHUSDT,SHORT,1782920700000,2026-07-02 09:30:00,1621.5156319999999,1650.702913376,0.039,63.239109647999996,4.2159406432,15.0,-0.2757,0.0542,-0.3299,-7.82,STOP_LOSS,17.75,28.2,True,False
5,ETHUSDT,LONG,1782985500000,2026-07-02 13:15:00,1642.768488,1683.8377001999997,0.038,62.425202543999994,4.161680169599999,15.0,1.0924,0.0439,1.0485,25.19,TP2,3.5,4.78,True,True
6,ETHUSDT,LONG,1782999000000,2026-07-02 14:00:00,1682.076348,1724.1282566999998,0.039,65.600977572,4.3733985048,15.0,1.1606,0.0462,1.1145,25.48,TP2,0.5,3.64,True,True
7,ZECUSDT,SHORT,1782993600000,2026-07-02 14:30:00,449.50008199999996,438.26257995,0.137,61.581511234,4.105434082266666,15.0,1.081,0.0429,1.0382,25.29,TP2,2.5,12.85,True,True
8,ETHUSDT,LONG,1783001700000,2026-07-02 16:15:00,1716.1331579999999,1685.242761156,0.041,70.361459478,4.6907639652,15.0,-1.2665,0.0697,-1.3362,-28.49,STOP_LOSS,2.0,27.18,False,False
9,ZECUSDT,SHORT,1783066500000,2026-07-03 08:30:00,440.991784,448.929636112,0.153,67.471742952,4.4981161968,15.0,-1.2145,0.0681,-1.2826,-28.51,STOP_LOSS,0.25,33.87,False,False
10,ZECUSDT,SHORT,1783069200000,2026-07-03 10:30:00,446.61066,454.64965188,0.144,64.31193504,4.287462336,15.0,-1.1576,0.0649,-1.2225,-28.51,STOP_LOSS,1.5,51.69,False,False
11,ZECUSDT,SHORT,1783076400000,2026-07-03 12:00:00,460.417898,468.705420164,0.132,60.775162536,4.0516775024000005,15.0,-1.094,0.0613,-1.1553,-28.51,STOP_LOSS,1.0,27.5,False,False
12,ETHUSDT,LONG,1783041300000,2026-07-03 20:15:00,1713.812694,1756.65801135,0.04,68.55250776,4.570167184,15.0,1.1997,0.0482,1.1514,25.19,TP2,19.0,16.2,True,True
13,ZECUSDT,SHORT,1783080900000,2026-07-03 21:45:00,462.777426,471.107419668,0.124,57.384400824,3.8256267216,15.0,-0.2295,0.049,-0.2785,-7.28,STOP_LOSS,9.5,32.16,True,False
14,ETHUSDT,LONG,1783110600000,2026-07-04 15:00:00,1753.6106519999998,1797.4509182999998,0.035,61.37637282,4.091758188,15.0,1.0872,0.0432,1.0441,25.52,TP2,18.5,9.0,True,True
15,ZECUSDT,SHORT,1783178100000,2026-07-05 01:15:00,469.666048,457.92439679999995,0.132,61.995918336,4.1330612224,15.0,1.0849,0.0432,1.0417,25.21,TP2,10.0,16.62,True,True
16,ETHUSDT,LONG,1783178100000,2026-07-05 09:30:00,1784.566842,1752.4446388439999,0.035,62.459839470000006,4.163989298000001,15.0,-0.2748,0.0531,-0.328,-7.88,STOP_LOSS,18.25,31.35,True,False
17,ETHUSDT,LONG,1783263600000,2026-07-06 12:00:00,1772.024334,1740.1278959879999,0.037,65.56490035799999,4.370993357199999,15.0,-0.2871,0.0558,-0.3428,-7.84,STOP_LOSS,21.0,31.76,True,False
18,ETHUSDT,LONG,1783342800000,2026-07-06 15:45:00,1740.4580219999998,1783.9694725499996,0.037,64.39694681399999,4.293129787599999,15.0,1.14,0.0453,1.0947,25.5,TP2,2.75,10.48,True,True
19,ZECUSDT,LONG,1783345500000,2026-07-06 20:30:00,444.158814,455.26278434999995,0.142,63.070551587999994,4.204703439199999,15.0,1.1104,0.0444,1.066,25.35,TP2,6.75,3.24,True,True
20,ETHUSDT,LONG,1783353600000,2026-07-06 21:00:00,1788.077544,1832.7794826,0.038,67.946946672,4.5297964448,15.0,1.1891,0.0478,1.1413,25.19,TP2,5.0,5.49,True,True
21,ETHUSDT,LONG,1783372500000,2026-07-07 02:15:00,1819.253778,1786.507209996,0.041,74.589404898,4.9726269932,15.0,-1.3426,0.0739,-1.4165,-28.49,STOP_LOSS,5.0,33.77,False,False
22,ZECUSDT,SHORT,1783426500000,2026-07-07 14:45:00,460.437894,468.725776092,0.149,68.60524620599999,4.5736830803999995,15.0,-0.2809,0.0586,-0.3395,-7.42,STOP_LOSS,2.5,37.63,True,False
23,ZECUSDT,SHORT,1783438200000,2026-07-07 15:30:00,469.086164,477.529714952,0.145,68.01749378,4.534499585333333,15.0,-1.2243,0.0686,-1.2929,-28.51,STOP_LOSS,0.0,60.48,False,False
24,ZECUSDT,SHORT,1783440900000,2026-07-07 16:15:00,499.70004,508.69464072,0.128,63.96160512,4.264107008,15.0,-1.1513,0.0645,-1.2158,-28.51,STOP_LOSS,0.0,36.89,False,False
25,ETHUSDT,LONG,1783426500000,2026-07-08 01:30:00,1790.75808,1758.5244345600001,0.039,69.83956512,4.655971008,15.0,-0.3044,0.0594,-0.3638,-7.81,STOP_LOSS,13.25,35.3,True,False
26,ZECUSDT,LONG,1783507500000,2026-07-08 13:15:00,467.01338400000003,458.60714308800004,0.127,59.310699768000006,3.9540466512000005,15.0,-1.0676,0.0588,-1.1264,-28.49,STOP_LOSS,2.5,31.55,False,False
27,ETHUSDT,LONG,1783477800000,2026-07-08 15:00:00,1751.530236,1720.002691752,0.034,59.55202802400001,3.9701352016000007,15.0,-1.0719,0.059,-1.131,-28.49,STOP_LOSS,12.5,30.66,False,False
28,ZECUSDT,LONG,1783518300000,2026-07-08 15:00:00,464.102802,455.748951564,0.12,55.692336239999996,3.712822416,15.0,-1.0025,0.0552,-1.0577,-28.49,STOP_LOSS,1.25,29.29,False,False
29,ETHUSDT,SHORT,1783523700000,2026-07-09 01:00:00,1716.4066500000001,1747.3019697000002,0.029,49.77579285000001,3.3183861900000005,15.0,-0.896,0.0502,-0.9462,-28.51,STOP_LOSS,9.75,33.97,False,False
30,ETHUSDT,SHORT,1783565100000,2026-07-09 07:00:00,1725.4148480000001,1756.4723152640001,0.027,46.586200896,3.1057467264,15.0,-0.8386,0.047,-0.8856,-28.51,STOP_LOSS,4.25,32.26,False,False
31,ZECUSDT,SHORT,1783621800000,2026-07-09 23:15:00,490.721836,478.4537901,0.092,45.146408912,3.009760594133333,15.0,0.7901,0.0314,0.7586,25.21,TP2,4.75,17.63,True,True
32,ETHUSDT,SHORT,1783596600000,2026-07-10 01:45:00,1741.30167,1772.64510006,0.026,45.27384342,3.018256228,15.0,-0.8149,0.0457,-0.8606,-28.51,STOP_LOSS,14.25,30.73,False,False
33,ETHUSDT,SHORT,1783650600000,2026-07-10 10:15:00,1765.6468,1797.4284424,0.026,45.906816799999994,3.060454453333333,15.0,-0.8263,0.0463,-0.8726,-28.51,STOP_LOSS,7.75,31.94,False,False
34,ZECUSDT,SHORT,1783664100000,2026-07-10 13:30:00,501.889602,510.923614836,0.09,45.17006418,3.0113376119999997,15.0,-0.1807,0.0386,-0.2192,-7.28,STOP_LOSS,7.25,43.13,True,False
35,ZECUSDT,SHORT,1783796400000,2026-07-11 21:00:00,517.266526,526.577323468,0.087,45.002187762,3.0001458508,15.0,-0.81,0.0454,-0.8554,-28.51,STOP_LOSS,2.0,38.43,False,False
36,ZECUSDT,SHORT,1783805400000,2026-07-11 23:15:00,528.5842620000001,515.3696554500001,0.086,45.458246532000004,3.0305497688000003,15.0,0.8034,0.0317,0.7718,25.47,TP2,1.75,1.89,True,True
37,ZECUSDT,SHORT,1783868400000,2026-07-12 16:00:00,533.503278,543.106337004,0.085,45.34777863000001,3.0231852420000007,15.0,-0.8163,0.0458,-0.862,-28.51,STOP_LOSS,1.0,37.83,False,False
38,ETHUSDT,LONG,1783679400000,2026-07-13 00:00:00,1799.989926,1844.9896741499997,0.026,46.799738076,3.1199825384,15.0,0.819,0.0329,0.7861,25.19,TP2,61.5,20.97,True,True
39,ZECUSDT,SHORT,1783872900000,2026-07-13 00:00:00,540.84181,527.32076475,0.084,45.43071204,3.028714136,15.0,0.795,0.0316,0.7634,25.21,TP2,7.75,24.43,True,True
40,ETHUSDT,LONG,1783901700000,2026-07-13 00:30:00,1839.897906,1806.7797436919998,0.025,45.99744765,3.06649651,15.0,-0.828,0.0456,-0.8735,-28.49,STOP_LOSS,0.25,27.61,False,False
41,ZECUSDT,LONG,1783924200000,2026-07-13 13:15:00,517.313442,508.001800044,0.087,45.006269454,3.0004179636,15.0,-0.1873,0.0382,-0.2254,-7.51,STOP_LOSS,6.75,31.15,True,False
42,ZECUSDT,LONG,1783953900000,2026-07-13 19:15:00,512.462472,503.23814750400004,0.088,45.096697536,3.0064465024,15.0,-0.8117,0.0447,-0.8564,-28.49,STOP_LOSS,4.5,28.58,False,False
43,ETHUSDT,SHORT,1783946700000,2026-07-14 10:45:00,1769.476034,1801.326602612,0.026,46.006376884,3.0670917922666665,15.0,-0.184,0.0393,-0.2233,-7.28,STOP_LOSS,22.0,29.72,True,False
44,ETHUSDT,LONG,1784033100000,2026-07-14 13:15:00,1825.044936,1870.6710593999999,0.025,45.626123400000004,3.04174156,15.0,0.8121,0.0321,0.78,25.64,TP2,0.5,0.3,True,True
45,ZECUSDT,SHORT,1784033100000,2026-07-14 13:15:00,516.966586,526.271984548,0.088,45.493059568,3.0328706378666666,15.0,-0.8189,0.0459,-0.8648,-28.51,STOP_LOSS,0.5,56.44,False,False
46,ZECUSDT,SHORT,1784035800000,2026-07-14 15:15:00,526.3847020000001,535.859626636,0.086,45.269084372,3.0179389581333336,15.0,-0.1958,0.0388,-0.2346,-7.77,STOP_LOSS,1.75,32.64,True,False
47,ZECUSDT,SHORT,1784048400000,2026-07-14 20:15:00,549.610056,535.8698046,0.082,45.068024592,3.0045349728,15.0,0.7887,0.0314,0.7573,25.21,TP2,3.25,5.46,True,True
48,ZECUSDT,SHORT,1784070000000,2026-07-14 23:45:00,556.28872,566.30191696,0.081,45.05938632,3.003959088,15.0,-0.8111,0.0455,-0.8565,-28.51,STOP_LOSS,0.75,36.97,False,False
49,ZECUSDT,SHORT,1784073600000,2026-07-15 07:15:00,563.7872199999999,549.6925395,0.08,45.102977599999996,3.006865173333333,15.0,0.7893,0.0314,0.7579,25.21,TP2,7.25,3.2,True,True
50,ZECUSDT,SHORT,1784111400000,2026-07-15 11:00:00,564.277122,574.434110196,0.08,45.142169759999994,3.0094779839999997,15.0,-0.8126,0.0455,-0.8581,-28.51,STOP_LOSS,0.5,31.99,False,False
51,ETHUSDT,LONG,1784035800000,2026-07-15 12:45:00,1879.455816,1926.4422113999997,0.024,45.106939583999996,3.0071293056,15.0,0.7894,0.0317,0.7576,25.19,TP2,23.25,16.86,True,True
52,ZECUSDT,SHORT,1784114100000,2026-07-15 12:45:00,572.53547,582.84110846,0.079,45.230302130000005,3.0153534753333338,15.0,-0.8141,0.0456,-0.8598,-28.51,STOP_LOSS,1.5,42.61,False,False
53,ZECUSDT,SHORT,1784121300000,2026-07-15 19:45:00,579.304116,564.8215131000001,0.078,45.185721048000005,3.0123814032000005,15.0,0.7908,0.0315,0.7593,25.21,TP2,6.5,16.22,True,True
54,ETHUSDT,LONG,1784120400000,2026-07-16 08:00:00,1927.115346,1892.427269772,0.024,46.250768304000005,3.0833845536,15.0,-0.185,0.0392,-0.2242,-7.27,STOP_LOSS,19.0,34.78,True,False
55,ZECUSDT,LONG,1784250000000,2026-07-17 13:30:00,533.45667,523.85444994,0.085,45.343816950000004,3.0229211300000003,15.0,-0.1888,0.0385,-0.2273,-7.52,STOP_LOSS,12.5,28.25,True,False
56,ZECUSDT,SHORT,1784308500000,2026-07-17 23:00:00,553.179342,539.34985845,0.082,45.360706044000004,3.0240470696000004,15.0,0.7938,0.0316,0.7622,25.21,TP2,5.75,3.17,True,True
57,ETHUSDT,SHORT,1784266200000,2026-07-19 02:00:00,1836.5326200000002,1869.5902071600003,0.025,45.91331550000001,3.0608877000000008,15.0,-0.2094,0.0395,-0.2488,-8.13,STOP_LOSS,44.5,29.52,True,False
58,ZECUSDT,SHORT,1784386800000,2026-07-19 08:30:00,557.878402,567.9202132360001,0.081,45.188150562000004,3.0125433708000005,15.0,-0.1886,0.0387,-0.2272,-7.54,STOP_LOSS,17.5,27.21,True,False
59,ETHUSDT,LONG,1784427300000,2026-07-20 18:00:00,1870.003926,1916.7540241499999,0.025,46.75009815000001,3.1166732100000005,15.0,0.8322,0.0329,0.7993,25.64,TP2,39.75,22.59,True,True
60,ZECUSDT,SHORT,1784565000000,2026-07-21 09:15:00,549.3701040000001,535.6358514000001,0.082,45.048348528000005,3.0032232352000006,15.0,0.7883,0.0314,0.757,25.21,TP2,16.75,22.63,True,True
61,ETHUSDT,LONG,1784571300000,2026-07-23 17:45:00,1914.58284,1880.12034888,0.024,45.949988160000004,3.063332544,15.0,-0.1838,0.0389,-0.2227,-7.27,STOP_LOSS,71.5,32.62,True,False
62,ZECUSDT,LONG,1784900700000,2026-07-24 16:15:00,500.22002399999997,491.216063568,0.09,45.01980216,3.0013201439999997,15.0,-0.8104,0.0446,-0.855,-28.49,STOP_LOSS,2.5,28.34,False,False
63,ZECUSDT,LONG,1784915100000,2026-07-24 22:00:00,492.938568,484.065673776,0.092,45.350348256,3.0233565504,15.0,-0.8163,0.0449,-0.8612,-28.49,STOP_LOSS,4.25,29.45,False,False
64,ETHUSDT,SHORT,1784829600000,2026-07-26 15:30:00,1877.354454,1911.1468341720001,0.024,45.056506896,3.0037671264,15.0,-0.1802,0.0385,-0.2187,-7.28,STOP_LOSS,69.5,32.04,True,False
65,ETHUSDT,LONG,1785080700000,2026-07-26 23:00:00,1914.2227679999999,1962.0783371999996,0.024,45.941346431999996,3.0627564287999998,15.0,0.804,0.0323,0.7717,25.19,TP2,7.25,4.88,True,True
66,ZECUSDT,SHORT,1785105900000,2026-07-27 14:15:00,505.788822,493.14410145,0.089,45.01520515799999,3.0010136771999996,15.0,0.7916,0.0314,0.7602,25.33,TP2,15.5,12.13,True,True
67,ETHUSDT,LONG,1785107700000,2026-07-27 14:30:00,1956.851292,1921.627968744,0.023,45.007579716,3.0005053144000002,15.0,-0.2074,0.0384,-0.2458,-8.19,STOP_LOSS,15.25,29.86,True,False
68,ZECUSDT,LONG,1785170700000,2026-07-27 22:45:00,488.427666,479.635968012,0.093,45.423772938,3.0282515292,15.0,-0.8176,0.045,-0.8626,-28.49,STOP_LOSS,6.0,35.1,False,False
69,ZECUSDT,LONG,1785241800000,2026-07-28 13:30:00,466.39326,457.99818132,0.097,45.24014622,3.016009748,15.0,-0.8143,0.0448,-0.8592,-28.49,STOP_LOSS,1.0,30.21,False,False
70,ETHUSDT,LONG,1785195000000,2026-07-28 13:45:00,1892.47842,1858.41380844,0.024,45.41948208,3.027965472,15.0,-0.8176,0.045,-0.8626,-28.49,STOP_LOSS,14.25,29.06,False,False
71,ZECUSDT,LONG,1785248100000,2026-07-28 15:15:00,463.302642,474.88520804999996,0.098,45.403658916,3.0269105944,15.0,0.7946,0.0319,0.7626,25.19,TP2,1.0,8.62,True,True
72,ZECUSDT,LONG,1785283200000,2026-07-29 03:30:00,465.5931,457.2124242,0.097,45.1625307,3.01083538,15.0,-0.1872,0.0383,-0.2255,-7.49,STOP_LOSS,3.5,33.26,True,False
73,ETHUSDT,SHORT,1785296700000,2026-07-29 18:00:00,1896.460632,1930.596923376,0.024,45.515055168,3.0343370112000003,15.0,-0.8193,0.0459,-0.8652,-28.51,STOP_LOSS,14.25,30.48,False,False
74,ZECUSDT,LONG,1785300300000,2026-07-29 18:00:00,458.56169400000005,470.02573635,0.099,45.39760770600001,3.0265071804000008,15.0,0.7979,0.0319,0.766,25.31,TP2,13.25,8.12,True,True
75,ZECUSDT,SHORT,1785391200000,2026-07-31 02:00:00,476.674646,464.75777984999996,0.095,45.28409137,3.0189394246666668,15.0,0.796,0.0315,0.7645,25.32,TP2,20.0,9.93,True,True
76,ETHUSDT,LONG,1785413700000,2026-07-31 07:00:00,1926.025128,1891.356675696,0.024,46.224603072,3.0816402048000002,15.0,-0.832,0.0458,-0.8779,-28.49,STOP_LOSS,18.75,29.61,False,False
77,ETHUSDT,SHORT,1785482100000,2026-08-01 18:30:00,1890.6018040000001,1843.3367589000002,0.024,45.374443296,3.0249628864,15.0,0.7941,0.0316,0.7624,25.21,TP2,35.25,1.28,True,True
78,ZECUSDT,SHORT,1785596400000,2026-08-01 18:30:00,470.39590200000004,458.63600445000003,0.096,45.15800659200001,3.0105337728000006,15.0,0.7903,0.0315,0.7588,25.21,TP2,3.5,10.15,True,True
79,ETHUSDT,SHORT,1785609900000,2026-08-02 02:00:00,1831.6036060000001,1864.5724709080002,0.025,45.790090150000005,3.052672676666667,15.0,-0.8242,0.0462,-0.8704,-28.51,STOP_LOSS,7.25,41.27,False,False
80,ZECUSDT,SHORT,1785637800000,2026-08-02 19:30:00,472.365508,480.86808714399996,0.096,45.347088768,3.0231392512,15.0,-0.8162,0.0458,-0.862,-28.51,STOP_LOSS,17.0,31.61,False,False
81,ZECUSDT,SHORT,1785700800000,2026-08-02 21:00:00,485.092962,493.824635316,0.093,45.113645466,3.0075763644,15.0,-0.812,0.0455,-0.8576,-28.51,STOP_LOSS,1.0,27.05,False,False
82,ZECUSDT,SHORT,1785705300000,2026-08-03 01:00:00,491.85161,479.55531974999997,0.092,45.25034812,3.0166898746666666,15.0,0.7919,0.0315,0.7604,25.21,TP2,3.75,11.74,True,True
83,ZECUSDT,SHORT,1785856500000,2026-08-04 17:15:00,492.081564,500.93903215200004,0.092,45.271503888,3.0181002591999997,15.0,-0.8149,0.0457,-0.8606,-28.51,STOP_LOSS,2.0,33.89,False,False
84,ZECUSDT,SHORT,1785864600000,2026-08-04 18:45:00,499.580064,508.572505152,0.091,45.461785823999996,3.0307857215999996,15.0,-0.8183,0.0459,-0.8642,-28.51,STOP_LOSS,1.25,28.13,False,False
85,ZECUSDT,SHORT,1785870000000,2026-08-05 02:00:00,505.408898,514.5062581640001,0.09,45.48680082,3.032453388,15.0,-0.8188,0.0459,-0.8647,-28.51,STOP_LOSS,7.0,34.64,False,False
86,ZECUSDT,SHORT,1785896100000,2026-08-05 12:15:00,514.667046,523.931052828,0.088,45.290700048,3.0193800031999998,15.0,-0.1812,0.0387,-0.2198,-7.28,STOP_LOSS,10.0,29.94,True,False
87,ETHUSDT,SHORT,1785638700000,2026-08-05 17:30:00,1873.1053040000002,1906.8211994720002,0.025,46.82763260000001,3.121842173333334,15.0,-0.2135,0.0403,-0.2538,-8.13,STOP_LOSS,86.75,30.32,True,False
88,ZECUSDT,SHORT,1785933900000,2026-08-06 00:30:00,523.335312,510.2519292,0.086,45.006836832,3.0004557887999996,15.0,0.7955,0.0313,0.7641,25.47,TP2,11.75,1.91,True,True
89,ZECUSDT,SHORT,1786061700000,2026-08-07 09:45:00,502.759428,511.809097704,0.09,45.24834852,3.016556568,15.0,-0.8145,0.0457,-0.8601,-28.51,STOP_LOSS,9.5,27.48,False,False
90,ZECUSDT,SHORT,1786219200000,2026-08-09 09:00:00,509.917996,519.096519928,0.089,45.382701644,3.0255134429333332,15.0,-0.1887,0.0388,-0.2275,-7.52,STOP_LOSS,13.0,41.54,True,False
91,ZECUSDT,SHORT,1786266900000,2026-08-09 10:00:00,518.09636,527.42209448,0.087,45.074383319999995,3.0049588879999996,15.0,-0.8113,0.0455,-0.8568,-28.51,STOP_LOSS,0.75,39.99,False,False
92,ZECUSDT,SHORT,1786270500000,2026-08-09 22:45:00,526.124754,512.97163515,0.086,45.246728844,3.0164485896000004,15.0,0.7997,0.0315,0.7682,25.47,TP2,12.5,3.29,True,True
93,ZECUSDT,LONG,1786320900000,2026-08-10 09:45:00,513.8027400000001,504.55429068000007,0.088,45.21464112,3.0143094080000004,15.0,-0.8139,0.0448,-0.8587,-28.49,STOP_LOSS,9.5,30.08,False,False
94,ETHUSDT,LONG,1785951900000,2026-08-10 15:00:00,1908.071538,1873.7262503159998,0.024,45.793716912,3.0529144608,15.0,-0.1832,0.0388,-0.2219,-7.27,STOP_LOSS,117.25,27.04,True,False
95,ZECUSDT,LONG,1786368600000,2026-08-10 16:45:00,505.75113,496.64760966,0.089,45.01185057,3.000790038,15.0,-0.8102,0.0446,-0.8548,-28.49,STOP_LOSS,3.25,35.51,False,False
96,ZECUSDT,LONG,1786386600000,2026-08-11 06:30:00,498.17961599999995,489.21238291199995,0.091,45.334345056,3.0222896703999997,15.0,-0.816,0.0449,-0.8609,-28.49,STOP_LOSS,12.0,27.58,False,False
97,ZECUSDT,LONG,1786469400000,2026-08-11 22:00:00,472.864554,484.68616784999995,0.068,32.154789672,2.1436526448,15.0,0.5627,0.0226,0.5401,25.19,TP2,4.5,7.94,True,True
98,ETHUSDT,SHORT,1786460400000,2026-08-12 09:30:00,1872.305464,1906.006962352,0.025,46.8076366,3.120509106666667,15.0,-0.2134,0.0402,-0.2537,-8.13,STOP_LOSS,18.5,29.4,True,False
99,ZECUSDT,LONG,1786527000000,2026-08-12 11:45:00,480.256032,492.26243279999994,0.067,32.177154144,2.1451436096,15.0,0.5667,0.0226,0.5441,25.36,TP2,2.25,6.95,True,True
100,ZECUSDT,SHORT,1786536000000,2026-08-12 17:30:00,490.521876,499.351269768,0.092,45.128012592000005,3.0085341728,15.0,-0.1805,0.0385,-0.219,-7.28,STOP_LOSS,5.5,27.73,True,False
101,ZECUSDT,SHORT,1786889700000,2026-08-17 06:00:00,490.35191,499.17824437999997,0.084,41.18956044,2.745970696,15.0,-0.1648,0.0352,-0.1999,-7.28,STOP_LOSS,15.75,41.35,True,False
102,ZECUSDT,SHORT,1786948200000,2026-08-17 06:30:00,502.039572,511.07628429600004,0.069,34.640730468,2.3093820312,15.0,-0.6235,0.035,-0.6585,-28.51,STOP_LOSS,0.0,50.61,False,False
103,ETHUSDT,SHORT,1786562100000,2026-08-17 23:30:00,1882.883348,1916.775248264,0.024,45.189200352,3.0126133568,15.0,-0.1808,0.0386,-0.2193,-7.28,STOP_LOSS,124.25,27.98,True,False
104,ETHUSDT,LONG,1787063400000,2026-08-19 14:45:00,1917.893502,1965.8408395499998,0.024,46.029444048,3.0686296032000002,15.0,0.8055,0.0324,0.7731,25.19,TP2,24.25,9.93,True,True
105,ETHUSDT,LONG,1787151600000,2026-08-19 15:15:00,1970.2939800000001,2019.5513295,0.023,45.31676154,3.021117436,15.0,0.8078,0.0319,0.7759,25.68,TP2,0.25,3.04,True,True
106,ZECUSDT,SHORT,1787152500000,2026-08-19 15:15:00,543.5512679999999,553.3351908239999,0.077,41.85344763599999,2.7902298423999996,15.0,-0.7534,0.0422,-0.7956,-28.51,STOP_LOSS,0.0,31.43,False,False
107,ZECUSDT,SHORT,1787156100000,2026-08-19 16:45:00,550.449888,560.357985984,0.069,37.981042272,2.5320694848,15.0,-0.6837,0.0383,-0.722,-28.51,STOP_LOSS,0.5,37.25,False,False
108,ETHUSDT,LONG,1787153400000,2026-08-19 20:15:00,2074.924902,2126.79802455,0.022,45.648347844,3.0432231896,15.0,0.7988,0.0321,0.7667,25.19,TP2,4.75,13.68,True,True
109,ZECUSDT,SHORT,1787171400000,2026-08-19 20:45:00,553.999178,563.971163204,0.082,45.427932596000005,3.0285288397333336,15.0,-0.8177,0.0458,-0.8635,-28.51,STOP_LOSS,0.25,37.88,False,False
110,ETHUSDT,LONG,1787173200000,2026-08-19 21:00:00,2218.503612,2273.9662022999996,0.019,42.151568628,2.8101045752,15.0,0.7543,0.0297,0.7246,25.79,TP2,0.0,1.75,True,True
111,ZECUSDT,SHORT,1787175000000,2026-08-20 03:00:00,569.276122,555.04421895,0.066,37.572224052,2.5048149368000003,15.0,0.6575,0.0262,0.6313,25.21,TP2,5.5,25.07,True,True
112,ETHUSDT,LONG,1787174100000,2026-08-20 11:45:00,2260.9420979999995,2317.4656504499994,0.02,45.21884195999999,3.0145894639999993,15.0,0.7913,0.0318,0.7595,25.19,TP2,14.5,25.84,True,True
113,ZECUSDT,SHORT,1787245200000,2026-08-20 18:00:00,587.772422,573.0781114499999,0.077,45.258476494,3.017231766266667,15.0,0.7964,0.0315,0.7649,25.35,TP2,1.0,6.81,True,True
114,ZECUSDT,SHORT,1787288400000,2026-08-21 05:00:00,588.122352,598.708554336,0.077,45.285421104,3.0190280736,15.0,-0.8151,0.0457,-0.8608,-28.51,STOP_LOSS,0.0,34.86,False,False
115,ZECUSDT,SHORT,1787289300000,2026-08-21 05:15:00,596.950586,607.695696548,0.076,45.368244536,3.0245496357333335,15.0,-0.8166,0.0458,-0.8624,-28.51,STOP_LOSS,0.0,37.54,False,False
116,ETHUSDT,LONG,1787241600000,2026-08-21 06:45:00,2325.585024,2383.7246496,0.02,46.51170048,3.1007800320000003,15.0,0.814,0.0327,0.7812,25.19,TP2,14.75,12.62,True,True
117,ZECUSDT,SHORT,1787290200000,2026-08-21 07:15:00,605.6688419999999,616.5708811559999,0.075,45.425163149999996,3.0283442099999998,15.0,-0.1902,0.0389,-0.229,-7.56,STOP_LOSS,1.75,48.02,True,False
118,ETHUSDT,LONG,1787296500000,2026-08-21 08:45:00,2386.017108,2445.6675357,0.019,45.334325052,3.0222883368,15.0,0.8112,0.0319,0.7793,25.79,TP2,1.5,11.33,True,True
119,ETHUSDT,LONG,1787302800000,2026-08-21 09:00:00,2445.3789779999997,2401.3621563959996,0.019,46.462200581999994,3.0974800387999997,15.0,-0.8363,0.046,-0.8824,-28.49,STOP_LOSS,0.0,43.15,False,False
120,ZECUSDT,SHORT,1787305500000,2026-08-21 10:45:00,648.300314,659.969719652,0.07,45.38102198,3.025401465333333,15.0,-0.1815,0.0387,-0.2203,-7.28,STOP_LOSS,1.0,40.88,True,False
121,ZECUSDT,SHORT,1787331600000,2026-08-21 19:15:00,674.475078,686.6156294040001,0.067,45.189830226000005,3.0126553484000005,15.0,-0.1902,0.0387,-0.2289,-7.6,STOP_LOSS,2.25,30.08,True,False
122,ZECUSDT,SHORT,1787347800000,2026-08-21 21:30:00,711.4376840000001,724.2435623120001,0.064,45.532011776000004,3.0354674517333335,15.0,-0.8196,0.0459,-0.8655,-28.51,STOP_LOSS,0.0,34.92,False,False
123,ETHUSDT,LONG,1787344200000,2026-08-21 21:45:00,2445.0489119999997,2506.1751347999993,0.019,46.455929327999996,3.0970619551999996,15.0,0.8313,0.0327,0.7986,25.79,TP2,1.25,11.87,True,True
124,ZECUSDT,SHORT,1787348700000,2026-08-21 22:00:00,718.776216,731.714187888,0.045,32.344929719999996,2.1563286479999997,15.0,-0.5822,0.0326,-0.6148,-28.51,STOP_LOSS,0.25,46.36,False,False
125,ETHUSDT,LONG,1787350500000,2026-08-22 00:00:00,2543.55861,2497.77455502,0.018,45.78405498,3.052270332,15.0,-0.8241,0.0454,-0.8695,-28.49,STOP_LOSS,1.75,32.25,False,False
126,ZECUSDT,SHORT,1787362200000,2026-08-22 01:30:00,747.020566,760.4669361880001,0.05,37.3510283,2.4900685533333333,15.0,-0.6723,0.0377,-0.71,-28.51,STOP_LOSS,0.0,38.97,False,False
