trade_id,timestamp,symbol,direction,signal_time,entry_time,exit_time,entry_price_raw,entry_price_executed,exit_price_raw,exit_price_executed,quantity,notional,gross_pnl,commission_entry,commission_exit,slippage_entry,slippage_exit,net_pnl,R_multiple,equity_before,equity_after,drawdown,daily_drawdown,exit_reason
T_0001,2025-08-16 06:15,ETH/USDT,SELL,2025-08-16 06:00,2025-08-16 06:00,2025-08-16 06:15,4420.53,4420.09,4457.31,4457.76,3.3933,14998.68,-21.45,5.9995,5.9995,1.5,1.5125,-36.46,-0.24,10000.0,9963.54,4.59,1.28,STOP_LOSS
T_0002,2025-08-16 07:00,ETH/USDT,SELL,2025-08-16 06:45,2025-08-16 06:45,2025-08-16 07:00,4420.53,4420.09,4457.33,4457.78,3.3933,14998.68,-21.35,5.9995,5.9995,1.5,1.5125,-36.36,-0.24,9963.54,9927.18,4.59,1.28,STOP_LOSS
T_0003,2025-08-19 17:00,ETH/USDT,SELL,2025-08-19 16:45,2025-08-19 16:45,2025-08-19 17:00,4166.58,4166.16,4201.31,4201.73,3.6001,14998.6,-21.24,5.9994,5.9994,1.5,1.5125,-36.25,-0.24,9927.18,9890.93,4.59,1.28,STOP_LOSS
T_0004_P1,2025-08-19 17:00,BTC/USDT,SELL,2025-08-19 17:00,2025-08-19 17:00,2025-08-19 17:00,113373.99,113362.65,111531.15,111542.3,0.1323,14997.88,35.21,5.9992,5.9992,1.4999,1.4756,20.24,0.13,9890.93,9911.17,4.59,1.28,PARTIAL_TP
T_0004,2025-08-19 17:00,BTC/USDT,SELL,2025-08-19 17:00,2025-08-19 17:00,2025-08-19 17:00,113373.99,113362.65,110680.34,110691.41,0.1323,14997.88,76.02,5.9992,5.9992,1.4999,1.4643,61.06,0.41,9911.17,9972.23,4.59,1.28,TAKE_PROFIT
T_0005_P2,2025-08-19 18:45,BTC/USDT,SELL,2025-08-19 18:45,2025-08-19 18:45,2025-08-19 18:45,112998.65,112987.35,111158.47,111169.59,0.1327,14993.42,35.19,5.9974,5.9974,1.4995,1.4751,20.22,0.13,9972.23,9992.45,4.59,1.28,PARTIAL_TP
T_0005,2025-08-19 18:45,BTC/USDT,SELL,2025-08-19 18:45,2025-08-19 18:45,2025-08-19 18:45,112998.65,112987.35,110318.0,110329.03,0.1327,14993.42,75.73,5.9974,5.9974,1.4995,1.4639,60.77,0.41,9992.45,10053.22,4.59,1.28,TAKE_PROFIT
T_0006_P3,2025-08-20 16:45,ETH/USDT,BUY,2025-08-20 16:30,2025-08-20 16:30,2025-08-20 16:45,4327.62,4327.19,4407.64,4408.08,3.4661,14998.46,38.49,5.9994,5.9994,1.5,1.5277,23.46,0.16,10053.22,10076.68,4.59,1.28,PARTIAL_TP
T_0006,2025-08-20 16:45,ETH/USDT,BUY,2025-08-20 16:30,2025-08-20 16:30,2025-08-20 16:45,4327.62,4327.19,4444.04,4444.48,3.4661,14998.46,85.31,5.9994,5.9994,1.5,1.5403,70.27,0.47,10076.68,10146.95,4.59,1.28,TAKE_PROFIT
T_0007_P4,2025-08-20 17:45,ETH/USDT,BUY,2025-08-20 17:30,2025-08-20 17:30,2025-08-20 17:45,4309.22,4308.79,4393.74,4394.18,3.4809,14998.46,40.22,5.9994,5.9994,1.5,1.5294,25.19,0.17,10146.95,10172.14,4.59,1.28,PARTIAL_TP
T_0007,2025-08-20 17:45,ETH/USDT,BUY,2025-08-20 17:30,2025-08-20 17:30,2025-08-20 17:45,4309.22,4308.79,4432.59,4433.03,3.4809,14998.46,90.7,5.9994,5.9994,1.5,1.5429,75.66,0.5,10172.14,10247.8,4.59,1.28,TAKE_PROFIT
T_0008,2025-08-21 17:15,ETH/USDT,SELL,2025-08-21 17:00,2025-08-21 17:00,2025-08-21 17:15,4221.36,4220.94,4256.38,4256.81,3.5534,14998.68,-22.25,5.9995,5.9995,1.5,1.5125,-37.26,-0.25,10247.8,10210.54,4.59,1.28,STOP_LOSS
T_0009,2025-08-22 18:15,BTC/USDT,BUY,2025-08-22 18:15,2025-08-22 18:15,2025-08-22 18:15,117425.63,117413.89,116452.47,116464.12,0.1277,14993.75,-21.29,5.9975,5.9975,1.4995,1.4871,-36.27,-0.24,10210.54,10174.27,4.59,1.28,STOP_LOSS
T_0010_P5,2025-08-22 21:45,ETH/USDT,BUY,2025-08-22 21:30,2025-08-22 21:30,2025-08-22 21:45,4880.44,4879.95,4985.14,4985.64,3.0735,14998.53,42.76,5.9994,5.9994,1.5,1.5322,27.73,0.18,10174.27,10202.0,4.59,1.28,PARTIAL_TP
T_0010,2025-08-22 21:45,ETH/USDT,BUY,2025-08-22 21:30,2025-08-22 21:30,2025-08-22 21:45,4880.44,4879.95,5033.4,5033.9,3.0735,14998.53,98.3,5.9994,5.9994,1.5,1.547,83.25,0.56,10202.0,10285.25,4.59,1.28,TAKE_PROFIT
T_0011_P6,2025-08-25 06:45,BTC/USDT,SELL,2025-08-25 06:45,2025-08-25 06:45,2025-08-25 06:45,112039.67,112028.47,110221.33,110232.35,0.1339,15000.61,35.53,6.0002,6.0002,1.5002,1.4759,20.55,0.14,10285.25,10305.8,4.59,1.28,PARTIAL_TP
T_0011,2025-08-25 06:45,BTC/USDT,SELL,2025-08-25 06:45,2025-08-25 06:45,2025-08-25 06:45,112039.67,112028.47,109378.86,109389.8,0.1339,15000.61,77.01,6.0002,6.0002,1.5002,1.4646,62.04,0.41,10305.8,10367.84,4.59,1.28,TAKE_PROFIT
T_0012,2025-08-25 17:30,ETH/USDT,SELL,2025-08-25 17:15,2025-08-25 17:15,2025-08-25 17:30,4582.37,4581.91,4622.32,4622.78,3.2734,14998.43,-24.43,5.9994,5.9994,1.5,1.5131,-39.44,-0.26,10367.84,10328.4,4.59,1.28,STOP_LOSS
T_0013,2025-08-25 18:00,ETH/USDT,SELL,2025-08-25 17:45,2025-08-25 17:45,2025-08-25 18:00,4578.86,4578.4,4617.53,4617.99,3.2759,14998.39,-23.19,5.9994,5.9994,1.5,1.5127,-38.2,-0.25,10328.4,10290.2,4.59,1.28,STOP_LOSS
T_0014,2025-08-25 19:30,ETH/USDT,SELL,2025-08-25 19:15,2025-08-25 19:15,2025-08-25 19:30,4557.03,4556.57,4594.77,4595.23,3.2916,14998.42,-22.38,5.9994,5.9994,1.5,1.5124,-37.39,-0.25,10290.2,10252.81,4.59,1.28,STOP_LOSS
T_0015_P7,2025-08-26 23:30,ETH/USDT,BUY,2025-08-26 23:15,2025-08-26 23:15,2025-08-26 23:30,4626.26,4625.8,4701.78,4702.25,3.2424,14998.69,36.01,5.9995,5.9995,1.5,1.5245,20.99,0.14,10252.81,10273.8,4.59,1.28,PARTIAL_TP
T_0015,2025-08-26 23:30,ETH/USDT,BUY,2025-08-26 23:15,2025-08-26 23:15,2025-08-26 23:30,4626.26,4625.8,4735.69,4736.16,3.2424,14998.69,77.77,5.9995,5.9995,1.5,1.5355,62.74,0.42,10273.8,10336.54,4.59,1.28,TAKE_PROFIT
T_0016,2025-08-28 07:00,BTC/USDT,BUY,2025-08-28 07:00,2025-08-28 07:00,2025-08-28 07:00,113227.63,113216.31,112291.54,112302.77,0.1325,15001.16,-21.96,6.0005,6.0005,1.5003,1.4879,-36.95,-0.25,10336.54,10299.59,4.59,1.28,STOP_LOSS
T_0017_P8,2025-08-30 08:00,ETH/USDT,BUY,2025-08-30 07:45,2025-08-30 07:45,2025-08-30 08:00,4409.54,4409.1,4481.36,4481.81,3.4017,14998.43,36.06,5.9994,5.9994,1.5,1.5244,21.04,0.14,10299.59,10320.63,4.59,1.28,PARTIAL_TP
T_0017,2025-08-30 08:00,ETH/USDT,BUY,2025-08-30 07:45,2025-08-30 07:45,2025-08-30 08:00,4409.54,4409.1,4513.93,4514.38,3.4017,14998.43,78.12,5.9994,5.9994,1.5,1.5355,63.09,0.42,10320.63,10383.72,4.59,1.28,TAKE_PROFIT
T_0018_P9,2025-09-01 02:45,BTC/USDT,SELL,2025-09-01 02:45,2025-09-01 02:45,2025-09-01 02:45,107543.72,107532.97,105785.04,105795.62,0.1395,15000.85,35.97,6.0003,6.0003,1.5002,1.4757,20.99,0.14,10383.72,10404.71,4.59,1.28,PARTIAL_TP
T_0018,2025-09-01 02:45,BTC/USDT,SELL,2025-09-01 02:45,2025-09-01 02:45,2025-09-01 02:45,107543.72,107532.97,104993.64,105004.14,0.1395,15000.85,77.73,6.0003,6.0003,1.5002,1.4647,62.76,0.42,10404.71,10467.47,4.59,1.28,TAKE_PROFIT
T_0019,2025-09-02 02:30,BTC/USDT,BUY,2025-09-02 02:30,2025-09-02 02:30,2025-09-02 02:30,109541.92,109530.97,108630.33,108641.19,0.1369,14994.79,-22.98,5.9979,5.9979,1.4996,1.4871,-37.96,-0.25,10467.47,10429.51,4.59,1.28,STOP_LOSS
T_0020,2025-09-04 16:45,ETH/USDT,SELL,2025-09-04 16:30,2025-09-04 16:30,2025-09-04 16:45,4288.83,4288.4,4324.32,4324.75,3.4975,14998.68,-22.84,5.9995,5.9995,1.5,1.5124,-37.85,-0.25,10429.51,10391.66,4.59,1.28,STOP_LOSS
T_0021,2025-09-04 19:15,ETH/USDT,SELL,2025-09-04 19:00,2025-09-04 19:00,2025-09-04 19:15,4273.33,4272.9,4308.69,4309.12,3.5101,14998.32,-22.7,5.9993,5.9993,1.5,1.5124,-37.71,-0.25,10391.66,10353.95,4.59,1.28,STOP_LOSS
T_0022_P10,2025-09-08 15:45,ETH/USDT,BUY,2025-09-08 15:30,2025-09-08 15:30,2025-09-08 15:45,4382.21,4381.77,4453.73,4454.18,3.4229,14998.37,36.22,5.9993,5.9993,1.5,1.5245,21.2,0.14,10353.95,10375.15,4.59,1.28,PARTIAL_TP
T_0022,2025-09-08 15:45,ETH/USDT,BUY,2025-09-08 15:30,2025-09-08 15:30,2025-09-08 15:45,4382.21,4381.77,4485.98,4486.43,3.4229,14998.37,78.48,5.9993,5.9993,1.5,1.5355,63.45,0.42,10375.15,10438.6,4.59,1.28,TAKE_PROFIT
T_0023_P11,2025-09-12 17:15,ETH/USDT,BUY,2025-09-12 17:00,2025-09-12 17:00,2025-09-12 17:15,4576.44,4575.98,4650.94,4651.41,3.2777,14998.7,36.33,5.9995,5.9995,1.5,1.5244,21.31,0.14,10438.6,10459.91,4.59,1.28,PARTIAL_TP
T_0023,2025-09-12 17:15,ETH/USDT,BUY,2025-09-12 17:00,2025-09-12 17:00,2025-09-12 17:15,4576.44,4575.98,4684.91,4685.38,3.2777,14998.7,79.04,5.9995,5.9995,1.5,1.5356,64.01,0.43,10459.91,10523.92,4.59,1.28,TAKE_PROFIT
T_0024_P12,2025-09-12 19:45,ETH/USDT,BUY,2025-09-12 19:30,2025-09-12 19:30,2025-09-12 19:45,4629.58,4629.12,4704.82,4705.29,3.24,14998.34,36.47,5.9993,5.9993,1.5,1.5244,21.45,0.14,10523.92,10545.37,4.59,1.28,PARTIAL_TP
T_0024,2025-09-12 19:45,ETH/USDT,BUY,2025-09-12 19:30,2025-09-12 19:30,2025-09-12 19:45,4629.58,4629.12,4739.59,4740.06,3.24,14998.34,79.75,5.9993,5.9993,1.5,1.5356,64.72,0.43,10545.37,10610.09,4.59,1.28,TAKE_PROFIT
T_0025,2025-09-15 14:00,ETH/USDT,SELL,2025-09-15 13:45,2025-09-15 13:45,2025-09-15 14:00,4497.59,4497.14,4534.81,4535.26,3.3351,14998.41,-23.5,5.9994,5.9994,1.5,1.5124,-38.51,-0.26,10610.09,10571.58,4.59,1.28,STOP_LOSS
T_0026_P13,2025-09-18 02:00,ETH/USDT,BUY,2025-09-18 01:45,2025-09-18 01:45,2025-09-18 02:00,4632.75,4632.29,4708.37,4708.84,3.2378,14998.42,36.65,5.9994,5.9994,1.5,1.5245,21.63,0.14,10571.58,10593.21,4.59,1.28,PARTIAL_TP
T_0026,2025-09-18 02:00,ETH/USDT,BUY,2025-09-18 01:45,2025-09-18 01:45,2025-09-18 02:00,4632.75,4632.29,4742.52,4742.99,3.2378,14998.42,79.81,5.9994,5.9994,1.5,1.5355,64.78,0.43,10593.21,10657.99,4.59,1.28,TAKE_PROFIT
T_0027_P14,2025-09-18 03:30,ETH/USDT,BUY,2025-09-18 03:15,2025-09-18 03:15,2025-09-18 03:30,4638.99,4638.53,4714.29,4714.76,3.2335,14998.67,36.72,5.9995,5.9995,1.5,1.5244,21.7,0.14,10657.99,10679.69,4.59,1.28,PARTIAL_TP
T_0027,2025-09-18 03:30,ETH/USDT,BUY,2025-09-18 03:15,2025-09-18 03:15,2025-09-18 03:30,4638.99,4638.53,4748.99,4749.46,3.2335,14998.67,80.44,5.9995,5.9995,1.5,1.5356,65.41,0.44,10679.69,10745.1,4.59,1.28,TAKE_PROFIT
T_0028,2025-09-19 07:15,ETH/USDT,SELL,2025-09-19 07:00,2025-09-19 07:00,2025-09-19 07:15,4523.05,4522.6,4560.71,4561.17,3.3163,14998.29,-24.22,5.9993,5.9993,1.5,1.5125,-39.23,-0.26,10745.1,10705.87,4.59,1.28,STOP_LOSS
T_0029,2025-09-22 17:30,ETH/USDT,SELL,2025-09-22 17:15,2025-09-22 17:15,2025-09-22 17:30,4153.29,4152.87,4187.76,4188.18,3.6116,14998.52,-23.93,5.9994,5.9994,1.5,1.5125,-38.94,-0.26,10705.87,10666.93,4.59,1.28,STOP_LOSS
T_0030_P15,2025-09-25 07:00,BTC/USDT,SELL,2025-09-25 07:00,2025-09-25 07:00,2025-09-25 07:00,111516.46,111505.31,109698.32,109709.29,0.1345,14997.46,36.66,5.999,5.999,1.4999,1.4754,21.69,0.14,10666.93,10688.62,4.59,1.28,PARTIAL_TP
T_0030,2025-09-25 07:00,BTC/USDT,SELL,2025-09-25 07:00,2025-09-25 07:00,2025-09-25 07:00,111516.46,111505.31,108873.07,108883.96,0.1345,14997.46,80.01,5.999,5.999,1.4999,1.4643,65.05,0.43,10688.62,10753.67,4.59,1.28,TAKE_PROFIT
T_0031,2025-09-25 13:15,ETH/USDT,SELL,2025-09-25 13:00,2025-09-25 13:00,2025-09-25 13:15,3977.93,3977.53,4010.93,4011.33,3.7708,14998.48,-24.11,5.9994,5.9994,1.5,1.5124,-39.12,-0.26,10753.67,10714.55,4.59,1.28,STOP_LOSS
T_0032,2025-09-26 08:00,ETH/USDT,SELL,2025-09-26 07:45,2025-09-26 07:45,2025-09-26 08:00,3908.4,3908.01,3940.7,3941.09,3.8379,14998.55,-23.83,5.9994,5.9994,1.5,1.5124,-38.84,-0.26,10714.55,10675.71,4.59,1.28,STOP_LOSS
T_0033_P16,2025-10-02 18:30,ETH/USDT,BUY,2025-10-02 18:15,2025-10-02 18:15,2025-10-02 18:30,4476.47,4476.02,4549.21,4549.66,3.3509,14998.7,36.78,5.9995,5.9995,1.5,1.5244,21.76,0.15,10675.71,10697.47,4.59,1.28,PARTIAL_TP
T_0033,2025-10-02 18:30,ETH/USDT,BUY,2025-10-02 18:15,2025-10-02 18:15,2025-10-02 18:30,4476.47,4476.02,4582.73,4583.19,3.3509,14998.7,80.63,5.9995,5.9995,1.5,1.5356,65.6,0.44,10697.47,10763.07,4.59,1.28,TAKE_PROFIT
T_0034_P17,2025-10-05 05:45,ETH/USDT,BUY,2025-10-05 05:30,2025-10-05 05:30,2025-10-05 05:45,4577.91,4577.45,4652.67,4653.14,3.2766,14998.48,37.07,5.9994,5.9994,1.5,1.5245,22.05,0.15,10763.07,10785.12,4.59,1.28,PARTIAL_TP
T_0034,2025-10-05 05:45,ETH/USDT,BUY,2025-10-05 05:30,2025-10-05 05:30,2025-10-05 05:45,4577.91,4577.45,4686.28,4686.75,3.2766,14998.48,80.95,5.9994,5.9994,1.5,1.5355,65.92,0.44,10785.12,10851.04,4.59,1.28,TAKE_PROFIT
T_0035_P18,2025-10-06 17:30,ETH/USDT,BUY,2025-10-06 17:15,2025-10-06 17:15,2025-10-06 17:30,4695.01,4694.54,4771.65,4772.13,3.1949,14998.59,37.23,5.9994,5.9994,1.5,1.5245,22.21,0.15,10851.04,10873.25,4.59,1.28,PARTIAL_TP
T_0035,2025-10-06 17:30,ETH/USDT,BUY,2025-10-06 17:15,2025-10-06 17:15,2025-10-06 17:30,4695.01,4694.54,4806.1,4806.58,3.1949,14998.59,81.45,5.9994,5.9994,1.5,1.5355,66.42,0.44,10873.25,10939.67,4.59,1.28,TAKE_PROFIT
T_0036_P19,2025-10-06 18:15,ETH/USDT,BUY,2025-10-06 18:00,2025-10-06 18:00,2025-10-06 18:15,4696.6,4696.13,4772.94,4773.42,3.1938,14998.5,37.31,5.9994,5.9994,1.5,1.5244,22.29,0.15,10939.67,10961.96,4.59,1.28,PARTIAL_TP
T_0036,2025-10-06 18:15,ETH/USDT,BUY,2025-10-06 18:00,2025-10-06 18:00,2025-10-06 18:15,4696.6,4696.13,4808.11,4808.59,3.1938,14998.5,82.21,5.9994,5.9994,1.5,1.5356,67.18,0.45,10961.96,11029.14,4.59,1.28,TAKE_PROFIT
T_0037_P20,2025-10-09 15:30,BTC/USDT,SELL,2025-10-09 15:30,2025-10-09 15:30,2025-10-09 15:30,121023.18,121011.08,119042.24,119054.14,0.1239,14993.27,35.5,5.9973,5.9973,1.4995,1.4749,20.53,0.14,11029.14,11049.67,4.59,1.28,PARTIAL_TP
T_0037,2025-10-09 15:30,BTC/USDT,SELL,2025-10-09 15:30,2025-10-09 15:30,2025-10-09 15:30,121023.18,121011.08,118160.68,118172.5,0.1239,14993.27,76.13,5.9973,5.9973,1.4995,1.464,61.17,0.41,11049.67,11110.84,4.59,1.28,TAKE_PROFIT
T_0038,2025-10-09 16:00,ETH/USDT,SELL,2025-10-09 15:45,2025-10-09 15:45,2025-10-09 16:00,4294.04,4293.61,4329.71,4330.14,3.4932,14998.44,-21.68,5.9994,5.9994,1.5,1.5125,-36.69,-0.24,11110.84,11074.15,4.59,1.28,STOP_LOSS
T_0039,2025-10-10 19:15,ETH/USDT,SELL,2025-10-10 19:00,2025-10-10 19:00,2025-10-10 19:15,4053.31,4052.9,4091.4,4091.81,3.7007,14998.58,-25.97,5.9994,5.9994,1.5,1.5141,-40.98,-0.27,11074.15,11033.17,4.59,1.28,STOP_LOSS
T_0040_P21,2025-10-11 07:15,BTC/USDT,SELL,2025-10-11 07:15,2025-10-11 07:15,2025-10-11 07:15,111384.04,111372.9,109573.96,109584.92,0.1347,15001.93,34.87,6.0008,6.0008,1.5003,1.476,19.89,0.13,11033.17,11053.06,4.59,1.28,PARTIAL_TP
T_0040,2025-10-11 07:15,BTC/USDT,SELL,2025-10-11 07:15,2025-10-11 07:15,2025-10-11 07:15,111384.04,111372.9,108742.56,108753.43,0.1347,15001.93,74.85,6.0008,6.0008,1.5003,1.4648,59.88,0.4,11053.06,11112.94,4.59,1.28,TAKE_PROFIT
T_0041_P22,2025-10-13 02:15,ETH/USDT,BUY,2025-10-13 02:00,2025-10-13 02:00,2025-10-13 02:15,4199.51,4199.09,4268.17,4268.6,3.5718,14998.31,35.7,5.9993,5.9993,1.5,1.5245,20.68,0.14,11112.94,11133.62,4.59,1.28,PARTIAL_TP
T_0041,2025-10-13 02:15,ETH/USDT,BUY,2025-10-13 02:00,2025-10-13 02:00,2025-10-13 02:15,4199.51,4199.09,4298.81,4299.24,3.5718,14998.31,76.71,5.9993,5.9993,1.5,1.5354,61.68,0.41,11133.62,11195.3,4.59,1.28,TAKE_PROFIT
T_0042_P23,2025-10-13 19:30,ETH/USDT,BUY,2025-10-13 19:15,2025-10-13 19:15,2025-10-13 19:30,4252.57,4252.14,4337.29,4337.72,3.5273,14998.59,40.67,5.9994,5.9994,1.5,1.5299,25.64,0.17,11195.3,11220.94,4.59,1.28,PARTIAL_TP
T_0042,2025-10-13 19:30,ETH/USDT,BUY,2025-10-13 19:15,2025-10-13 19:15,2025-10-13 19:30,4252.57,4252.14,4377.02,4377.46,3.5273,14998.59,92.54,5.9994,5.9994,1.5,1.5439,77.5,0.52,11220.94,11298.44,4.59,1.28,TAKE_PROFIT
T_0043_P24,2025-10-13 21:15,ETH/USDT,BUY,2025-10-13 21:00,2025-10-13 21:00,2025-10-13 21:15,4286.86,4286.43,4362.68,4363.12,3.4991,14998.65,37.91,5.9995,5.9995,1.5,1.5265,22.88,0.15,11298.44,11321.32,4.59,1.28,PARTIAL_TP
T_0043,2025-10-13 21:15,ETH/USDT,BUY,2025-10-13 21:00,2025-10-13 21:00,2025-10-13 21:15,4286.86,4286.43,4397.22,4397.66,3.4991,14998.65,83.65,5.9995,5.9995,1.5,1.5386,68.61,0.46,11321.32,11389.93,4.59,1.28,TAKE_PROFIT
T_0044_P25,2025-10-14 04:45,BTC/USDT,SELL,2025-10-14 04:45,2025-10-14 04:45,2025-10-14 04:45,113164.28,113152.96,111318.66,111329.79,0.1326,15004.08,35.84,6.0016,6.0016,1.5006,1.4761,20.86,0.14,11389.93,11410.79,4.59,1.28,PARTIAL_TP
T_0044,2025-10-14 04:45,BTC/USDT,SELL,2025-10-14 04:45,2025-10-14 04:45,2025-10-14 04:45,113164.28,113152.96,110481.16,110492.21,0.1326,15004.08,77.52,6.0016,6.0016,1.5006,1.465,62.55,0.42,11410.79,11473.34,4.59,1.28,TAKE_PROFIT
T_0045_P26,2025-10-15 13:15,BTC/USDT,SELL,2025-10-15 13:15,2025-10-15 13:15,2025-10-15 13:15,111450.63,111439.48,109629.65,109640.61,0.1346,14999.75,36.13,5.9999,5.9999,1.5001,1.4756,21.15,0.14,11473.34,11494.49,4.59,1.28,PARTIAL_TP
T_0045,2025-10-15 13:15,BTC/USDT,SELL,2025-10-15 13:15,2025-10-15 13:15,2025-10-15 13:15,111450.63,111439.48,108810.78,108821.66,0.1346,14999.75,78.22,5.9999,5.9999,1.5001,1.4646,63.26,0.42,11494.49,11557.75,4.59,1.28,TAKE_PROFIT
T_0047_P27,2025-10-15 17:15,BTC/USDT,SELL,2025-10-15 17:15,2025-10-15 17:15,2025-10-15 17:15,110249.64,110238.62,108443.56,108454.4,0.1361,15003.48,35.4,6.0014,6.0014,1.5005,1.4759,20.42,0.14,11557.75,11578.17,4.59,1.28,PARTIAL_TP
T_0047,2025-10-15 17:15,BTC/USDT,SELL,2025-10-15 17:15,2025-10-15 17:15,2025-10-15 17:15,110249.64,110238.62,107639.01,107649.77,0.1361,15003.48,75.83,6.0014,6.0014,1.5005,1.465,60.86,0.41,11578.17,11639.03,4.59,1.28,TAKE_PROFIT
T_0048,2025-10-15 17:30,ETH/USDT,SELL,2025-10-15 17:15,2025-10-15 17:15,2025-10-15 17:30,3937.54,3937.15,3974.55,3974.95,3.8095,14998.56,-25.77,5.9994,5.9994,1.5,1.5141,-40.78,-0.27,11639.03,11598.25,4.59,1.28,STOP_LOSS
T_0049_P28,2025-10-16 11:00,ETH/USDT,BUY,2025-10-16 10:45,2025-10-16 10:45,2025-10-16 11:00,4056.69,4056.28,4123.01,4123.42,3.6976,14998.52,35.62,5.9994,5.9994,1.5,1.5245,20.6,0.14,11598.25,11618.85,4.59,1.28,PARTIAL_TP
T_0049,2025-10-16 11:00,ETH/USDT,BUY,2025-10-16 10:45,2025-10-16 10:45,2025-10-16 11:00,4056.69,4056.28,4152.63,4153.05,3.6976,14998.52,76.49,5.9994,5.9994,1.5,1.5355,61.46,0.41,11618.85,11680.31,4.59,1.28,TAKE_PROFIT
T_0050,2025-10-16 21:00,ETH/USDT,SELL,2025-10-16 20:45,2025-10-16 20:45,2025-10-16 21:00,3846.54,3846.16,3894.05,3894.44,3.8996,14998.47,-38.22,5.9994,5.9994,1.5,1.5185,-53.24,-0.35,11680.31,11627.07,4.59,1.28,STOP_LOSS
T_0051,2025-10-20 05:15,BTC/USDT,BUY,2025-10-20 05:15,2025-10-20 05:15,2025-10-20 05:15,110561.64,110550.58,109645.62,109656.58,0.1357,15001.71,-21.16,6.0007,6.0007,1.5003,1.4879,-36.15,-0.24,11627.07,11590.92,4.59,1.28,STOP_LOSS
T_0052_P29,2025-10-21 04:00,BTC/USDT,SELL,2025-10-21 04:00,2025-10-21 04:00,2025-10-21 04:00,109045.43,109034.53,107272.91,107283.64,0.1376,15003.15,35.01,6.0013,6.0013,1.5005,1.4761,20.03,0.13,11590.92,11610.95,4.59,1.28,PARTIAL_TP
T_0052,2025-10-21 04:00,BTC/USDT,SELL,2025-10-21 04:00,2025-10-21 04:00,2025-10-21 04:00,109045.43,109034.53,106460.37,106471.02,0.1376,15003.15,75.24,6.0013,6.0013,1.5005,1.4649,60.27,0.4,11610.95,11671.22,4.59,1.28,TAKE_PROFIT
T_0053,2025-10-21 04:15,ETH/USDT,SELL,2025-10-21 04:00,2025-10-21 04:00,2025-10-21 04:15,3922.04,3921.65,3954.74,3955.14,3.8245,14998.34,-21.66,5.9993,5.9993,1.5,1.5125,-36.67,-0.24,11671.22,11634.55,4.59,1.28,STOP_LOSS
T_0054,2025-10-22 20:45,ETH/USDT,SELL,2025-10-22 20:30,2025-10-22 20:30,2025-10-22 20:45,3783.66,3783.28,3820.13,3820.51,3.9644,14998.44,-27.07,5.9994,5.9994,1.5,1.5145,-42.08,-0.28,11634.55,11592.47,4.59,1.28,STOP_LOSS
T_0055,2025-10-22 21:15,ETH/USDT,SELL,2025-10-22 21:00,2025-10-22 21:00,2025-10-22 21:15,3780.21,3779.83,3817.44,3817.82,3.968,14998.37,-27.71,5.9993,5.9993,1.5,1.5148,-42.72,-0.28,11592.47,11549.75,4.59,1.28,STOP_LOSS
T_0056_P30,2025-10-24 06:45,ETH/USDT,BUY,2025-10-24 06:30,2025-10-24 06:30,2025-10-24 06:45,3985.27,3984.87,4050.19,4050.6,3.7639,14998.66,35.44,5.9995,5.9995,1.5,1.5245,20.42,0.14,11549.75,11570.17,4.59,1.28,PARTIAL_TP
T_0056,2025-10-24 06:45,ETH/USDT,BUY,2025-10-24 06:30,2025-10-24 06:30,2025-10-24 06:45,3985.27,3984.87,4079.64,4080.05,3.7639,14998.66,76.28,5.9995,5.9995,1.5,1.5355,61.25,0.41,11570.17,11631.42,4.59,1.28,TAKE_PROFIT
T_0057_P31,2025-10-27 01:00,ETH/USDT,BUY,2025-10-27 00:45,2025-10-27 00:45,2025-10-27 01:00,4181.98,4181.56,4250.14,4250.57,3.5868,14998.43,35.61,5.9994,5.9994,1.5,1.5244,20.59,0.14,11631.42,11652.01,4.59,1.28,PARTIAL_TP
T_0057,2025-10-27 01:00,ETH/USDT,BUY,2025-10-27 00:45,2025-10-27 00:45,2025-10-27 01:00,4181.98,4181.56,4281.08,4281.51,3.5868,14998.43,76.79,5.9994,5.9994,1.5,1.5355,61.76,0.41,11652.01,11713.77,4.59,1.28,TAKE_PROFIT
T_0058,2025-10-28 06:15,ETH/USDT,SELL,2025-10-28 06:00,2025-10-28 06:00,2025-10-28 06:15,4068.03,4067.62,4101.77,4102.18,3.6873,14998.55,-21.92,5.9994,5.9994,1.5,1.5124,-36.93,-0.25,11713.77,11676.84,4.59,1.28,STOP_LOSS
T_0059,2025-10-30 05:15,ETH/USDT,SELL,2025-10-30 05:00,2025-10-30 05:00,2025-10-30 05:15,3871.07,3870.68,3903.27,3903.66,3.8749,14998.51,-21.89,5.9994,5.9994,1.5,1.5125,-36.9,-0.25,11676.84,11639.94,4.59,1.28,STOP_LOSS
T_0060,2025-10-30 17:45,ETH/USDT,SELL,2025-10-30 17:30,2025-10-30 17:30,2025-10-30 17:45,3741.22,3740.85,3772.32,3772.7,4.0094,14998.55,-21.72,5.9994,5.9994,1.5,1.5125,-36.73,-0.24,11639.94,11603.21,4.59,1.28,STOP_LOSS
T_0061,2025-10-30 18:30,ETH/USDT,SELL,2025-10-30 18:15,2025-10-30 18:15,2025-10-30 18:30,3752.47,3752.09,3783.73,3784.11,3.9974,14998.62,-21.67,5.9994,5.9994,1.5,1.5125,-36.68,-0.24,11603.21,11566.53,4.59,1.28,STOP_LOSS
T_0062,2025-10-30 19:00,ETH/USDT,SELL,2025-10-30 18:45,2025-10-30 18:45,2025-10-30 19:00,3725.41,3725.04,3757.44,3757.82,4.0264,14998.49,-22.6,5.9994,5.9994,1.5,1.5129,-37.61,-0.25,11566.53,11528.92,4.59,1.28,STOP_LOSS
T_0063_P32,2025-11-03 06:15,BTC/USDT,SELL,2025-11-03 06:15,2025-11-03 06:15,2025-11-03 06:15,107336.3,107325.57,105597.18,105607.74,0.1397,14993.38,35.16,5.9974,5.9974,1.4995,1.4752,20.19,0.13,11528.92,11549.11,4.59,1.28,PARTIAL_TP
T_0063,2025-11-03 06:15,BTC/USDT,SELL,2025-11-03 06:15,2025-11-03 06:15,2025-11-03 06:15,107336.3,107325.57,104786.54,104797.02,0.1397,14993.38,76.06,5.9974,5.9974,1.4995,1.4639,61.1,0.41,11549.11,11610.21,4.59,1.28,TAKE_PROFIT
T_0064_P33,2025-11-03 07:15,BTC/USDT,SELL,2025-11-03 07:15,2025-11-03 07:15,2025-11-03 07:15,107427.27,107416.53,105675.83,105686.4,0.1396,14995.35,35.31,5.9981,5.9981,1.4997,1.4752,20.34,0.14,11610.21,11630.55,4.59,1.28,PARTIAL_TP
T_0064,2025-11-03 07:15,BTC/USDT,SELL,2025-11-03 07:15,2025-11-03 07:15,2025-11-03 07:15,107427.27,107416.53,104879.76,104890.25,0.1396,14995.35,76.01,5.9981,5.9981,1.4997,1.4641,61.05,0.41,11630.55,11691.6,4.59,1.28,TAKE_PROFIT
T_0065,2025-11-04 08:30,ETH/USDT,SELL,2025-11-04 08:15,2025-11-04 08:15,2025-11-04 08:30,3469.58,3469.23,3500.06,3500.41,4.3233,14998.54,-23.85,5.9994,5.9994,1.5,1.5132,-38.86,-0.26,11691.6,11652.74,4.59,1.28,STOP_LOSS
T_0066_P34,2025-11-04 09:00,BTC/USDT,SELL,2025-11-04 09:00,2025-11-04 09:00,2025-11-04 09:00,104038.0,104027.6,102345.36,102355.59,0.1442,15000.78,35.17,6.0003,6.0003,1.5002,1.4758,20.19,0.13,11652.74,11672.93,4.59,1.28,PARTIAL_TP
T_0066,2025-11-04 09:00,BTC/USDT,SELL,2025-11-04 09:00,2025-11-04 09:00,2025-11-04 09:00,104038.0,104027.6,101569.69,101579.85,0.1442,15000.78,75.72,6.0003,6.0003,1.5002,1.4646,60.75,0.41,11672.93,11733.68,4.59,1.28,TAKE_PROFIT
T_0067_P35,2025-11-04 16:30,BTC/USDT,SELL,2025-11-04 16:30,2025-11-04 16:30,2025-11-04 16:30,102729.6,102719.33,101064.62,101074.73,0.146,14997.02,35.35,5.9988,5.9988,1.4999,1.4755,20.38,0.14,11733.68,11754.06,4.59,1.28,PARTIAL_TP
T_0067,2025-11-04 16:30,BTC/USDT,SELL,2025-11-04 16:30,2025-11-04 16:30,2025-11-04 16:30,102729.6,102719.33,100292.49,100302.52,0.146,14997.02,76.52,5.9988,5.9988,1.4999,1.4643,61.56,0.41,11754.06,11815.62,4.59,1.28,TAKE_PROFIT
T_0068,2025-11-04 17:00,ETH/USDT,SELL,2025-11-04 16:45,2025-11-04 16:45,2025-11-04 17:00,3458.69,3458.34,3489.46,3489.81,4.3369,14998.49,-24.78,5.9994,5.9994,1.5,1.5133,-39.79,-0.27,11815.62,11775.83,4.59,1.28,STOP_LOSS
T_0069,2025-11-05 11:15,ETH/USDT,SELL,2025-11-05 11:00,2025-11-05 11:00,2025-11-05 11:15,3276.22,3275.89,3303.3,3303.63,4.5784,14998.35,-22.04,5.9993,5.9993,1.5,1.5124,-37.05,-0.25,11775.83,11738.78,4.59,1.28,STOP_LOSS
T_0070,2025-11-05 13:45,BTC/USDT,BUY,2025-11-05 13:45,2025-11-05 13:45,2025-11-05 13:45,102843.01,102832.73,101990.0,102000.2,0.1459,15003.29,-21.47,6.0013,6.0013,1.5005,1.488,-36.46,-0.24,11738.78,11702.32,4.59,1.28,STOP_LOSS
T_0071_P36,2025-11-05 19:00,ETH/USDT,BUY,2025-11-05 18:45,2025-11-05 18:45,2025-11-05 19:00,3460.8,3460.45,3518.1,3518.45,4.3343,14998.65,36.1,5.9995,5.9995,1.5,1.5249,21.08,0.14,11702.32,11723.4,4.59,1.28,PARTIAL_TP
T_0071,2025-11-05 19:00,ETH/USDT,BUY,2025-11-05 18:45,2025-11-05 18:45,2025-11-05 19:00,3460.8,3460.45,3544.0,3544.35,4.3343,14998.65,78.18,5.9995,5.9995,1.5,1.5361,63.14,0.42,11723.4,11786.54,4.59,1.28,TAKE_PROFIT
T_0072_P37,2025-11-05 20:30,ETH/USDT,BUY,2025-11-05 20:15,2025-11-05 20:15,2025-11-05 20:30,3479.79,3479.44,3536.41,3536.76,4.3106,14998.48,35.88,5.9994,5.9994,1.5,1.5244,20.86,0.14,11786.54,11807.4,4.59,1.28,PARTIAL_TP
T_0072,2025-11-05 20:30,ETH/USDT,BUY,2025-11-05 20:15,2025-11-05 20:15,2025-11-05 20:30,3479.79,3479.44,3562.37,3562.73,4.3106,14998.48,77.82,5.9994,5.9994,1.5,1.5356,62.79,0.42,11807.4,11870.19,4.59,1.28,TAKE_PROFIT
T_0073,2025-11-06 05:00,ETH/USDT,BUY,2025-11-06 05:00,2025-11-06 05:00,2025-11-06 05:00,3453.39,3453.04,3424.78,3425.12,4.3436,14998.64,-22.46,5.9995,5.9995,1.5,1.4876,-37.45,-0.25,11870.19,11832.74,4.59,1.28,STOP_LOSS
T_0074,2025-11-07 19:45,BTC/USDT,BUY,2025-11-07 19:45,2025-11-07 19:45,2025-11-07 19:45,103274.34,103264.01,102413.68,102423.92,0.1452,14993.93,-21.8,5.9976,5.9976,1.4995,1.487,-36.78,-0.25,11832.74,11795.96,4.59,1.28,STOP_LOSS
T_0075,2025-11-07 22:30,BTC/USDT,BUY,2025-11-07 22:30,2025-11-07 22:30,2025-11-07 22:30,103946.23,103935.84,103086.72,103097.03,0.1443,14997.94,-21.76,5.9992,5.9992,1.4999,1.4875,-36.75,-0.24,11795.96,11759.21,4.59,1.28,STOP_LOSS
T_0076,2025-11-08 17:00,ETH/USDT,SELL,2025-11-08 16:45,2025-11-08 16:45,2025-11-08 17:00,3370.16,3369.82,3398.03,3398.37,4.4508,14998.41,-21.98,5.9994,5.9994,1.5,1.5124,-36.99,-0.25,11759.21,11722.22,4.59,1.28,STOP_LOSS
T_0077_P38,2025-11-09 09:30,ETH/USDT,BUY,2025-11-09 09:15,2025-11-09 09:15,2025-11-09 09:30,3428.55,3428.21,3484.69,3485.04,4.375,14998.41,35.91,5.9994,5.9994,1.5,1.5246,20.89,0.14,11722.22,11743.11,4.59,1.28,PARTIAL_TP
T_0077,2025-11-09 09:30,ETH/USDT,BUY,2025-11-09 09:15,2025-11-09 09:15,2025-11-09 09:30,3428.55,3428.21,3509.6,3509.95,4.375,14998.41,77.22,5.9994,5.9994,1.5,1.5354,62.19,0.41,11743.11,11805.3,4.59,1.28,TAKE_PROFIT
T_0078_P39,2025-11-09 19:15,ETH/USDT,BUY,2025-11-09 19:00,2025-11-09 19:00,2025-11-09 19:15,3542.09,3541.74,3599.85,3600.21,4.2348,14998.54,35.98,5.9994,5.9994,1.5,1.5245,20.96,0.14,11805.3,11826.26,4.59,1.28,PARTIAL_TP
T_0078,2025-11-09 19:15,ETH/USDT,BUY,2025-11-09 19:00,2025-11-09 19:00,2025-11-09 19:15,3542.09,3541.74,3625.97,3626.33,4.2348,14998.54,77.83,5.9994,5.9994,1.5,1.5355,62.8,0.42,11826.26,11889.06,4.59,1.28,TAKE_PROFIT
T_0079,2025-11-11 21:00,ETH/USDT,SELL,2025-11-11 20:45,2025-11-11 20:45,2025-11-11 21:00,3432.87,3432.53,3461.55,3461.9,4.3695,14998.43,-22.81,5.9994,5.9994,1.5,1.5125,-37.82,-0.25,11889.06,11851.24,4.59,1.28,STOP_LOSS
T_0080,2025-11-12 11:15,BTC/USDT,BUY,2025-11-12 11:15,2025-11-12 11:15,2025-11-12 11:15,105095.12,105084.61,104222.98,104233.4,0.1427,14995.57,-22.3,5.9982,5.9982,1.4997,1.4873,-37.28,-0.25,11851.24,11813.96,4.59,1.28,STOP_LOSS
T_0081_P40,2025-11-12 19:15,BTC/USDT,SELL,2025-11-12 19:15,2025-11-12 19:15,2025-11-12 19:15,101138.36,101128.25,99482.32,99492.27,0.1483,14997.32,35.77,5.9989,5.9989,1.4999,1.4753,20.8,0.14,11813.96,11834.76,4.59,1.28,PARTIAL_TP
T_0081,2025-11-12 19:15,BTC/USDT,SELL,2025-11-12 19:15,2025-11-12 19:15,2025-11-12 19:15,101138.36,101128.25,98743.41,98753.28,0.1483,14997.32,77.0,5.9989,5.9989,1.4999,1.4644,62.04,0.41,11834.76,11896.8,4.59,1.28,TAKE_PROFIT
T_0082,2025-11-13 20:30,ETH/USDT,SELL,2025-11-13 20:15,2025-11-13 20:15,2025-11-13 20:30,3178.24,3177.92,3222.43,3222.75,4.7196,14998.52,-45.8,5.9994,5.9994,1.5,1.5209,-60.82,-0.41,11896.8,11835.98,4.59,1.28,STOP_LOSS
T_0083_P41,2025-11-16 06:30,ETH/USDT,BUY,2025-11-16 06:15,2025-11-16 06:15,2025-11-16 06:30,3212.65,3212.33,3265.03,3265.36,4.669,14998.36,36.04,5.9993,5.9993,1.5,1.5244,21.02,0.14,11835.98,11857.0,4.59,1.28,PARTIAL_TP
T_0083,2025-11-16 06:30,ETH/USDT,BUY,2025-11-16 06:15,2025-11-16 06:15,2025-11-16 06:30,3212.65,3212.33,3288.76,3289.09,4.669,14998.36,78.02,5.9993,5.9993,1.5,1.5355,62.99,0.42,11857.0,11919.99,4.59,1.28,TAKE_PROFIT
T_0084,2025-11-16 14:00,ETH/USDT,SELL,2025-11-16 13:45,2025-11-16 13:45,2025-11-16 14:00,3146.31,3146.0,3172.51,3172.83,4.7675,14998.53,-22.83,5.9994,5.9994,1.5,1.5125,-37.84,-0.25,11919.99,11882.15,4.59,1.28,STOP_LOSS
T_0085_P42,2025-11-22 07:00,ETH/USDT,BUY,2025-11-22 06:45,2025-11-22 06:45,2025-11-22 07:00,2763.05,2762.77,2808.11,2808.39,5.4288,14998.55,36.14,5.9994,5.9994,1.5,1.5245,21.12,0.14,11882.15,11903.27,4.59,1.28,PARTIAL_TP
T_0085,2025-11-22 07:00,ETH/USDT,BUY,2025-11-22 06:45,2025-11-22 06:45,2025-11-22 07:00,2763.05,2762.77,2828.55,2828.83,5.4288,14998.55,78.36,5.9994,5.9994,1.5,1.5356,63.33,0.42,11903.27,11966.6,4.59,1.28,TAKE_PROFIT
T_0086,2025-11-23 04:15,BTC/USDT,BUY,2025-11-23 04:15,2025-11-23 04:15,2025-11-23 04:15,86474.45,86465.8,85757.39,85765.97,0.1735,15001.82,-22.74,6.0007,6.0007,1.5003,1.4879,-37.73,-0.25,11966.6,11928.87,4.59,1.28,STOP_LOSS
T_0087,2025-11-23 22:00,BTC/USDT,BUY,2025-11-23 22:00,2025-11-23 22:00,2025-11-23 22:00,88005.44,87996.64,87272.63,87281.36,0.1704,14994.63,-22.75,5.9979,5.9979,1.4996,1.4871,-37.73,-0.25,11928.87,11891.14,4.59,1.28,STOP_LOSS
T_0088_P43,2025-11-24 14:45,BTC/USDT,SELL,2025-11-24 14:45,2025-11-24 14:45,2025-11-24 14:45,85561.22,85552.66,84166.62,84175.04,0.1753,14997.38,35.99,5.999,5.999,1.4999,1.4754,21.02,0.14,11891.14,11912.16,4.59,1.28,PARTIAL_TP
T_0088,2025-11-24 14:45,BTC/USDT,SELL,2025-11-24 14:45,2025-11-24 14:45,2025-11-24 14:45,85561.22,85552.66,83532.0,83540.35,0.1753,14997.38,78.05,5.999,5.999,1.4999,1.4643,63.09,0.42,11912.16,11975.25,4.59,1.28,TAKE_PROFIT
T_0089,2025-11-24 20:30,BTC/USDT,BUY,2025-11-24 20:30,2025-11-24 20:30,2025-11-24 20:30,88900.38,88891.49,88162.03,88170.85,0.1687,14995.99,-22.24,5.9984,5.9984,1.4997,1.4873,-37.22,-0.25,11975.25,11938.03,4.59,1.28,STOP_LOSS
T_0090,2025-11-28 02:15,ETH/USDT,SELL,2025-11-28 02:00,2025-11-28 02:00,2025-11-28 02:15,2997.98,2997.68,3022.74,3023.04,5.0034,14998.59,-22.59,5.9994,5.9994,1.5,1.5124,-37.6,-0.25,11938.03,11900.43,4.59,1.28,STOP_LOSS
T_0091,2025-12-01 04:15,ETH/USDT,SELL,2025-12-01 04:00,2025-12-01 04:00,2025-12-01 04:15,2825.35,2825.07,2850.15,2850.44,5.3091,14998.57,-24.62,5.9994,5.9994,1.5,1.5132,-39.63,-0.26,11900.43,11860.8,4.59,1.28,STOP_LOSS
T_0092_P44,2025-12-03 05:00,ETH/USDT,BUY,2025-12-03 04:45,2025-12-03 04:45,2025-12-03 05:00,3053.52,3053.21,3103.46,3103.77,4.9124,14998.61,36.15,5.9994,5.9994,1.5,1.5245,21.13,0.14,11860.8,11881.93,4.59,1.28,PARTIAL_TP
T_0092,2025-12-03 05:00,ETH/USDT,BUY,2025-12-03 04:45,2025-12-03 04:45,2025-12-03 05:00,3053.52,3053.21,3125.69,3126.0,4.9124,14998.61,78.02,5.9994,5.9994,1.5,1.5355,62.99,0.42,11881.93,11944.92,4.59,1.28,TAKE_PROFIT
T_0093_P45,2025-12-03 21:30,ETH/USDT,BUY,2025-12-03 21:15,2025-12-03 21:15,2025-12-03 21:30,3150.02,3149.7,3213.16,3213.48,4.7619,14998.58,41.41,5.9994,5.9994,1.5,1.5301,26.38,0.18,11944.92,11971.3,4.59,1.28,PARTIAL_TP
T_0093,2025-12-03 21:30,ETH/USDT,BUY,2025-12-03 21:15,2025-12-03 21:15,2025-12-03 21:30,3150.02,3149.7,3242.28,3242.6,4.7619,14998.58,94.31,5.9994,5.9994,1.5,1.5439,79.27,0.53,11971.3,12050.57,4.59,1.28,TAKE_PROFIT
T_0094_P46,2025-12-03 22:15,ETH/USDT,BUY,2025-12-03 22:00,2025-12-03 22:00,2025-12-03 22:15,3164.89,3164.57,3216.67,3216.99,4.7395,14998.5,36.56,5.9994,5.9994,1.5,1.5245,21.54,0.14,12050.57,12072.11,4.59,1.28,PARTIAL_TP
T_0094,2025-12-03 22:15,ETH/USDT,BUY,2025-12-03 22:00,2025-12-03 22:00,2025-12-03 22:15,3164.89,3164.57,3240.2,3240.52,4.7395,14998.5,79.66,5.9994,5.9994,1.5,1.5357,64.63,0.43,12072.11,12136.74,4.59,1.28,TAKE_PROFIT
T_0095_P47,2025-12-04 02:00,ETH/USDT,BUY,2025-12-04 01:45,2025-12-04 01:45,2025-12-04 02:00,3218.45,3218.13,3270.81,3271.14,4.6606,14998.41,36.6,5.9994,5.9994,1.5,1.5244,21.58,0.14,12136.74,12158.32,4.59,1.28,PARTIAL_TP
T_0095,2025-12-04 02:00,ETH/USDT,BUY,2025-12-04 01:45,2025-12-04 01:45,2025-12-04 02:00,3218.45,3218.13,3294.8,3295.13,4.6606,14998.41,79.95,5.9994,5.9994,1.5,1.5356,64.92,0.43,12158.32,12223.24,4.59,1.28,TAKE_PROFIT
T_0096_P48,2025-12-11 00:30,BTC/USDT,SELL,2025-12-11 00:30,2025-12-11 00:30,2025-12-11 00:30,91754.57,91745.39,90260.51,90269.54,0.1635,15000.37,36.55,6.0001,6.0001,1.5002,1.4758,21.57,0.14,12223.24,12244.81,4.59,1.28,PARTIAL_TP
T_0096,2025-12-11 00:30,BTC/USDT,SELL,2025-12-11 00:30,2025-12-11 00:30,2025-12-11 00:30,91754.57,91745.39,89579.68,89588.64,0.1635,15000.37,79.77,6.0001,6.0001,1.5002,1.4646,64.8,0.43,12244.81,12309.61,4.59,1.28,TAKE_PROFIT
T_0097,2025-12-15 17:30,ETH/USDT,SELL,2025-12-15 17:15,2025-12-15 17:15,2025-12-15 17:30,2973.85,2973.55,2999.77,3000.07,5.044,14998.6,-25.89,5.9994,5.9994,1.5,1.5131,-40.9,-0.27,12309.61,12268.71,4.59,1.28,STOP_LOSS
T_0098,2025-12-16 03:30,ETH/USDT,SELL,2025-12-16 03:15,2025-12-16 03:15,2025-12-16 03:30,2929.91,2929.62,2954.26,2954.56,5.1196,14998.47,-24.03,5.9994,5.9994,1.5,1.5125,-39.04,-0.26,12268.71,12229.67,4.59,1.28,STOP_LOSS
T_0099,2025-12-16 04:00,ETH/USDT,SELL,2025-12-16 03:45,2025-12-16 03:45,2025-12-16 04:00,2933.85,2933.56,2958.2,2958.5,5.1127,14998.39,-23.82,5.9994,5.9994,1.5,1.5124,-38.83,-0.26,12229.67,12190.84,4.59,1.28,STOP_LOSS
T_0100,2025-12-16 04:30,ETH/USDT,SELL,2025-12-16 04:15,2025-12-16 04:15,2025-12-16 04:30,2927.26,2926.97,2951.42,2951.72,5.1242,14998.37,-23.48,5.9993,5.9993,1.5,1.5124,-38.49,-0.26,12190.84,12152.35,4.59,1.28,STOP_LOSS
T_0101,2025-12-16 16:30,BTC/USDT,BUY,2025-12-16 16:30,2025-12-16 16:30,2025-12-16 16:30,87858.14,87849.35,87128.33,87137.04,0.1707,14995.88,-23.41,5.9984,5.9984,1.4997,1.4873,-38.39,-0.26,12152.35,12113.96,4.59,1.28,STOP_LOSS
T_0102_P49,2025-12-17 15:15,ETH/USDT,BUY,2025-12-17 15:00,2025-12-17 15:00,2025-12-17 15:15,2996.38,2996.08,3045.3,3045.6,5.006,14998.38,36.64,5.9994,5.9994,1.5,1.5245,21.62,0.14,12113.96,12135.58,4.59,1.28,PARTIAL_TP
T_0102,2025-12-17 15:15,ETH/USDT,BUY,2025-12-17 15:00,2025-12-17 15:00,2025-12-17 15:15,2996.38,2996.08,3067.22,3067.53,5.006,14998.38,79.61,5.9994,5.9994,1.5,1.5355,64.58,0.43,12135.58,12200.16,4.59,1.28,TAKE_PROFIT
T_0103_P50,2025-12-19 07:15,ETH/USDT,BUY,2025-12-19 07:00,2025-12-19 07:00,2025-12-19 07:15,2948.49,2948.2,2996.61,2996.91,5.0873,14998.35,36.82,5.9993,5.9993,1.5,1.5245,21.8,0.15,12200.16,12221.96,4.59,1.28,PARTIAL_TP
T_0103,2025-12-19 07:15,ETH/USDT,BUY,2025-12-19 07:00,2025-12-19 07:00,2025-12-19 07:15,2948.49,2948.2,3018.38,3018.68,5.0873,14998.35,80.34,5.9993,5.9993,1.5,1.5355,65.31,0.44,12221.96,12287.27,4.59,1.28,TAKE_PROFIT
T_0104,2025-12-19 14:45,BTC/USDT,BUY,2025-12-19 14:45,2025-12-19 14:45,2025-12-19 14:45,88516.39,88507.54,87777.17,87785.95,0.1695,15002.03,-23.88,6.0008,6.0008,1.5004,1.4878,-38.87,-0.26,12287.27,12248.4,4.59,1.28,STOP_LOSS
T_0105,2025-12-19 14:45,ETH/USDT,BUY,2025-12-19 14:45,2025-12-19 14:45,2025-12-19 14:45,2993.44,2993.14,2968.46,2968.76,5.011,14998.63,-24.23,5.9995,5.9995,1.5,1.4875,-39.22,-0.26,12248.4,12209.18,4.59,1.28,STOP_LOSS
T_0106,2025-12-23 06:30,ETH/USDT,SELL,2025-12-23 06:15,2025-12-23 06:15,2025-12-23 06:30,2968.43,2968.13,2992.98,2993.28,5.0532,14998.57,-23.64,5.9994,5.9994,1.5,1.5124,-38.65,-0.26,12209.18,12170.53,4.59,1.28,STOP_LOSS
T_0107,2026-01-12 02:45,BTC/USDT,BUY,2026-01-12 02:45,2026-01-12 02:45,2026-01-12 02:45,91948.68,91939.49,91184.05,91193.17,0.1631,14995.33,-23.56,5.9981,5.9981,1.4997,1.4872,-38.54,-0.26,12170.53,12131.99,4.59,1.28,STOP_LOSS
T_0108_P51,2026-01-13 19:00,ETH/USDT,BUY,2026-01-13 18:45,2026-01-13 18:45,2026-01-13 19:00,3198.27,3197.95,3250.37,3250.7,4.69,14998.39,36.62,5.9994,5.9994,1.5,1.5244,21.6,0.14,12131.99,12153.59,4.59,1.28,PARTIAL_TP
T_0108,2026-01-13 19:00,ETH/USDT,BUY,2026-01-13 18:45,2026-01-13 18:45,2026-01-13 19:00,3198.27,3197.95,3274.09,3274.42,4.69,14998.39,79.89,5.9994,5.9994,1.5,1.5355,64.86,0.43,12153.59,12218.45,4.59,1.28,TAKE_PROFIT
T_0109,2026-01-13 19:30,BTC/USDT,BUY,2026-01-13 19:30,2026-01-13 19:30,2026-01-13 19:30,93874.82,93865.43,93090.94,93100.25,0.1598,14999.7,-23.65,5.9999,5.9999,1.5001,1.4876,-38.64,-0.26,12218.45,12179.81,4.59,1.28,STOP_LOSS
T_0110_P52,2026-01-13 19:45,ETH/USDT,BUY,2026-01-13 19:30,2026-01-13 19:30,2026-01-13 19:45,3204.08,3203.76,3256.22,3256.55,4.6815,14998.4,36.79,5.9994,5.9994,1.5,1.5244,21.77,0.15,12179.81,12201.58,4.59,1.28,PARTIAL_TP
T_0110,2026-01-13 19:45,ETH/USDT,BUY,2026-01-13 19:30,2026-01-13 19:30,2026-01-13 19:45,3204.08,3203.76,3280.09,3280.42,4.6815,14998.4,80.5,5.9994,5.9994,1.5,1.5356,65.47,0.44,12201.58,12267.05,4.59,1.28,TAKE_PROFIT
T_0111_P53,2026-01-15 19:45,BTC/USDT,SELL,2026-01-15 19:45,2026-01-15 19:45,2026-01-15 19:45,95396.93,95387.39,93848.25,93857.63,0.1572,14994.9,36.36,5.998,5.998,1.4996,1.4753,21.39,0.14,12267.05,12288.44,4.59,1.28,PARTIAL_TP
T_0111,2026-01-15 19:45,BTC/USDT,SELL,2026-01-15 19:45,2026-01-15 19:45,2026-01-15 19:45,95396.93,95387.39,93131.62,93140.93,0.1572,14994.9,79.52,5.998,5.998,1.4996,1.464,64.56,0.43,12288.44,12353.0,4.59,1.28,TAKE_PROFIT
T_0112_P54,2026-01-15 20:30,BTC/USDT,SELL,2026-01-15 20:30,2026-01-15 20:30,2026-01-15 20:30,95182.5,95172.98,93626.6,93635.96,0.1576,14999.26,36.96,5.9997,5.9997,1.5001,1.4756,21.98,0.15,12353.0,12374.98,4.59,1.28,PARTIAL_TP
T_0112,2026-01-15 20:30,BTC/USDT,SELL,2026-01-15 20:30,2026-01-15 20:30,2026-01-15 20:30,95182.5,95172.98,92927.05,92936.34,0.1576,14999.26,80.7,5.9997,5.9997,1.5001,1.4645,65.74,0.44,12374.98,12440.72,4.59,1.28,TAKE_PROFIT
T_0113_P55,2026-01-16 14:45,BTC/USDT,SELL,2026-01-16 14:45,2026-01-16 14:45,2026-01-16 14:45,95218.04,95208.52,93665.2,93674.57,0.1575,14995.34,36.91,5.9981,5.9981,1.4997,1.4752,21.94,0.15,12440.72,12462.66,4.59,1.28,PARTIAL_TP
T_0113,2026-01-16 14:45,BTC/USDT,SELL,2026-01-16 14:45,2026-01-16 14:45,2026-01-16 14:45,95218.04,95208.52,92962.77,92972.07,0.1575,14995.34,80.69,5.9981,5.9981,1.4997,1.4642,65.73,0.44,12462.66,12528.39,4.59,1.28,TAKE_PROFIT
T_0114_P56,2026-01-20 18:30,BTC/USDT,SELL,2026-01-20 18:30,2026-01-20 18:30,2026-01-20 18:30,89720.8,89711.83,88260.4,88269.23,0.1672,14999.82,36.99,5.9999,5.9999,1.5001,1.4757,22.01,0.15,12528.39,12550.4,4.59,1.28,PARTIAL_TP
T_0114,2026-01-20 18:30,BTC/USDT,SELL,2026-01-20 18:30,2026-01-20 18:30,2026-01-20 18:30,89720.8,89711.83,87587.54,87596.3,0.1672,14999.82,81.28,5.9999,5.9999,1.5001,1.4645,66.32,0.44,12550.4,12616.72,4.59,1.28,TAKE_PROFIT
T_0115_P57,2026-01-23 14:45,BTC/USDT,SELL,2026-01-23 14:45,2026-01-23 14:45,2026-01-23 14:45,88951.22,88942.32,87499.26,87508.01,0.1686,14995.68,35.03,5.9983,5.9983,1.4997,1.4752,20.06,0.13,12616.72,12636.78,4.59,1.28,PARTIAL_TP
T_0115,2026-01-23 14:45,BTC/USDT,SELL,2026-01-23 14:45,2026-01-23 14:45,2026-01-23 14:45,88951.22,88942.32,86842.51,86851.19,0.1686,14995.68,75.05,5.9983,5.9983,1.4997,1.4642,60.09,0.4,12636.78,12696.87,4.59,1.28,TAKE_PROFIT
T_0116,2026-01-26 14:45,BTC/USDT,BUY,2026-01-26 14:45,2026-01-26 14:45,2026-01-26 14:45,88158.21,88149.39,87426.98,87435.72,0.1701,14994.21,-21.09,5.9977,5.9977,1.4996,1.4871,-36.07,-0.24,12696.87,12660.8,4.59,1.28,STOP_LOSS
T_0117_P58,2026-01-28 00:00,ETH/USDT,BUY,2026-01-27 23:45,2026-01-27 23:45,2026-01-28 00:00,3032.35,3032.05,3082.09,3082.4,4.9467,14998.63,35.7,5.9995,5.9995,1.5,1.5246,20.68,0.14,12660.8,12681.48,4.59,1.28,PARTIAL_TP
T_0117,2026-01-28 00:00,ETH/USDT,BUY,2026-01-27 23:45,2026-01-27 23:45,2026-01-28 00:00,3032.35,3032.05,3104.01,3104.32,4.9467,14998.63,76.47,5.9995,5.9995,1.5,1.5355,61.44,0.41,12681.48,12742.92,4.59,1.28,TAKE_PROFIT
T_0118_P59,2026-01-29 08:45,BTC/USDT,SELL,2026-01-29 08:45,2026-01-29 08:45,2026-01-29 08:45,88111.63,88102.82,86674.51,86683.18,0.1702,14995.1,35.27,5.998,5.998,1.4997,1.4752,20.3,0.14,12742.92,12763.22,4.59,1.28,PARTIAL_TP
T_0118,2026-01-29 08:45,BTC/USDT,SELL,2026-01-29 08:45,2026-01-29 08:45,2026-01-29 08:45,88111.63,88102.82,86023.95,86032.55,0.1702,14995.1,75.8,5.998,5.998,1.4997,1.4641,60.84,0.41,12763.22,12824.06,4.59,1.28,TAKE_PROFIT
T_0119,2026-02-01 07:00,ETH/USDT,SELL,2026-02-01 06:45,2026-02-01 06:45,2026-02-01 07:00,2418.73,2418.49,2438.9,2439.14,6.2016,14998.5,-22.3,5.9994,5.9994,1.5,1.5125,-37.31,-0.25,12824.06,12786.75,4.59,1.28,STOP_LOSS
T_0120,2026-02-01 08:15,ETH/USDT,SELL,2026-02-01 08:00,2026-02-01 08:00,2026-02-01 08:15,2410.9,2410.66,2430.88,2431.12,6.2217,14998.4,-21.97,5.9994,5.9994,1.5,1.5124,-36.98,-0.25,12786.75,12749.77,4.59,1.28,STOP_LOSS
T_0121_P60,2026-02-01 21:15,BTC/USDT,SELL,2026-02-01 21:15,2026-02-01 21:15,2026-02-01 21:15,76730.7,76723.03,75451.82,75459.37,0.1955,14999.35,35.87,5.9997,5.9997,1.5001,1.4751,20.9,0.14,12749.77,12770.67,4.59,1.28,PARTIAL_TP
T_0121,2026-02-01 21:15,BTC/USDT,SELL,2026-02-01 21:15,2026-02-01 21:15,2026-02-01 21:15,76730.7,76723.03,74872.55,74880.04,0.1955,14999.35,77.59,5.9997,5.9997,1.5001,1.4638,62.63,0.42,12770.67,12833.3,4.59,1.28,TAKE_PROFIT
T_0122,2026-02-01 22:00,BTC/USDT,SELL,2026-02-01 22:00,2026-02-01 22:00,2026-02-01 22:00,76515.46,76507.81,77153.84,77161.56,0.196,14995.53,-22.08,5.9982,5.9982,1.4997,1.5122,-37.09,-0.25,12833.3,12796.21,4.59,1.28,STOP_LOSS
T_0123,2026-02-03 17:00,ETH/USDT,SELL,2026-02-03 16:45,2026-02-03 16:45,2026-02-03 17:00,2247.53,2247.31,2271.42,2271.65,6.674,14998.52,-31.53,5.9994,5.9994,1.5,1.5159,-46.54,-0.31,12796.21,12749.67,4.59,1.28,STOP_LOSS
T_0124,2026-02-05 13:00,ETH/USDT,SELL,2026-02-05 12:45,2026-02-05 12:45,2026-02-05 13:00,2057.55,2057.34,2085.86,2086.07,7.2902,14998.45,-43.98,5.9994,5.9994,1.5,1.5206,-59.0,-0.39,12749.67,12690.67,4.59,1.28,STOP_LOSS
T_0125,2026-02-05 13:30,ETH/USDT,SELL,2026-02-05 13:15,2026-02-05 13:15,2026-02-05 13:30,2058.49,2058.28,2086.12,2086.33,7.2869,14998.51,-42.29,5.9994,5.9994,1.5,1.5201,-57.31,-0.38,12690.67,12633.36,4.59,1.28,STOP_LOSS
T_0126_P61,2026-02-05 20:00,BTC/USDT,SELL,2026-02-05 20:00,2026-02-05 20:00,2026-02-05 20:00,65255.41,65248.88,63093.79,63100.1,0.2299,15000.72,57.43,6.0003,6.0003,1.5002,1.4505,42.48,0.28,12633.36,12675.84,4.59,1.28,PARTIAL_TP
T_0126,2026-02-05 20:00,BTC/USDT,SELL,2026-02-05 20:00,2026-02-05 20:00,2026-02-05 20:00,65255.41,65248.88,62063.61,62069.82,0.2299,15000.72,143.3,6.0003,6.0003,1.5002,1.4268,128.37,0.86,12675.84,12804.21,4.59,1.28,TAKE_PROFIT
T_0127,2026-02-06 08:45,ETH/USDT,SELL,2026-02-06 08:30,2026-02-06 08:30,2026-02-06 08:45,1874.92,1874.73,1902.11,1902.3,8.0003,14998.42,-47.34,5.9994,5.9994,1.5,1.5217,-62.36,-0.42,12804.21,12741.85,4.59,1.28,STOP_LOSS
T_0128,2026-02-07 15:00,ETH/USDT,SELL,2026-02-07 15:00,2026-02-07 15:00,2026-02-07 15:00,2020.09,2019.89,2038.41,2038.61,7.4254,14998.48,-24.95,5.9994,5.9994,1.5,1.5136,-39.96,-0.27,12741.85,12701.89,4.59,1.28,STOP_LOSS
T_0129_P62,2026-02-08 12:15,ETH/USDT,BUY,2026-02-08 12:00,2026-02-08 12:00,2026-02-08 12:15,2132.72,2132.51,2167.58,2167.8,7.0333,14998.56,35.7,5.9994,5.9994,1.5,1.5245,20.68,0.14,12701.89,12722.57,4.59,1.28,PARTIAL_TP
T_0129,2026-02-08 12:15,ETH/USDT,BUY,2026-02-08 12:00,2026-02-08 12:00,2026-02-08 12:15,2132.72,2132.51,2183.16,2183.38,7.0333,14998.56,76.75,5.9994,5.9994,1.5,1.5355,61.72,0.41,12722.57,12784.29,4.59,1.28,TAKE_PROFIT
T_0130_P63,2026-02-08 20:15,ETH/USDT,BUY,2026-02-08 20:00,2026-02-08 20:00,2026-02-08 20:15,2127.11,2126.9,2161.81,2162.03,7.0518,14998.45,35.83,5.9994,5.9994,1.5,1.5245,20.81,0.14,12784.29,12805.1,4.59,1.28,PARTIAL_TP
T_0130,2026-02-08 20:15,ETH/USDT,BUY,2026-02-08 20:00,2026-02-08 20:00,2026-02-08 20:15,2127.11,2126.9,2177.45,2177.67,7.0518,14998.45,77.31,5.9994,5.9994,1.5,1.5355,62.28,0.42,12805.1,12867.38,4.59,1.28,TAKE_PROFIT
T_0131,2026-02-09 08:00,ETH/USDT,SELL,2026-02-09 07:45,2026-02-09 07:45,2026-02-09 08:00,2066.94,2066.73,2084.08,2084.29,7.2571,14998.49,-22.27,5.9994,5.9994,1.5,1.5124,-37.28,-0.25,12867.38,12830.1,4.59,1.28,STOP_LOSS
T_0132,2026-02-09 10:45,ETH/USDT,SELL,2026-02-09 10:30,2026-02-09 10:30,2026-02-09 10:45,2027.6,2027.4,2044.49,2044.69,7.3979,14998.48,-22.29,5.9994,5.9994,1.5,1.5125,-37.3,-0.25,12830.1,12792.8,4.59,1.28,STOP_LOSS
T_0133_P64,2026-02-10 21:45,BTC/USDT,SELL,2026-02-10 21:45,2026-02-10 21:45,2026-02-10 21:45,68450.11,68443.26,67329.83,67336.56,0.2191,14995.92,35.72,5.9984,5.9984,1.4997,1.4752,20.75,0.14,12792.8,12813.55,4.59,1.28,PARTIAL_TP
T_0133,2026-02-10 21:45,BTC/USDT,SELL,2026-02-10 21:45,2026-02-10 21:45,2026-02-10 21:45,68450.11,68443.26,66830.21,66836.89,0.2191,14995.92,76.85,5.9984,5.9984,1.4997,1.4642,61.89,0.41,12813.55,12875.44,4.59,1.28,TAKE_PROFIT
T_0134_P65,2026-02-12 18:30,BTC/USDT,SELL,2026-02-12 18:30,2026-02-12 18:30,2026-02-12 18:30,65292.04,65285.51,64133.74,64140.15,0.2297,14996.08,37.61,5.9984,5.9984,1.4998,1.4732,22.64,0.15,12875.44,12898.08,4.59,1.28,PARTIAL_TP
T_0134,2026-02-12 18:30,BTC/USDT,SELL,2026-02-12 18:30,2026-02-12 18:30,2026-02-12 18:30,65292.04,65285.51,63610.75,63617.11,0.2297,14996.08,82.66,5.9984,5.9984,1.4998,1.4611,67.7,0.45,12898.08,12965.78,4.59,1.28,TAKE_PROFIT
T_0135_P66,2026-02-12 19:15,BTC/USDT,SELL,2026-02-12 19:15,2026-02-12 19:15,2026-02-12 19:15,65438.99,65432.45,64258.51,64264.94,0.2292,14997.12,38.43,5.9988,5.9988,1.4999,1.4728,23.46,0.16,12965.78,12989.24,4.59,1.28,PARTIAL_TP
T_0135,2026-02-12 19:15,BTC/USDT,SELL,2026-02-12 19:15,2026-02-12 19:15,2026-02-12 19:15,65438.99,65432.45,63716.47,63722.84,0.2292,14997.12,85.48,5.9988,5.9988,1.4999,1.4604,70.52,0.47,12989.24,13059.76,4.59,1.28,TAKE_PROFIT
T_0136,2026-02-13 12:00,BTC/USDT,BUY,2026-02-13 12:00,2026-02-13 12:00,2026-02-13 12:00,67182.77,67176.05,66624.91,66631.57,0.2233,15000.41,-22.92,6.0002,6.0002,1.5002,1.4877,-37.91,-0.25,13059.76,13021.85,4.59,1.28,STOP_LOSS
T_0137,2026-02-17 02:15,BTC/USDT,BUY,2026-02-17 02:15,2026-02-17 02:15,2026-02-17 02:15,69134.72,69127.81,68563.33,68570.19,0.217,15000.73,-22.6,6.0003,6.0003,1.5002,1.4878,-37.59,-0.25,13021.85,12984.26,4.59,1.28,STOP_LOSS
T_0138,2026-02-18 14:45,ETH/USDT,SELL,2026-02-18 14:30,2026-02-18 14:30,2026-02-18 14:45,1964.89,1964.69,1981.28,1981.48,7.634,14998.47,-22.9,5.9994,5.9994,1.5,1.5125,-37.91,-0.25,12984.26,12946.35,4.59,1.28,STOP_LOSS
T_0139,2026-02-19 12:00,ETH/USDT,SELL,2026-02-19 11:45,2026-02-19 11:45,2026-02-19 12:00,1956.58,1956.38,1972.75,1972.95,7.6664,14998.42,-22.44,5.9994,5.9994,1.5,1.5124,-37.45,-0.25,12946.35,12908.9,4.59,1.28,STOP_LOSS
T_0140_P67,2026-02-23 17:15,BTC/USDT,SELL,2026-02-23 17:15,2026-02-23 17:15,2026-02-23 17:15,65072.23,65065.72,64013.33,64019.73,0.2305,14997.65,35.91,5.9991,5.9991,1.4999,1.4755,20.94,0.14,12908.9,12929.84,4.59,1.28,PARTIAL_TP
T_0140,2026-02-23 17:15,BTC/USDT,SELL,2026-02-23 17:15,2026-02-23 17:15,2026-02-23 17:15,65072.23,65065.72,63527.26,63533.61,0.2305,14997.65,78.0,5.9991,5.9991,1.4999,1.4643,63.04,0.42,12929.84,12992.88,4.59,1.28,TAKE_PROFIT
T_0141_P68,2026-02-23 20:15,BTC/USDT,SELL,2026-02-23 20:15,2026-02-23 20:15,2026-02-23 20:15,63953.23,63946.83,62913.21,62919.5,0.2345,14995.53,35.86,5.9982,5.9982,1.4997,1.4753,20.89,0.14,12992.88,13013.77,4.59,1.28,PARTIAL_TP
T_0141,2026-02-23 20:15,BTC/USDT,SELL,2026-02-23 20:15,2026-02-23 20:15,2026-02-23 20:15,63953.23,63946.83,62435.17,62441.41,0.2345,14995.53,77.89,5.9982,5.9982,1.4997,1.4641,62.93,0.42,13013.77,13076.7,4.59,1.28,TAKE_PROFIT
T_0142_P69,2026-02-25 12:15,ETH/USDT,BUY,2026-02-25 12:00,2026-02-25 12:00,2026-02-25 12:15,1926.76,1926.57,1958.14,1958.34,7.7851,14998.52,36.39,5.9994,5.9994,1.5,1.5244,21.37,0.14,13076.7,13098.07,4.59,1.28,PARTIAL_TP
T_0142,2026-02-25 12:15,ETH/USDT,BUY,2026-02-25 12:00,2026-02-25 12:00,2026-02-25 12:15,1926.76,1926.57,1972.46,1972.66,7.7851,14998.52,79.23,5.9994,5.9994,1.5,1.5356,64.2,0.43,13098.07,13162.27,4.59,1.28,TAKE_PROFIT
T_0143,2026-02-27 17:00,ETH/USDT,SELL,2026-02-27 16:45,2026-02-27 16:45,2026-02-27 17:00,1933.91,1933.72,1950.61,1950.81,7.7563,14998.49,-22.72,5.9994,5.9994,1.5,1.513,-37.73,-0.25,13162.27,13124.54,4.59,1.28,STOP_LOSS
T_0144_P70,2026-02-27 18:15,BTC/USDT,SELL,2026-02-27 18:15,2026-02-27 18:15,2026-02-27 18:15,65536.17,65529.62,64468.13,64474.58,0.2289,14999.73,35.1,5.9999,5.9999,1.5001,1.4757,20.12,0.13,13124.54,13144.66,4.59,1.28,PARTIAL_TP
T_0144,2026-02-27 18:15,BTC/USDT,SELL,2026-02-27 18:15,2026-02-27 18:15,2026-02-27 18:15,65536.17,65529.62,63982.91,63989.31,0.2289,14999.73,75.32,5.9999,5.9999,1.5001,1.4646,60.36,0.4,13144.66,13205.02,4.59,1.28,TAKE_PROFIT
T_0145,2026-03-02 13:30,ETH/USDT,SELL,2026-03-02 13:15,2026-03-02 13:15,2026-03-02 13:30,1933.52,1933.33,1949.58,1949.77,7.7579,14998.55,-21.58,5.9994,5.9994,1.5,1.5125,-36.59,-0.24,13205.02,13168.43,4.59,1.28,STOP_LOSS
T_0146,2026-03-04 07:45,BTC/USDT,BUY,2026-03-04 07:45,2026-03-04 07:45,2026-03-04 07:45,68979.36,68972.46,68405.04,68411.88,0.2175,15001.51,-21.51,6.0006,6.0006,1.5003,1.4878,-36.5,-0.24,13168.43,13131.93,4.59,1.28,STOP_LOSS
T_0147,2026-03-04 17:15,BTC/USDT,BUY,2026-03-04 17:15,2026-03-04 17:15,2026-03-04 17:15,73557.85,73550.49,72947.89,72955.18,0.2039,14996.95,-21.13,5.9988,5.9988,1.4998,1.4874,-36.11,-0.24,13131.93,13095.82,4.59,1.28,STOP_LOSS
T_0148,2026-03-04 19:15,BTC/USDT,BUY,2026-03-04 19:15,2026-03-04 19:15,2026-03-04 19:15,73880.93,73873.54,73265.56,73272.89,0.203,14996.33,-20.75,5.9985,5.9985,1.4998,1.4873,-35.73,-0.24,13095.82,13060.09,4.59,1.28,STOP_LOSS
T_0149_P71,2026-03-05 18:00,BTC/USDT,SELL,2026-03-05 18:00,2026-03-05 18:00,2026-03-05 18:00,70690.93,70683.86,69532.69,69539.64,0.2122,14999.12,34.97,5.9996,5.9996,1.5001,1.4755,20.0,0.13,13060.09,13080.09,4.59,1.28,PARTIAL_TP
T_0149,2026-03-05 18:00,BTC/USDT,SELL,2026-03-05 18:00,2026-03-05 18:00,2026-03-05 18:00,70690.93,70683.86,69019.78,69026.68,0.2122,14999.12,74.48,5.9996,5.9996,1.5001,1.4646,59.52,0.4,13080.09,13139.61,4.59,1.28,TAKE_PROFIT
T_0150_P72,2026-03-06 05:45,BTC/USDT,SELL,2026-03-06 05:45,2026-03-06 05:45,2026-03-06 05:45,70191.0,70183.98,69046.16,69053.06,0.2137,14998.32,35.1,5.9993,5.9993,1.5,1.4755,20.13,0.13,13139.61,13159.74,4.59,1.28,PARTIAL_TP
T_0150,2026-03-06 05:45,BTC/USDT,SELL,2026-03-06 05:45,2026-03-06 05:45,2026-03-06 05:45,70191.0,70183.98,68528.65,68535.5,0.2137,14998.32,75.25,5.9993,5.9993,1.5,1.4645,60.29,0.4,13159.74,13220.03,4.59,1.28,TAKE_PROFIT
T_0151,2026-03-08 13:00,ETH/USDT,SELL,2026-03-08 12:45,2026-03-08 12:45,2026-03-08 13:00,1947.79,1947.6,1963.92,1964.12,7.701,14998.43,-21.53,5.9994,5.9994,1.5,1.5124,-36.54,-0.24,13220.03,13183.49,4.59,1.28,STOP_LOSS
T_0152_P73,2026-03-09 15:00,ETH/USDT,BUY,2026-03-09 14:45,2026-03-09 14:45,2026-03-09 15:00,2030.98,2030.78,2063.96,2064.17,7.3856,14998.51,35.43,5.9994,5.9994,1.5,1.5244,20.41,0.14,13183.49,13203.9,4.59,1.28,PARTIAL_TP
T_0152,2026-03-09 15:00,ETH/USDT,BUY,2026-03-09 14:45,2026-03-09 14:45,2026-03-09 15:00,2030.98,2030.78,2079.16,2079.37,7.3856,14998.51,76.55,5.9994,5.9994,1.5,1.5356,61.52,0.41,13203.9,13265.42,4.59,1.28,TAKE_PROFIT
T_0153,2026-03-10 02:30,BTC/USDT,BUY,2026-03-10 02:30,2026-03-10 02:30,2026-03-10 02:30,69379.5,69372.56,69397.93,69404.87,0.2162,14998.35,12.85,5.9993,5.9993,1.5,1.5004,-2.15,-0.01,13265.42,13263.27,4.59,1.28,STOP_LOSS
T_0154_P74,2026-03-11 12:45,BTC/USDT,SELL,2026-03-11 12:45,2026-03-11 12:45,2026-03-11 12:45,69240.84,69233.92,68111.98,68118.79,0.2166,14996.07,35.52,5.9984,5.9984,1.4998,1.4753,20.55,0.14,13263.27,13283.82,4.59,1.28,PARTIAL_TP
T_0154,2026-03-11 12:45,BTC/USDT,SELL,2026-03-11 12:45,2026-03-11 12:45,2026-03-11 12:45,69240.84,69233.92,67597.9,67604.66,0.2166,14996.07,76.68,5.9984,5.9984,1.4998,1.4642,61.72,0.41,13283.82,13345.54,4.59,1.28,TAKE_PROFIT
T_0155,2026-03-11 17:30,BTC/USDT,BUY,2026-03-11 17:30,2026-03-11 17:30,2026-03-11 17:30,71264.33,71257.2,70673.9,70680.97,0.2105,14999.64,-21.89,5.9999,5.9999,1.5001,1.4877,-36.88,-0.25,13345.54,13308.66,4.59,1.28,STOP_LOSS
T_0156,2026-03-16 06:00,ETH/USDT,BUY,2026-03-16 06:00,2026-03-16 06:00,2026-03-16 06:00,2280.68,2280.45,2261.28,2261.51,6.577,14998.53,-22.75,5.9994,5.9994,1.5,1.4872,-37.74,-0.25,13308.66,13270.92,4.59,1.28,STOP_LOSS
T_0157_P75,2026-03-16 21:30,ETH/USDT,BUY,2026-03-16 21:15,2026-03-16 21:15,2026-03-16 21:30,2351.51,2351.27,2391.09,2391.33,6.3789,14998.55,36.4,5.9994,5.9994,1.5,1.5253,21.38,0.14,13270.92,13292.3,4.59,1.28,PARTIAL_TP
T_0157,2026-03-16 21:30,ETH/USDT,BUY,2026-03-16 21:15,2026-03-16 21:15,2026-03-16 21:30,2351.51,2351.27,2408.94,2409.18,6.3789,14998.55,78.99,5.9994,5.9994,1.5,1.5366,63.95,0.43,13292.3,13356.25,4.59,1.28,TAKE_PROFIT
T_0158,2026-03-19 07:00,ETH/USDT,SELL,2026-03-19 06:45,2026-03-19 06:45,2026-03-19 07:00,2186.39,2186.17,2204.53,2204.75,6.8606,14998.45,-22.07,5.9994,5.9994,1.5,1.5124,-37.08,-0.25,13356.25,13319.17,4.59,1.28,STOP_LOSS
T_0159,2026-03-19 12:45,ETH/USDT,SELL,2026-03-19 12:30,2026-03-19 12:30,2026-03-19 12:45,2155.44,2155.22,2173.2,2173.42,6.9591,14998.42,-21.71,5.9994,5.9994,1.5,1.5124,-36.72,-0.24,13319.17,13282.45,4.59,1.28,STOP_LOSS
T_0160,2026-03-22 12:15,ETH/USDT,SELL,2026-03-22 12:00,2026-03-22 12:00,2026-03-22 12:15,2069.7,2069.49,2086.84,2087.05,7.2474,14998.44,-21.75,5.9994,5.9994,1.5,1.5124,-36.76,-0.25,13282.45,13245.69,4.59,1.28,STOP_LOSS
T_0161,2026-03-23 14:15,BTC/USDT,BUY,2026-03-23 14:15,2026-03-23 14:15,2026-03-23 14:15,71537.11,71529.96,70918.32,70925.41,0.2097,14999.83,-22.85,5.9999,5.9999,1.5001,1.4872,-37.84,-0.25,13245.69,13207.85,4.59,1.28,STOP_LOSS
T_0162_P76,2026-03-24 17:00,BTC/USDT,SELL,2026-03-24 17:00,2026-03-24 17:00,2026-03-24 17:00,69471.26,69464.31,68348.42,68355.25,0.2159,14997.35,35.05,5.9989,5.9989,1.4999,1.4756,20.08,0.13,13207.85,13227.93,4.59,1.28,PARTIAL_TP
T_0162,2026-03-24 17:00,BTC/USDT,SELL,2026-03-24 17:00,2026-03-24 17:00,2026-03-24 17:00,69471.26,69464.31,67819.51,67826.29,0.2159,14997.35,75.94,5.9989,5.9989,1.4999,1.4642,60.98,0.41,13227.93,13288.91,4.59,1.28,TAKE_PROFIT
T_0163_P77,2026-03-25 11:45,ETH/USDT,BUY,2026-03-25 11:30,2026-03-25 11:30,2026-03-25 11:45,2193.45,2193.23,2229.13,2229.35,6.8385,14998.41,35.68,5.9994,5.9994,1.5,1.5244,20.66,0.14,13288.91,13309.57,4.59,1.28,PARTIAL_TP
T_0163,2026-03-25 11:45,ETH/USDT,BUY,2026-03-25 11:30,2026-03-25 11:30,2026-03-25 11:45,2193.45,2193.23,2245.38,2245.6,6.8385,14998.41,77.06,5.9994,5.9994,1.5,1.5355,62.03,0.41,13309.57,13371.6,4.59,1.28,TAKE_PROFIT
T_0164_P78,2026-03-27 17:45,BTC/USDT,SELL,2026-03-27 17:45,2026-03-27 17:45,2026-03-27 17:45,65620.78,65614.22,64548.84,64555.29,0.2286,14999.41,35.85,5.9998,5.9998,1.5001,1.4756,20.87,0.14,13371.6,13392.47,4.59,1.28,PARTIAL_TP
T_0164,2026-03-27 17:45,BTC/USDT,SELL,2026-03-27 17:45,2026-03-27 17:45,2026-03-27 17:45,65620.78,65614.22,64067.08,64073.49,0.2286,14999.41,77.35,5.9998,5.9998,1.5001,1.4646,62.39,0.42,13392.47,13454.86,4.59,1.28,TAKE_PROFIT
T_0165_P79,2026-03-30 04:30,ETH/USDT,BUY,2026-03-30 04:15,2026-03-30 04:15,2026-03-30 04:30,2044.75,2044.55,2078.19,2078.4,7.3359,14998.58,36.14,5.9994,5.9994,1.5,1.5245,21.12,0.14,13454.86,13475.98,4.59,1.28,PARTIAL_TP
T_0165,2026-03-30 04:30,ETH/USDT,BUY,2026-03-30 04:15,2026-03-30 04:15,2026-03-30 04:30,2044.75,2044.55,2093.17,2093.38,7.3359,14998.58,78.1,5.9994,5.9994,1.5,1.5355,63.07,0.42,13475.98,13539.05,4.59,1.28,TAKE_PROFIT
T_0166,2026-03-30 05:00,BTC/USDT,BUY,2026-03-30 05:00,2026-03-30 05:00,2026-03-30 05:00,67627.21,67620.45,67065.61,67072.32,0.2218,14998.22,-22.56,5.9993,5.9993,1.5,1.4875,-37.55,-0.25,13539.05,13501.5,4.59,1.28,STOP_LOSS
T_0167,2026-04-01 06:30,BTC/USDT,BUY,2026-04-01 06:30,2026-04-01 06:30,2026-04-01 06:30,68868.9,68862.01,68298.39,68305.22,0.2178,14998.15,-22.53,5.9993,5.9993,1.5,1.4875,-37.52,-0.25,13501.5,13463.98,4.59,1.28,STOP_LOSS
T_0168,2026-04-02 05:00,ETH/USDT,SELL,2026-04-02 04:45,2026-04-02 04:45,2026-04-02 05:00,2045.07,2044.87,2061.94,2062.15,7.3347,14998.47,-22.28,5.9994,5.9994,1.5,1.5124,-37.29,-0.25,13463.98,13426.69,4.59,1.28,STOP_LOSS
T_0169,2026-04-07 13:00,ETH/USDT,SELL,2026-04-07 12:45,2026-04-07 12:45,2026-04-07 13:00,2076.75,2076.54,2094.0,2094.21,7.2228,14998.45,-22.38,5.9994,5.9994,1.5,1.5125,-37.39,-0.25,13426.69,13389.3,4.59,1.28,STOP_LOSS
T_0170_P80,2026-04-07 14:45,BTC/USDT,SELL,2026-04-07 14:45,2026-04-07 14:45,2026-04-07 14:45,67988.71,67981.91,66878.91,66885.6,0.2206,14996.81,35.88,5.9987,5.9987,1.4998,1.4753,20.91,0.14,13389.3,13410.21,4.59,1.28,PARTIAL_TP
T_0170,2026-04-07 14:45,BTC/USDT,SELL,2026-04-07 14:45,2026-04-07 14:45,2026-04-07 14:45,67988.71,67981.91,66379.19,66385.83,0.2206,14996.81,77.5,5.9987,5.9987,1.4998,1.4643,62.54,0.42,13410.21,13472.75,4.59,1.28,TAKE_PROFIT
T_0171,2026-04-07 15:00,ETH/USDT,SELL,2026-04-07 14:45,2026-04-07 14:45,2026-04-07 15:00,2071.85,2071.64,2089.08,2089.29,7.2399,14998.49,-22.29,5.9994,5.9994,1.5,1.5125,-37.3,-0.25,13472.75,13435.45,4.59,1.28,STOP_LOSS
T_0172_P81,2026-04-13 20:00,ETH/USDT,BUY,2026-04-13 19:45,2026-04-13 19:45,2026-04-13 20:00,2251.53,2251.3,2288.35,2288.58,6.6621,14998.42,36.1,5.9994,5.9994,1.5,1.5245,21.08,0.14,13435.45,13456.53,4.59,1.28,PARTIAL_TP
T_0172,2026-04-13 20:00,ETH/USDT,BUY,2026-04-13 19:45,2026-04-13 19:45,2026-04-13 20:00,2251.53,2251.3,2304.82,2305.05,6.6621,14998.42,77.96,5.9994,5.9994,1.5,1.5355,62.93,0.42,13456.53,13519.46,4.59,1.28,TAKE_PROFIT
T_0173_P82,2026-04-14 09:30,ETH/USDT,BUY,2026-04-14 09:15,2026-04-14 09:15,2026-04-14 09:30,2392.86,2392.62,2431.8,2432.04,6.2686,14998.38,36.16,5.9994,5.9994,1.5,1.5244,21.14,0.14,13519.46,13540.6,4.59,1.28,PARTIAL_TP
T_0173,2026-04-14 09:30,ETH/USDT,BUY,2026-04-14 09:15,2026-04-14 09:15,2026-04-14 09:30,2392.86,2392.62,2449.63,2449.87,6.2686,14998.38,78.62,5.9994,5.9994,1.5,1.5356,63.59,0.42,13540.6,13604.19,4.59,1.28,TAKE_PROFIT
T_0174_P83,2026-04-15 19:30,ETH/USDT,BUY,2026-04-15 19:15,2026-04-15 19:15,2026-04-15 19:30,2365.47,2365.23,2404.15,2404.39,6.3412,14998.42,36.45,5.9994,5.9994,1.5,1.5245,21.43,0.14,13604.19,13625.62,4.59,1.28,PARTIAL_TP
T_0174,2026-04-15 19:30,ETH/USDT,BUY,2026-04-15 19:15,2026-04-15 19:15,2026-04-15 19:30,2365.47,2365.23,2421.4,2421.64,6.3412,14998.42,78.94,5.9994,5.9994,1.5,1.5355,63.91,0.43,13625.62,13689.53,4.59,1.28,TAKE_PROFIT
T_0175,2026-04-17 16:30,BTC/USDT,BUY,2026-04-17 16:30,2026-04-17 16:30,2026-04-17 16:30,78173.12,78165.3,77524.66,77532.41,0.1919,14999.92,-22.68,6.0,6.0,1.5001,1.4877,-37.67,-0.25,13689.53,13651.86,4.59,1.28,STOP_LOSS
T_0176_P84,2026-04-17 17:00,ETH/USDT,BUY,2026-04-17 16:45,2026-04-17 16:45,2026-04-17 17:00,2459.67,2459.42,2499.63,2499.88,6.0984,14998.55,36.4,5.9994,5.9994,1.5,1.5244,21.38,0.14,13651.86,13673.24,4.59,1.28,PARTIAL_TP
T_0176,2026-04-17 17:00,ETH/USDT,BUY,2026-04-17 16:45,2026-04-17 16:45,2026-04-17 17:00,2459.67,2459.42,2517.97,2518.22,6.0984,14998.55,79.39,5.9994,5.9994,1.5,1.5356,64.36,0.43,13673.24,13737.6,4.59,1.28,TAKE_PROFIT
T_0177,2026-04-18 11:30,ETH/USDT,SELL,2026-04-18 11:15,2026-04-18 11:15,2026-04-18 11:30,2351.64,2351.4,2371.18,2371.42,6.3785,14998.44,-23.52,5.9994,5.9994,1.5,1.5125,-38.53,-0.26,13737.6,13699.07,4.59,1.28,STOP_LOSS
T_0178_P85,2026-04-20 18:30,ETH/USDT,BUY,2026-04-20 18:15,2026-04-20 18:15,2026-04-20 18:30,2331.81,2331.58,2369.89,2370.13,6.4328,14998.57,36.6,5.9994,5.9994,1.5,1.5245,21.58,0.14,13699.07,13720.65,4.59,1.28,PARTIAL_TP
T_0178,2026-04-20 18:30,ETH/USDT,BUY,2026-04-20 18:15,2026-04-20 18:15,2026-04-20 18:30,2331.81,2331.58,2387.0,2387.24,6.4328,14998.57,79.56,5.9994,5.9994,1.5,1.5355,64.53,0.43,13720.65,13785.18,4.59,1.28,TAKE_PROFIT
T_0179_P86,2026-04-21 15:30,BTC/USDT,SELL,2026-04-21 15:30,2026-04-21 15:30,2026-04-21 15:30,75684.18,75676.61,74451.62,74459.07,0.1982,14999.1,36.64,5.9996,5.9996,1.5001,1.4756,21.67,0.14,13785.18,13806.85,4.59,1.28,PARTIAL_TP
T_0179,2026-04-21 15:30,BTC/USDT,SELL,2026-04-21 15:30,2026-04-21 15:30,2026-04-21 15:30,75684.18,75676.61,73888.4,73895.79,0.1982,14999.1,80.09,5.9996,5.9996,1.5001,1.4645,65.13,0.43,13806.85,13871.98,4.59,1.28,TAKE_PROFIT
T_0180,2026-04-22 15:45,BTC/USDT,BUY,2026-04-22 15:45,2026-04-22 15:45,2026-04-22 15:45,79293.34,79285.41,78631.84,78639.7,0.1892,15000.8,-24.14,6.0003,6.0003,1.5002,1.4877,-39.13,-0.26,13871.98,13832.85,4.59,1.28,STOP_LOSS
T_0181,2026-04-23 03:30,ETH/USDT,SELL,2026-04-23 03:15,2026-04-23 03:15,2026-04-23 03:30,2340.74,2340.51,2360.15,2360.39,6.4082,14998.43,-23.8,5.9994,5.9994,1.5,1.5124,-38.81,-0.26,13832.85,13794.04,4.59,1.28,STOP_LOSS
T_0182_P87,2026-05-13 14:45,BTC/USDT,SELL,2026-05-13 14:45,2026-05-13 14:45,2026-05-13 14:45,79694.38,79686.41,78393.82,78401.66,0.1882,14996.98,36.61,5.9988,5.9988,1.4998,1.4754,21.64,0.14,13794.04,13815.68,4.59,1.28,PARTIAL_TP
T_0182,2026-05-13 14:45,BTC/USDT,SELL,2026-05-13 14:45,2026-05-13 14:45,2026-05-13 14:45,79694.38,79686.41,77806.04,77813.82,0.1882,14996.98,79.77,5.9988,5.9988,1.4998,1.4643,64.81,0.43,13815.68,13880.49,4.59,1.28,TAKE_PROFIT
T_0183,2026-05-18 15:15,ETH/USDT,SELL,2026-05-18 15:00,2026-05-18 15:00,2026-05-18 15:15,2110.07,2109.86,2127.46,2127.67,7.1088,14998.57,-23.75,5.9994,5.9994,1.5,1.5124,-38.76,-0.26,13880.49,13841.73,4.59,1.28,STOP_LOSS
T_0184_P88,2026-05-20 09:00,ETH/USDT,BUY,2026-05-20 08:45,2026-05-20 08:45,2026-05-20 09:00,2136.94,2136.73,2171.7,2171.92,7.0194,14998.54,36.81,5.9994,5.9994,1.5,1.5244,21.79,0.15,13841.73,13863.52,4.59,1.28,PARTIAL_TP
T_0184,2026-05-20 09:00,ETH/USDT,BUY,2026-05-20 08:45,2026-05-20 08:45,2026-05-20 09:00,2136.94,2136.73,2187.66,2187.88,7.0194,14998.54,80.65,5.9994,5.9994,1.5,1.5356,65.62,0.44,13863.52,13929.14,4.59,1.28,TAKE_PROFIT
T_0185_P89,2026-05-26 19:00,BTC/USDT,SELL,2026-05-26 19:00,2026-05-26 19:00,2026-05-26 19:00,75828.59,75821.01,74591.23,74598.69,0.1978,14997.4,36.72,5.999,5.999,1.4999,1.4754,21.75,0.14,13929.14,13950.89,4.59,1.28,PARTIAL_TP
T_0185,2026-05-26 19:00,BTC/USDT,SELL,2026-05-26 19:00,2026-05-26 19:00,2026-05-26 19:00,75828.59,75821.01,74028.29,74035.69,0.1978,14997.4,80.26,5.999,5.999,1.4999,1.4643,65.3,0.44,13950.89,14016.19,4.59,1.28,TAKE_PROFIT
T_0186,2026-06-01 06:45,ETH/USDT,SELL,2026-06-01 06:30,2026-06-01 06:30,2026-06-01 06:45,1986.11,1985.91,2002.55,2002.75,7.5525,14998.6,-24.4,5.9994,5.9994,1.5,1.5124,-39.41,-0.26,14016.19,13976.78,4.59,1.28,STOP_LOSS
T_0187_P90,2026-06-02 09:15,BTC/USDT,SELL,2026-06-02 09:15,2026-06-02 09:15,2026-06-02 09:15,69543.92,69536.97,68406.94,68413.78,0.2157,14999.12,37.11,5.9996,5.9996,1.5001,1.4755,22.14,0.15,13976.78,13998.92,4.59,1.28,PARTIAL_TP
T_0187,2026-06-02 09:15,BTC/USDT,SELL,2026-06-02 09:15,2026-06-02 09:15,2026-06-02 09:15,69543.92,69536.97,67896.19,67902.98,0.2157,14999.12,81.12,5.9996,5.9996,1.5001,1.4645,66.16,0.44,13998.92,14065.08,4.59,1.28,TAKE_PROFIT
T_0188_P91,2026-06-02 12:30,BTC/USDT,SELL,2026-06-02 12:30,2026-06-02 12:30,2026-06-02 12:30,69275.81,69268.88,68146.79,68153.6,0.2165,14996.71,36.94,5.9987,5.9987,1.4998,1.4754,21.97,0.15,14065.08,14087.05,4.59,1.28,PARTIAL_TP
T_0188,2026-06-02 12:30,BTC/USDT,SELL,2026-06-02 12:30,2026-06-02 12:30,2026-06-02 12:30,69275.81,69268.88,67630.88,67637.64,0.2165,14996.71,81.02,5.9987,5.9987,1.4998,1.4642,66.06,0.44,14087.05,14153.11,4.59,1.28,TAKE_PROFIT
T_0189,2026-06-05 15:15,ETH/USDT,SELL,2026-06-05 15:15,2026-06-05 15:15,2026-06-05 15:15,1583.92,1583.76,1603.68,1603.84,9.4702,14998.54,-43.35,5.9994,5.9994,1.5,1.5187,-58.37,-0.39,14153.11,14094.74,4.59,1.28,STOP_LOSS
T_0190,2026-06-05 16:45,ETH/USDT,SELL,2026-06-05 16:45,2026-06-05 16:45,2026-06-05 16:45,1582.84,1582.68,1605.67,1605.83,9.4766,14998.44,-51.56,5.9994,5.9994,1.5,1.5216,-66.58,-0.44,14094.74,14028.16,4.59,1.28,STOP_LOSS
T_0191_P92,2026-06-05 19:45,BTC/USDT,SELL,2026-06-05 19:45,2026-06-05 19:45,2026-06-05 19:45,59744.65,59738.68,58276.53,58282.36,0.2511,15000.38,48.72,6.0002,6.0002,1.5002,1.4633,33.76,0.23,14028.16,14061.92,4.59,1.28,PARTIAL_TP
T_0191,2026-06-05 19:45,BTC/USDT,SELL,2026-06-05 19:45,2026-06-05 19:45,2026-06-05 19:45,59744.65,59738.68,57581.85,57587.61,0.2511,15000.38,117.02,6.0002,6.0002,1.5002,1.4459,102.07,0.68,14061.92,14163.99,4.59,1.28,TAKE_PROFIT
T_0192,2026-06-07 03:30,BTC/USDT,BUY,2026-06-07 03:30,2026-06-07 03:30,2026-06-07 03:30,61673.28,61667.11,61162.53,61168.65,0.2432,14997.44,-20.85,5.999,5.999,1.4999,1.4875,-35.84,-0.24,14163.99,14128.15,4.59,1.28,STOP_LOSS
T_0193,2026-06-07 04:00,BTC/USDT,BUY,2026-06-07 04:00,2026-06-07 04:00,2026-06-07 04:00,61710.44,61704.27,61199.88,61206.0,0.2431,15000.31,-20.84,6.0001,6.0001,1.5002,1.4878,-35.83,-0.24,14128.15,14092.32,4.59,1.28,STOP_LOSS
T_0194,2026-06-07 05:00,BTC/USDT,BUY,2026-06-07 05:00,2026-06-07 05:00,2026-06-07 05:00,61900.11,61893.92,61386.42,61392.56,0.2423,14996.9,-21.05,5.9988,5.9988,1.4998,1.4874,-36.03,-0.24,14092.32,14056.29,4.59,1.28,STOP_LOSS
T_0195,2026-06-07 05:45,BTC/USDT,BUY,2026-06-07 05:45,2026-06-07 05:45,2026-06-07 05:45,61880.93,61874.74,61368.06,61374.2,0.2424,14998.44,-20.43,5.9994,5.9994,1.5,1.4876,-35.42,-0.24,14056.29,14020.87,4.59,1.28,STOP_LOSS
T_0196,2026-06-07 08:00,BTC/USDT,BUY,2026-06-07 08:00,2026-06-07 08:00,2026-06-07 08:00,62413.18,62406.94,61898.12,61904.31,0.2403,14996.39,-20.6,5.9986,5.9986,1.4998,1.4874,-35.58,-0.24,14020.87,13985.29,4.59,1.28,STOP_LOSS
T_0197,2026-06-08 09:30,BTC/USDT,BUY,2026-06-08 09:30,2026-06-08 09:30,2026-06-08 09:30,63397.72,63391.38,62871.29,62877.58,0.2366,14998.4,-20.2,5.9994,5.9994,1.5,1.4875,-35.19,-0.23,13985.29,13950.1,4.59,1.28,STOP_LOSS
T_0198,2026-06-08 15:00,BTC/USDT,BUY,2026-06-08 15:00,2026-06-08 15:00,2026-06-08 15:00,63974.28,63967.88,63442.74,63449.08,0.2345,15000.47,-20.54,6.0002,6.0002,1.5002,1.4877,-35.53,-0.24,13950.1,13914.57,4.59,1.28,STOP_LOSS
T_0199,2026-06-10 03:00,ETH/USDT,SELL,2026-06-10 02:45,2026-06-10 02:45,2026-06-10 03:00,1625.29,1625.13,1638.85,1639.01,9.2291,14998.46,-20.65,5.9994,5.9994,1.5,1.5125,-35.66,-0.24,13914.57,13878.91,4.59,1.28,STOP_LOSS
T_0200,2026-06-11 01:30,BTC/USDT,BUY,2026-06-11 01:30,2026-06-11 01:30,2026-06-11 01:30,62186.36,62180.14,61669.9,61676.07,0.2412,14997.85,-20.1,5.9991,5.9991,1.4999,1.4875,-35.09,-0.23,13878.91,13843.82,4.59,1.28,STOP_LOSS
T_0201,2026-06-11 06:30,BTC/USDT,BUY,2026-06-11 06:30,2026-06-11 06:30,2026-06-11 06:30,62884.36,62878.07,62362.39,62368.63,0.2385,14996.42,-19.91,5.9986,5.9986,1.4998,1.4873,-34.89,-0.23,13843.82,13808.93,4.59,1.28,STOP_LOSS
T_0202,2026-06-12 09:30,BTC/USDT,BUY,2026-06-12 09:30,2026-06-12 09:30,2026-06-12 09:30,63785.51,63779.13,63252.14,63258.47,0.2352,15000.85,-20.06,6.0003,6.0003,1.5002,1.4877,-35.05,-0.23,13808.93,13773.88,4.59,1.28,STOP_LOSS
T_0203,2026-06-14 23:30,BTC/USDT,BUY,2026-06-14 23:30,2026-06-14 23:30,2026-06-14 23:30,65693.1,65686.53,65148.88,65155.39,0.2283,14996.23,-19.61,5.9985,5.9985,1.4998,1.4873,-34.59,-0.23,13773.88,13739.29,4.59,1.28,STOP_LOSS
T_0204,2026-06-15 00:00,BTC/USDT,BUY,2026-06-15 00:00,2026-06-15 00:00,2026-06-15 00:00,65755.91,65749.33,65211.55,65218.07,0.2281,14997.42,-19.62,5.999,5.999,1.4999,1.4875,-34.61,-0.23,13739.29,13704.68,4.59,1.28,STOP_LOSS
T_0205_P93,2026-06-17 11:00,BTC/USDT,SELL,2026-06-17 11:00,2026-06-17 11:00,2026-06-17 11:00,64787.88,64781.4,63730.88,63737.25,0.2315,14996.89,34.22,5.9988,5.9988,1.4998,1.4754,19.25,0.13,13704.68,13723.93,4.59,1.28,PARTIAL_TP
T_0205,2026-06-17 11:00,BTC/USDT,SELL,2026-06-17 11:00,2026-06-17 11:00,2026-06-17 11:00,64787.88,64781.4,63252.13,63258.46,0.2315,14996.89,72.65,5.9988,5.9988,1.4998,1.4643,57.69,0.38,13723.93,13781.62,4.59,1.28,TAKE_PROFIT
T_0206,2026-06-18 18:15,ETH/USDT,SELL,2026-06-18 18:00,2026-06-18 18:00,2026-06-18 18:15,1679.18,1679.01,1693.14,1693.31,8.9329,14998.45,-20.05,5.9994,5.9994,1.5,1.5125,-35.06,-0.23,13781.62,13746.56,4.59,1.28,STOP_LOSS
T_0207_P94,2026-06-22 14:15,ETH/USDT,BUY,2026-06-22 14:00,2026-06-22 14:00,2026-06-22 14:15,1777.78,1777.6,1806.76,1806.94,8.4375,14998.52,34.62,5.9994,5.9994,1.5,1.5245,19.6,0.13,13746.56,13766.16,4.59,1.28,PARTIAL_TP
T_0207,2026-06-22 14:15,ETH/USDT,BUY,2026-06-22 14:00,2026-06-22 14:00,2026-06-22 14:15,1777.78,1777.6,1819.9,1820.08,8.4375,14998.52,73.8,5.9994,5.9994,1.5,1.5355,58.77,0.39,13766.16,13824.93,4.59,1.28,TAKE_PROFIT
T_0208,2026-06-26 15:45,BTC/USDT,BUY,2026-06-26 15:45,2026-06-26 15:45,2026-06-26 15:45,60432.59,60426.55,59930.67,59936.66,0.2482,14997.87,-19.66,5.9991,5.9991,1.4999,1.4875,-34.65,-0.23,13824.93,13790.28,4.59,1.28,STOP_LOSS
T_0209,2026-07-02 13:00,BTC/USDT,BUY,2026-07-02 13:00,2026-07-02 13:00,2026-07-02 13:00,61551.11,61544.95,61039.95,61046.05,0.2437,14998.51,-19.74,5.9994,5.9994,1.5,1.4875,-34.73,-0.23,13790.28,13755.55,4.59,1.28,STOP_LOSS
T_0210,2026-07-02 15:00,BTC/USDT,BUY,2026-07-02 15:00,2026-07-02 15:00,2026-07-02 15:00,61704.19,61698.02,61192.43,61198.55,0.2431,14998.79,-19.79,5.9995,5.9995,1.5,1.4876,-34.78,-0.23,13755.55,13720.77,4.59,1.28,STOP_LOSS
T_0211_P95,2026-07-03 10:45,ETH/USDT,BUY,2026-07-03 10:30,2026-07-03 10:30,2026-07-03 10:45,1736.95,1736.78,1765.33,1765.51,8.6358,14998.45,34.62,5.9994,5.9994,1.5,1.5245,19.6,0.13,13720.77,13740.37,4.59,1.28,PARTIAL_TP
T_0211,2026-07-03 10:45,ETH/USDT,BUY,2026-07-03 10:30,2026-07-03 10:30,2026-07-03 10:45,1736.95,1736.78,1778.13,1778.31,8.6358,14998.45,73.68,5.9994,5.9994,1.5,1.5356,58.65,0.39,13740.37,13799.02,4.59,1.28,TAKE_PROFIT
T_0212_P96,2026-07-04 18:30,ETH/USDT,BUY,2026-07-04 18:15,2026-07-04 18:15,2026-07-04 18:30,1804.9,1804.72,1834.24,1834.42,8.3107,14998.48,34.67,5.9994,5.9994,1.5,1.5244,19.65,0.13,13799.02,13818.67,4.59,1.28,PARTIAL_TP
T_0212,2026-07-04 18:30,ETH/USDT,BUY,2026-07-04 18:15,2026-07-04 18:15,2026-07-04 18:30,1804.9,1804.72,1847.73,1847.91,8.3107,14998.48,74.2,5.9994,5.9994,1.5,1.5356,59.17,0.39,13818.67,13877.84,4.59,1.28,TAKE_PROFIT
T_0213_P97,2026-07-10 04:30,ETH/USDT,BUY,2026-07-10 04:15,2026-07-10 04:15,2026-07-10 04:30,1779.55,1779.37,1808.47,1808.65,8.4291,14998.5,34.82,5.9994,5.9994,1.5,1.5244,19.8,0.13,13877.84,13897.64,4.59,1.28,PARTIAL_TP
T_0213,2026-07-10 04:30,ETH/USDT,BUY,2026-07-10 04:15,2026-07-10 04:15,2026-07-10 04:30,1779.55,1779.37,1821.79,1821.97,8.4291,14998.5,74.7,5.9994,5.9994,1.5,1.5356,59.67,0.4,13897.64,13957.31,4.59,1.28,TAKE_PROFIT
T_0214_P98,2026-07-14 15:45,ETH/USDT,BUY,2026-07-14 15:30,2026-07-14 15:30,2026-07-14 15:45,1883.49,1883.3,1914.13,1914.32,7.9639,14998.43,35.01,5.9994,5.9994,1.5,1.5244,19.99,0.13,13957.31,13977.3,4.59,1.28,PARTIAL_TP
T_0214,2026-07-14 15:45,ETH/USDT,BUY,2026-07-14 15:30,2026-07-14 15:30,2026-07-14 15:45,1883.49,1883.3,1928.13,1928.32,7.9639,14998.43,75.12,5.9994,5.9994,1.5,1.5355,60.09,0.4,13977.3,14037.39,4.59,1.28,TAKE_PROFIT
T_0215,2026-07-17 03:00,ETH/USDT,SELL,2026-07-17 02:45,2026-07-17 02:45,2026-07-17 03:00,1846.31,1846.13,1861.56,1861.75,8.1243,14998.48,-20.76,5.9994,5.9994,1.5,1.5124,-35.77,-0.24,14037.39,14001.62,4.59,1.28,STOP_LOSS
T_0216,2026-07-20 18:15,BTC/USDT,BUY,2026-07-20 18:15,2026-07-20 18:15,2026-07-20 18:15,65763.05,65756.47,65215.27,65221.79,0.2281,14999.05,-20.42,5.9996,5.9996,1.5001,1.4876,-35.41,-0.24,14001.62,13966.21,4.59,1.28,STOP_LOSS
T_0217_P99,2026-07-21 06:30,ETH/USDT,BUY,2026-07-21 06:15,2026-07-21 06:15,2026-07-21 06:30,1932.1,1931.91,1963.52,1963.72,7.7636,14998.55,35.01,5.9994,5.9994,1.5,1.5244,19.99,0.13,13966.21,13986.2,4.59,1.28,PARTIAL_TP
T_0217,2026-07-21 06:30,ETH/USDT,BUY,2026-07-21 06:15,2026-07-21 06:15,2026-07-21 06:30,1932.1,1931.91,1977.9,1978.1,7.7636,14998.55,75.16,5.9994,5.9994,1.5,1.5356,60.13,0.4,13986.2,14046.33,4.59,1.28,TAKE_PROFIT
T_0218_P100,2026-07-23 15:15,BTC/USDT,SELL,2026-07-23 15:15,2026-07-23 15:15,2026-07-23 15:15,64763.71,64757.23,63710.75,63717.12,0.2316,14997.78,35.13,5.9991,5.9991,1.4999,1.4755,20.16,0.13,14046.33,14066.49,4.59,1.28,PARTIAL_TP
T_0218,2026-07-23 15:15,BTC/USDT,SELL,2026-07-23 15:15,2026-07-23 15:15,2026-07-23 15:15,64763.71,64757.23,63228.58,63234.9,0.2316,14997.78,75.61,5.9991,5.9991,1.4999,1.4644,60.65,0.4,14066.49,14127.14,4.59,1.28,TAKE_PROFIT
T_0219_P101,2026-07-28 01:00,BTC/USDT,SELL,2026-07-28 01:00,2026-07-28 01:00,2026-07-28 01:00,63476.58,63470.23,62438.18,62444.42,0.2363,14998.02,35.19,5.9992,5.9992,1.5,1.4754,20.22,0.13,14127.14,14147.36,4.59,1.28,PARTIAL_TP
T_0219,2026-07-28 01:00,BTC/USDT,SELL,2026-07-28 01:00,2026-07-28 01:00,2026-07-28 01:00,63476.58,63470.23,61976.34,61982.54,0.2363,14998.02,75.2,5.9992,5.9992,1.5,1.4645,60.24,0.4,14147.36,14207.6,4.59,1.28,TAKE_PROFIT
T_0220,2026-07-28 01:15,ETH/USDT,SELL,2026-07-28 01:00,2026-07-28 01:00,2026-07-28 01:15,1878.61,1878.42,1894.16,1894.35,7.9846,14998.45,-21.17,5.9994,5.9994,1.5,1.5124,-36.18,-0.24,14207.6,14171.42,4.59,1.28,STOP_LOSS
T_0221,2026-07-31 09:45,ETH/USDT,SELL,2026-07-31 09:30,2026-07-31 09:30,2026-07-31 09:45,1884.19,1884.0,1899.86,1900.05,7.961,14998.54,-21.48,5.9994,5.9994,1.5,1.5125,-36.49,-0.24,14171.42,14134.93,4.59,1.28,STOP_LOSS
T_0222,2026-08-02 05:00,BTC/USDT,BUY,2026-08-02 05:00,2026-08-02 05:00,2026-08-02 05:00,63599.56,63593.2,63070.84,63077.15,0.2359,15001.64,-20.93,6.0007,6.0007,1.5003,1.4878,-35.92,-0.24,14134.93,14099.01,4.59,1.28,STOP_LOSS
T_0223_P102,2026-08-12 12:15,ETH/USDT,BUY,2026-08-12 12:00,2026-08-12 12:00,2026-08-12 12:15,1915.86,1915.67,1947.08,1947.27,7.8294,14998.53,35.33,5.9994,5.9994,1.5,1.5244,20.31,0.14,14099.01,14119.32,4.59,1.28,PARTIAL_TP
T_0223,2026-08-12 12:15,ETH/USDT,BUY,2026-08-12 12:00,2026-08-12 12:00,2026-08-12 12:15,1915.86,1915.67,1961.25,1961.45,7.8294,14998.53,75.95,5.9994,5.9994,1.5,1.5355,60.92,0.41,14119.32,14180.24,4.59,1.28,TAKE_PROFIT
