trade_id,symbol,side,entry_time,exit_time,entry_price,exit_price,pnl,reason,confidence
T_0001_P1,BTC/USDT,SELL,2025-08-19 18:45,2025-08-19 18:45,112996.0,111150.52,15.06,PARTIAL_TP,85.0
T_0001,BTC/USDT,SELL,2025-08-19 18:45,2025-08-19 18:45,112996.0,110315.61,45.13,TAKE_PROFIT,85.0
T_0002,BTC/USDT,BUY,2025-08-22 18:15,2025-08-22 18:15,117429.32,116449.33,-26.83,STOP_LOSS,75.0
T_0003_P2,BTC/USDT,SELL,2025-08-25 06:45,2025-08-25 06:45,112029.62,110191.18,15.01,PARTIAL_TP,75.0
T_0003,BTC/USDT,SELL,2025-08-25 06:45,2025-08-25 06:45,112029.62,109378.29,44.64,TAKE_PROFIT,75.0
T_0004_P3,BTC/USDT,SELL,2025-09-01 02:45,2025-09-01 02:45,107546.21,105792.51,15.42,PARTIAL_TP,85.0
T_0004,BTC/USDT,SELL,2025-09-01 02:45,2025-09-01 02:45,107546.21,104996.62,46.24,TAKE_PROFIT,85.0
T_0005_P4,BTC/USDT,SELL,2025-10-11 07:15,2025-10-11 07:15,111377.52,109554.4,15.46,PARTIAL_TP,75.0
T_0005,BTC/USDT,SELL,2025-10-11 07:15,2025-10-11 07:15,111377.52,108739.56,46.13,TAKE_PROFIT,75.0
T_0006_P5,BTC/USDT,SELL,2025-10-14 04:45,2025-10-14 04:45,113168.95,111332.67,15.56,PARTIAL_TP,75.0
T_0006,BTC/USDT,SELL,2025-10-14 04:45,2025-10-14 04:45,113168.95,110485.08,46.93,TAKE_PROFIT,75.0
T_0007_P6,BTC/USDT,SELL,2025-10-15 13:15,2025-10-15 13:15,111457.23,109649.45,15.32,PARTIAL_TP,75.0
T_0007,BTC/USDT,SELL,2025-10-15 13:15,2025-10-15 13:15,111457.23,108811.76,46.26,TAKE_PROFIT,75.0
T_0008_P7,BTC/USDT,SELL,2025-10-15 17:15,2025-10-15 17:15,110256.11,108462.97,15.76,PARTIAL_TP,75.0
T_0008,BTC/USDT,SELL,2025-10-15 17:15,2025-10-15 17:15,110256.11,107646.92,47.31,TAKE_PROFIT,75.0
T_0009,BTC/USDT,BUY,2025-10-20 05:15,2025-10-20 05:15,110560.92,109646.58,-28.07,STOP_LOSS,75.0
T_0010_P8,BTC/USDT,SELL,2025-11-03 06:15,2025-11-03 06:15,107331.59,105583.05,15.37,PARTIAL_TP,75.0
T_0010,BTC/USDT,SELL,2025-11-03 06:15,2025-11-03 06:15,107331.59,104788.87,46.11,TAKE_PROFIT,75.0
T_0011_P9,BTC/USDT,SELL,2025-11-03 07:15,2025-11-03 07:15,107425.86,105671.6,15.97,PARTIAL_TP,75.0
T_0011,BTC/USDT,SELL,2025-11-03 07:15,2025-11-03 07:15,107425.86,104878.18,47.84,TAKE_PROFIT,75.0
T_0012,BTC/USDT,BUY,2025-11-05 13:45,2025-11-05 13:45,102844.41,101989.87,-28.09,STOP_LOSS,75.0
T_0013,BTC/USDT,BUY,2025-11-07 19:45,2025-11-07 19:45,103269.18,102416.32,-28.06,STOP_LOSS,75.0
T_0014,BTC/USDT,BUY,2025-11-12 11:15,2025-11-12 11:15,105095.65,104222.59,-27.75,STOP_LOSS,75.0
T_0015_P10,BTC/USDT,SELL,2025-11-12 19:15,2025-11-12 19:15,101141.64,99492.16,15.54,PARTIAL_TP,75.0
T_0015,BTC/USDT,SELL,2025-11-12 19:15,2025-11-12 19:15,101141.64,98745.11,46.57,TAKE_PROFIT,75.0
T_0016,BTC/USDT,BUY,2025-11-23 04:15,2025-11-23 04:15,86472.99,85755.46,-28.31,STOP_LOSS,75.0
T_0017_P11,BTC/USDT,SELL,2025-11-24 14:45,2025-11-24 14:45,85562.86,84171.54,15.72,PARTIAL_TP,75.0
T_0017,BTC/USDT,SELL,2025-11-24 14:45,2025-11-24 14:45,85562.86,83533.31,47.32,TAKE_PROFIT,75.0
T_0018,BTC/USDT,BUY,2025-12-19 14:45,2025-12-19 14:45,88518.83,87780.25,-28.32,STOP_LOSS,80.0
T_0019,BTC/USDT,BUY,2026-01-12 02:45,2026-01-12 02:45,91943.8,91183.82,-28.33,STOP_LOSS,75.0
T_0020_P12,BTC/USDT,SELL,2026-01-15 19:45,2026-01-15 19:45,95393.53,93838.05,15.63,PARTIAL_TP,75.0
T_0020,BTC/USDT,SELL,2026-01-15 19:45,2026-01-15 19:45,95393.53,93132.64,46.86,TAKE_PROFIT,75.0
T_0021_P13,BTC/USDT,SELL,2026-01-16 14:45,2026-01-16 14:45,95218.91,93667.81,16.07,PARTIAL_TP,75.0
T_0021,BTC/USDT,SELL,2026-01-16 14:45,2026-01-16 14:45,95218.91,92957.09,48.34,TAKE_PROFIT,75.0
T_0022_P14,BTC/USDT,SELL,2026-01-20 20:15,2026-01-20 20:15,89385.21,87925.21,16.04,PARTIAL_TP,75.0
T_0022,BTC/USDT,SELL,2026-01-20 20:15,2026-01-20 20:15,89385.21,87265.74,48.04,TAKE_PROFIT,75.0
T_0023_P15,BTC/USDT,SELL,2026-01-23 14:45,2026-01-23 14:45,88956.27,87514.41,15.84,PARTIAL_TP,75.0
T_0023,BTC/USDT,SELL,2026-01-23 14:45,2026-01-23 14:45,88956.27,86845.12,47.86,TAKE_PROFIT,75.0
T_0024,BTC/USDT,BUY,2026-01-26 14:45,2026-01-26 14:45,88158.83,87427.42,-28.86,STOP_LOSS,80.0
T_0025_P16,BTC/USDT,SELL,2026-01-29 08:45,2026-01-29 08:45,88114.02,86681.68,16.19,PARTIAL_TP,75.0
T_0025,BTC/USDT,SELL,2026-01-29 08:45,2026-01-29 08:45,88114.02,86020.86,48.81,TAKE_PROFIT,75.0
T_0026_P17,BTC/USDT,SELL,2026-02-01 21:15,2026-02-01 21:15,76732.02,75455.78,16.84,PARTIAL_TP,75.0
T_0026,BTC/USDT,SELL,2026-02-01 21:15,2026-02-01 21:15,76732.02,74870.95,50.67,TAKE_PROFIT,75.0
T_0027_P18,BTC/USDT,SELL,2026-02-10 21:45,2026-02-10 21:45,68451.32,67333.46,15.09,PARTIAL_TP,75.0
T_0027,BTC/USDT,SELL,2026-02-10 21:45,2026-02-10 21:45,68451.32,66830.19,45.14,TAKE_PROFIT,75.0
T_0028_P19,BTC/USDT,SELL,2026-02-12 19:15,2026-02-12 19:15,65438.05,64255.69,17.16,PARTIAL_TP,75.0
T_0028,BTC/USDT,SELL,2026-02-12 19:15,2026-02-12 19:15,65438.05,63715.23,51.5,TAKE_PROFIT,75.0
T_0029,BTC/USDT,BUY,2026-02-17 02:15,2026-02-17 02:15,69136.31,68561.5,-27.09,STOP_LOSS,80.0
T_0030_P20,BTC/USDT,SELL,2026-02-23 17:15,2026-02-23 17:15,65069.7,64005.74,15.37,PARTIAL_TP,75.0
T_0030,BTC/USDT,SELL,2026-02-23 17:15,2026-02-23 17:15,65069.7,63529.47,45.89,TAKE_PROFIT,75.0
T_0031_P21,BTC/USDT,SELL,2026-02-23 20:15,2026-02-23 20:15,63951.86,62909.1,15.39,PARTIAL_TP,75.0
T_0031,BTC/USDT,SELL,2026-02-23 20:15,2026-02-23 20:15,63951.86,62438.68,46.06,TAKE_PROFIT,75.0
T_0032_P22,BTC/USDT,SELL,2026-02-27 18:15,2026-02-27 18:15,65538.8,64476.02,15.34,PARTIAL_TP,75.0
T_0032,BTC/USDT,SELL,2026-02-27 18:15,2026-02-27 18:15,65538.8,63981.85,46.38,TAKE_PROFIT,75.0
T_0033,BTC/USDT,BUY,2026-03-04 07:45,2026-03-04 07:45,68979.23,68409.17,-27.49,STOP_LOSS,75.0
T_0034,BTC/USDT,BUY,2026-03-04 17:15,2026-03-04 17:15,73558.68,72940.88,-27.74,STOP_LOSS,75.0
T_0035,BTC/USDT,BUY,2026-03-04 19:15,2026-03-04 19:15,73881.39,73269.54,-27.5,STOP_LOSS,75.0
T_0036_P23,BTC/USDT,SELL,2026-03-06 05:45,2026-03-06 05:45,70194.2,69055.76,15.36,PARTIAL_TP,75.0
T_0036,BTC/USDT,SELL,2026-03-06 05:45,2026-03-06 05:45,70194.2,68528.29,46.39,TAKE_PROFIT,75.0
T_0037_P24,BTC/USDT,SELL,2026-03-11 12:45,2026-03-11 12:45,69241.64,68114.38,15.57,PARTIAL_TP,75.0
T_0037,BTC/USDT,SELL,2026-03-11 12:45,2026-03-11 12:45,69241.64,67600.36,46.77,TAKE_PROFIT,75.0
T_0038,BTC/USDT,BUY,2026-03-23 14:15,2026-03-23 14:15,71535.59,70919.18,-28.96,STOP_LOSS,75.0
T_0039_P25,BTC/USDT,SELL,2026-03-27 17:45,2026-03-27 17:45,65621.36,64550.58,15.8,PARTIAL_TP,75.0
T_0039,BTC/USDT,SELL,2026-03-27 17:45,2026-03-27 17:45,65621.36,64065.44,47.36,TAKE_PROFIT,75.0
T_0040_P26,BTC/USDT,SELL,2026-04-07 14:45,2026-04-07 14:45,67989.29,66880.65,15.66,PARTIAL_TP,75.0
T_0040,BTC/USDT,SELL,2026-04-07 14:45,2026-04-07 14:45,67989.29,66377.95,46.96,TAKE_PROFIT,75.0
T_0041,BTC/USDT,BUY,2026-04-22 15:45,2026-04-22 15:45,79293.69,78635.95,-28.12,STOP_LOSS,75.0
T_0042_P27,BTC/USDT,SELL,2026-05-13 14:45,2026-05-13 14:45,79692.68,78388.72,15.97,PARTIAL_TP,75.0
T_0042,BTC/USDT,SELL,2026-05-13 14:45,2026-05-13 14:45,79692.68,77807.57,47.62,TAKE_PROFIT,75.0
T_0043_P28,BTC/USDT,SELL,2026-06-02 09:15,2026-06-02 09:15,69547.98,68419.12,15.94,PARTIAL_TP,75.0
T_0043,BTC/USDT,SELL,2026-06-02 09:15,2026-06-02 09:15,69547.98,67894.59,48.19,TAKE_PROFIT,75.0
T_0044_P29,BTC/USDT,SELL,2026-06-05 19:45,2026-06-05 19:45,59743.44,58272.9,23.49,PARTIAL_TP,75.0
T_0044,BTC/USDT,SELL,2026-06-05 19:45,2026-06-05 19:45,59743.44,57583.28,70.8,TAKE_PROFIT,75.0
T_0045,BTC/USDT,BUY,2026-06-07 05:45,2026-06-07 05:45,61883.03,61367.71,-27.11,STOP_LOSS,75.0
T_0046,BTC/USDT,BUY,2026-06-26 15:45,2026-06-26 15:45,60433.1,59930.12,-27.0,STOP_LOSS,75.0
T_0047,BTC/USDT,BUY,2026-07-20 18:15,2026-07-20 18:15,65763.87,65215.19,-27.04,STOP_LOSS,75.0
T_0048_P30,BTC/USDT,SELL,2026-07-23 15:15,2026-07-23 15:15,64761.28,63703.46,15.28,PARTIAL_TP,85.0
T_0048,BTC/USDT,SELL,2026-07-23 15:15,2026-07-23 15:15,64761.28,63225.76,45.75,TAKE_PROFIT,85.0
