id,day,side,entry,exit,sl,tp1,tp2,reason,pnl,r_multiple,is_win,capital_after,symbol
t_323_SELL,2025-09-22,SELL,114407.28,113366.41,114919.48,112870.67,112102.37,TRAILING_PROFIT,78.73,2.25,True,10078.73,BTCUSDT
t_323_SELL,2025-09-22,SELL,4336.27,4125.13,4383.19,4195.51,4125.13,TP2,127.45,3.641,True,10127.45,ETHUSDT
t_323_SELL,2025-09-22,SELL,232.27,218.31,235.37,222.96,218.31,TP2,128.19,3.662,True,10128.19,SOLUSDT
t_349_SELL,2025-09-23,SELL,214.1,218.8,218.8,199.99,192.94,SL,-37.38,-1.055,False,10090.8,SOLUSDT
t_374_SELL,2025-09-24,SELL,208.51,213.93,213.93,192.26,184.14,SL,-36.99,-1.047,False,10053.81,SOLUSDT
t_398_SELL,2025-09-25,SELL,4062.78,3902.62,4129.5,3862.62,3762.54,TRAILING_PROFIT,93.18,2.629,True,10220.63,ETHUSDT
t_408_SELL,2025-09-28,SELL,111000.0,111973.94,111973.94,108078.17,106617.25,SL,-40.12,-1.137,False,10038.61,BTCUSDT
t_399_SELL,2025-09-28,SELL,204.36,209.34,209.34,189.43,181.96,SL,-36.96,-1.05,False,10016.85,SOLUSDT
t_504_BUY,2025-10-01,BUY,113227.29,115416.42,112466.04,115511.04,116652.92,TRAILING_PROFIT,96.89,2.758,True,10135.5,BTCUSDT
t_553_BUY,2025-10-02,BUY,117292.74,120084.84,116279.87,120331.34,121850.64,TRAILING_PROFIT,97.12,2.738,True,10232.62,BTCUSDT
t_569_BUY,2025-10-02,BUY,4403.5,4336.53,4336.53,4604.42,4704.88,SL,-38.57,-1.078,False,10182.06,ETHUSDT
t_551_BUY,2025-10-03,BUY,218.5,231.87,214.07,231.8,238.44,TRAILING_PROFIT,103.33,2.947,True,10120.18,SOLUSDT
t_602_BUY,2025-10-05,BUY,122258.05,124441.19,121173.53,125511.62,127138.4,TRAILING_PROFIT,84.87,2.37,True,10317.49,BTCUSDT
t_642_BUY,2025-10-05,BUY,4605.97,4548.95,4548.95,4777.04,4862.57,SL,-39.07,-1.096,False,10142.99,ETHUSDT
t_677_BUY,2025-10-06,BUY,126011.18,124794.23,124794.23,129662.02,131487.44,SL,-40.58,-1.124,False,10276.91,BTCUSDT
t_672_BUY,2025-10-07,BUY,4637.87,4579.67,4579.67,4812.47,4899.77,SL,-38.87,-1.095,False,10104.12,ETHUSDT
t_739_SELL,2025-10-09,SELL,4328.0,4403.18,4403.18,4102.47,3989.71,SL,-37.83,-1.07,False,10066.29,ETHUSDT
t_747_SELL,2025-10-09,SELL,4277.34,4361.72,4361.72,4024.21,3897.65,SL,-37.4,-1.061,False,10028.89,ETHUSDT
t_775_SELL,2025-10-10,SELL,114266.82,105466.58,116222.43,108400.0,105466.58,TP2,132.44,3.682,True,10409.35,BTCUSDT
t_770_SELL,2025-10-10,SELL,4103.11,4101.58,4196.03,3824.36,3684.98,TRAILING_PROFIT,51.11,1.456,True,10080.0,ETHUSDT
t_770_SELL,2025-10-10,SELL,210.7,201.54,216.09,194.53,186.45,TRAILING_PROFIT,81.63,2.305,True,10201.81,SOLUSDT
t_861_SELL,2025-10-14,SELL,110623.58,112129.49,112129.49,106105.86,103847.01,SL,-39.67,-1.089,False,10369.69,BTCUSDT
t_914_SELL,2025-10-19,SELL,3907.18,4010.97,4010.97,3595.82,3440.13,SL,-36.9,-1.046,False,10043.11,ETHUSDT
t_918_SELL,2025-10-19,SELL,185.04,191.92,191.92,164.41,154.09,SL,-36.89,-1.033,False,10164.92,SOLUSDT
t_914_SELL,2025-10-20,SELL,108549.21,110341.96,110341.96,103170.97,100481.85,SL,-38.95,-1.073,False,10330.73,BTCUSDT
t_1064_SELL,2025-10-23,SELL,3744.69,3831.32,3831.32,3484.79,3354.84,SL,-36.99,-1.052,False,10006.11,ETHUSDT
t_1148_BUY,2025-10-26,BUY,112528.83,114065.98,111939.54,114296.69,115180.62,TRAILING_PROFIT,93.05,2.573,True,10423.78,BTCUSDT
t_1150_BUY,2025-10-26,BUY,4044.99,4125.27,4001.85,4174.42,4239.13,TRAILING_PROFIT,81.13,2.316,True,10087.24,ETHUSDT
t_1169_BUY,2025-10-27,BUY,116053.49,115084.47,115084.47,118960.55,120414.08,SL,-41.7,-1.143,False,10382.08,BTCUSDT
t_1164_BUY,2025-10-27,BUY,4191.81,4135.79,4135.79,4359.87,4443.9,SL,-38.45,-1.089,False,10048.78,ETHUSDT
t_1150_BUY,2025-10-27,BUY,197.75,202.78,195.31,205.07,208.73,TRAILING_PROFIT,86.51,2.432,True,10251.43,SOLUSDT
t_1239_SELL,2025-10-30,SELL,108575.27,110259.92,110259.92,103521.32,100994.35,SL,-39.17,-1.078,False,10342.91,BTCUSDT
t_1254_SELL,2025-10-30,SELL,179.06,184.44,184.44,162.91,154.83,SL,-37.31,-1.04,False,10214.12,SOLUSDT
t_1248_SELL,2025-10-31,SELL,107627.16,109365.67,109365.67,102411.62,99803.85,SL,-38.91,-1.075,False,10304.0,BTCUSDT
t_1247_SELL,2025-10-31,SELL,3818.28,3897.25,3897.25,3581.36,3462.89,SL,-37.23,-1.059,False,10011.55,ETHUSDT
t_1333_SELL,2025-11-03,SELL,109033.83,106710.7,109967.87,106231.7,104830.64,TRAILING_PROFIT,93.95,2.605,True,10397.95,BTCUSDT
t_1333_SELL,2025-11-03,SELL,3799.38,3643.72,3850.25,3646.78,3570.47,TRAILING_PROFIT,103.1,2.942,True,10114.65,ETHUSDT
t_1334_SELL,2025-11-03,SELL,177.57,170.2,181.29,166.4,160.82,TRAILING_PROFIT,87.0,2.434,True,10301.12,SOLUSDT
t_1360_SELL,2025-11-04,SELL,3492.08,3586.9,3586.9,3207.61,3065.38,SL,-36.99,-1.045,False,10077.66,ETHUSDT
t_1360_SELL,2025-11-04,SELL,157.69,163.28,163.28,140.92,132.54,SL,-37.31,-1.035,False,10263.81,SOLUSDT
t_1372_SELL,2025-11-05,SELL,3373.33,3305.11,3476.98,3062.37,2906.89,TRAILING_PROFIT,63.18,1.791,True,10140.84,ETHUSDT
t_1439_SELL,2025-11-07,SELL,3223.05,3302.85,3302.85,2983.64,2863.94,SL,-37.23,-1.049,False,10103.61,ETHUSDT
t_1439_SELL,2025-11-07,SELL,151.64,155.82,155.82,139.1,132.82,SL,-37.5,-1.044,False,10226.32,SOLUSDT
t_1360_SELL,2025-11-10,SELL,104215.76,106016.64,106016.64,98813.11,96111.78,SL,-38.94,-1.07,False,10359.01,BTCUSDT
t_1499_BUY,2025-11-10,BUY,3635.97,3564.58,3564.58,3850.15,3957.23,SL,-37.5,-1.06,False,10066.11,ETHUSDT
t_1562_SELL,2025-11-13,SELL,102173.51,103574.34,103574.34,97971.01,95869.75,SL,-39.45,-1.088,False,10319.56,BTCUSDT
t_1563_SELL,2025-11-13,SELL,152.79,156.96,156.96,140.28,134.03,SL,-37.39,-1.045,False,10188.93,SOLUSDT
t_1587_SELL,2025-11-14,SELL,100633.13,96542.93,102286.87,95671.91,93191.3,TRAILING_PROFIT,96.27,2.665,True,10415.82,BTCUSDT
t_1587_SELL,2025-11-16,SELL,3327.59,3112.07,3419.28,3052.51,2914.97,TRAILING_PROFIT,92.77,2.633,True,10158.88,ETHUSDT
t_1664_SELL,2025-11-17,SELL,93505.22,94800.85,94800.85,89618.32,87674.87,SL,-39.63,-1.087,False,10376.19,BTCUSDT
t_1588_SELL,2025-11-17,SELL,147.09,135.05,151.53,133.78,127.12,TRAILING_PROFIT,100.51,2.818,True,10289.43,SOLUSDT
t_1686_SELL,2025-11-18,SELL,2982.27,3077.35,3077.35,2697.02,2554.4,SL,-36.91,-1.038,False,10121.96,ETHUSDT
t_1686_SELL,2025-11-18,SELL,129.65,134.12,134.12,116.24,109.54,SL,-37.29,-1.035,False,10252.14,SOLUSDT
t_1732_SELL,2025-11-19,SELL,2922.85,3009.56,3009.56,2662.72,2532.66,SL,-36.88,-1.041,False,10085.08,ETHUSDT
t_1684_SELL,2025-11-20,SELL,92767.49,87734.16,94529.4,87481.77,84838.91,TRAILING_PROFIT,104.12,2.867,True,10480.31,BTCUSDT
t_1765_SELL,2025-11-23,SELL,85444.93,87398.9,87398.9,79583.03,76652.08,SL,-38.63,-1.053,False,10441.68,BTCUSDT
t_1770_SELL,2025-11-23,SELL,127.55,132.56,132.56,112.52,105.01,SL,-37.0,-1.031,False,10215.14,SOLUSDT
t_1755_SELL,2025-11-24,SELL,2862.68,2944.65,2944.65,2616.76,2493.8,SL,-36.8,-1.042,False,10048.29,ETHUSDT
t_1973_SELL,2025-11-30,SELL,135.69,137.56,137.56,130.09,127.29,SL,-38.97,-1.09,False,10176.17,SOLUSDT
t_1909_BUY,2025-12-01,BUY,91389.21,90101.04,90101.04,95253.72,97185.97,SL,-39.64,-1.085,False,10402.04,BTCUSDT
t_2018_SELL,2025-12-01,SELL,2745.72,2803.96,2803.96,2570.99,2483.62,SL,-37.18,-1.057,False,10011.11,ETHUSDT
t_2007_SELL,2025-12-02,SELL,85801.03,87003.32,87003.32,82194.17,80390.73,SL,-39.55,-1.086,False,10362.5,BTCUSDT
t_2003_SELL,2025-12-02,SELL,127.57,130.55,130.55,118.64,114.17,SL,-37.51,-1.053,False,10138.66,SOLUSDT
t_2073_BUY,2025-12-04,BUY,3189.22,3122.82,3122.82,3388.41,3488.0,SL,-37.04,-1.057,False,9974.07,ETHUSDT
t_2072_BUY,2025-12-04,BUY,145.49,142.27,142.27,155.15,159.98,SL,-37.4,-1.054,False,10101.26,SOLUSDT
t_2164_BUY,2025-12-07,BUY,3112.96,3048.02,3048.02,3307.77,3405.17,SL,-36.9,-1.057,False,9937.17,ETHUSDT
t_2115_SELL,2025-12-07,SELL,132.2,135.43,135.43,122.52,117.68,SL,-37.14,-1.051,False,10064.12,SOLUSDT
t_2210_BUY,2025-12-11,BUY,92707.51,91453.42,91453.42,96469.77,98350.9,SL,-39.46,-1.088,False,10323.03,BTCUSDT
t_2210_BUY,2025-12-11,BUY,3245.88,3303.61,3182.16,3437.04,3532.62,TRAILING_PROFIT,65.76,1.891,True,10002.93,ETHUSDT
t_2326_SELL,2025-12-15,SELL,89360.0,88719.0,89907.31,87718.07,86897.1,TRAILING_PROFIT,68.32,1.891,True,10391.35,BTCUSDT
t_2332_SELL,2025-12-15,SELL,130.04,131.83,131.83,124.67,121.99,SL,-38.34,-1.088,False,10025.77,SOLUSDT
t_2354_SELL,2025-12-16,SELL,87033.22,88125.1,88125.1,83757.57,82119.74,SL,-39.87,-1.096,False,10351.48,BTCUSDT
t_2354_SELL,2025-12-16,SELL,126.89,129.75,129.75,118.3,114.0,SL,-36.93,-1.052,False,9988.85,SOLUSDT
t_2403_SELL,2025-12-18,SELL,2864.29,2942.07,2942.07,2630.95,2514.27,SL,-36.58,-1.045,False,9966.35,ETHUSDT
t_2404_SELL,2025-12-18,SELL,123.06,127.03,127.03,111.16,105.21,SL,-36.31,-1.039,False,9952.54,SOLUSDT
t_2430_SELL,2025-12-19,SELL,84483.79,86210.9,86210.9,79302.46,76711.79,SL,-38.38,-1.059,False,10313.1,BTCUSDT
t_2430_SELL,2025-12-19,SELL,2781.93,2862.51,2862.51,2540.18,2419.3,SL,-36.35,-1.042,False,9930.01,ETHUSDT
t_2430_SELL,2025-12-19,SELL,117.56,121.51,121.51,105.7,99.77,SL,-36.06,-1.035,False,9916.47,SOLUSDT
t_2518_BUY,2025-12-22,BUY,89945.43,89146.87,89146.87,92341.11,93538.95,SL,-40.95,-1.135,False,10272.15,BTCUSDT
t_2545_SELL,2025-12-23,SELL,86874.0,87797.68,87797.68,84102.95,82717.43,SL,-40.03,-1.113,False,10232.12,BTCUSDT
t_2544_SELL,2025-12-23,SELL,2941.82,2981.84,2981.84,2821.77,2761.75,SL,-37.85,-1.089,False,9892.16,ETHUSDT
t_2544_SELL,2025-12-23,SELL,123.34,125.18,125.18,117.81,115.04,SL,-37.44,-1.079,False,9879.04,SOLUSDT
t_2602_SELL,2025-12-26,SELL,120.06,121.81,121.81,114.8,112.17,SL,-37.39,-1.081,False,9841.65,SOLUSDT
t_2674_BUY,2025-12-29,BUY,125.27,127.41,124.02,129.03,130.91,TRAILING_PROFIT,76.87,2.232,True,9918.51,SOLUSDT
t_2780_BUY,2026-01-02,BUY,89467.32,88910.06,88910.06,91139.1,91974.99,SL,-42.69,-1.192,False,10189.43,BTCUSDT
t_2780_BUY,2026-01-02,BUY,3048.15,3021.32,3021.32,3128.63,3168.88,SL,-39.32,-1.136,False,9852.84,ETHUSDT
t_2787_BUY,2026-01-03,BUY,90376.05,89396.05,89396.05,93316.06,94786.07,SL,-39.59,-1.11,False,10149.84,BTCUSDT
t_2787_BUY,2026-01-03,BUY,3132.22,3086.54,3086.54,3269.25,3337.77,SL,-37.3,-1.082,False,9815.53,ETHUSDT
t_2819_BUY,2026-01-04,BUY,3157.75,3129.26,3129.26,3243.22,3285.95,SL,-38.9,-1.132,False,9776.63,ETHUSDT
t_2819_BUY,2026-01-05,BUY,91341.47,92492.93,90705.61,93249.04,94202.83,TRAILING_PROFIT,79.28,2.232,True,10229.12,BTCUSDT
t_2843_BUY,2026-01-05,BUY,3168.19,3140.28,3140.28,3251.91,3293.78,SL,-38.86,-1.136,False,9737.77,ETHUSDT
t_2857_BUY,2026-01-06,BUY,93428.0,92598.6,92598.6,95916.21,97160.32,SL,-40.62,-1.135,False,10188.5,BTCUSDT
t_2863_BUY,2026-01-06,BUY,3241.93,3190.58,3190.58,3395.97,3472.98,SL,-36.65,-1.075,False,9701.12,ETHUSDT
t_2819_BUY,2026-01-06,BUY,134.57,137.14,132.89,139.62,142.14,TRAILING_PROFIT,75.21,2.167,True,9993.72,SOLUSDT
t_2881_BUY,2026-01-06,BUY,142.0,139.44,139.44,149.67,153.51,SL,-37.33,-1.067,False,9956.39,SOLUSDT
t_2929_SELL,2026-01-08,SELL,3077.4,3127.74,3127.74,2926.37,2850.86,SL,-36.46,-1.074,False,9664.66,ETHUSDT
t_2942_BUY,2026-01-09,BUY,140.81,138.04,138.04,149.13,153.3,SL,-36.89,-1.059,False,9919.51,SOLUSDT
t_3013_BUY,2026-01-12,BUY,3157.65,3124.04,3124.04,3258.47,3308.88,SL,-37.62,-1.112,False,9627.03,ETHUSDT
t_3050_BUY,2026-01-13,BUY,3184.41,3291.8,3144.14,3305.23,3365.64,TRAILING_PROFIT,92.21,2.737,True,9719.25,ETHUSDT
t_3050_BUY,2026-01-14,BUY,93449.99,95758.7,92431.27,96506.16,98034.25,TRAILING_PROFIT,89.92,2.521,True,10278.41,BTCUSDT
t_3075_BUY,2026-01-14,BUY,3370.26,3315.79,3315.79,3533.67,3615.37,SL,-36.52,-1.074,False,9682.72,ETHUSDT
t_3057_BUY,2026-01-14,BUY,146.96,143.97,143.97,155.92,160.4,SL,-36.77,-1.059,False,9882.73,SOLUSDT
t_3075_BUY,2026-01-15,BUY,97293.24,96112.5,96112.5,100835.45,102606.56,SL,-39.51,-1.098,False,10238.9,BTCUSDT
t_3173_BUY,2026-01-18,BUY,3361.85,3338.07,3338.07,3433.18,3468.85,SL,-39.62,-1.169,False,9643.1,ETHUSDT
t_3208_SELL,2026-01-20,SELL,91624.18,90451.22,92350.05,89446.57,88357.77,TRAILING_PROFIT,77.33,2.158,True,10316.23,BTCUSDT
t_3209_SELL,2026-01-20,SELL,3116.91,3042.81,3156.46,2998.27,2938.95,TRAILING_PROFIT,79.1,2.344,True,9722.2,ETHUSDT
t_3225_SELL,2026-01-21,SELL,88509.18,89637.21,89637.21,85125.08,83433.03,SL,-39.53,-1.095,False,10276.7,BTCUSDT
t_3243_SELL,2026-01-21,SELL,87602.4,88997.53,88997.53,83417.02,81324.32,SL,-38.7,-1.076,False,10238.0,BTCUSDT
t_3225_SELL,2026-01-21,SELL,2951.54,3006.18,3006.18,2787.62,2705.66,SL,-36.25,-1.065,False,9685.95,ETHUSDT
t_3211_SELL,2026-01-21,SELL,129.09,131.09,131.09,123.09,120.09,SL,-37.29,-1.078,False,9845.45,SOLUSDT
t_3331_SELL,2026-01-25,SELL,88300.01,88751.72,88751.72,86944.89,86267.32,SL,-44.26,-1.235,False,10193.74,BTCUSDT
t_3339_SELL,2026-01-25,SELL,88077.26,87030.5,88649.68,86360.0,85501.37,TRAILING_PROFIT,79.6,2.231,True,10273.35,BTCUSDT
t_3339_SELL,2026-01-25,SELL,2896.98,2838.99,2924.27,2815.12,2774.19,TRAILING_PROFIT,82.61,2.437,True,9768.56,ETHUSDT
t_3339_SELL,2026-01-25,SELL,122.78,119.38,124.25,118.37,116.17,TRAILING_PROFIT,88.26,2.561,True,9933.71,SOLUSDT
t_3433_SELL,2026-01-29,SELL,87014.4,85708.03,87894.63,84373.71,83053.37,TRAILING_PROFIT,76.4,2.125,True,10349.75,BTCUSDT
t_3391_BUY,2026-01-29,BUY,3020.77,2963.22,2963.22,3193.41,3279.73,SL,-36.33,-1.062,False,9732.23,ETHUSDT
t_3433_SELL,2026-01-30,SELL,2876.28,2790.55,2917.56,2752.43,2690.51,TRAILING_PROFIT,83.66,2.456,True,9815.89,ETHUSDT
t_3433_SELL,2026-01-30,SELL,120.37,117.09,122.14,115.07,112.43,TRAILING_PROFIT,81.66,2.349,True,10015.37,SOLUSDT
t_3436_SELL,2026-01-31,SELL,84261.66,81282.35,85605.93,80228.84,78212.42,TRAILING_PROFIT,91.81,2.534,True,10441.56,BTCUSDT
t_3481_SELL,2026-01-31,SELL,2538.69,2253.85,2601.99,2348.8,2253.85,TP2,127.26,3.704,True,9943.15,ETHUSDT
t_3481_SELL,2026-01-31,SELL,109.14,104.82,112.16,100.08,95.55,TRAILING_PROFIT,76.2,2.174,True,10091.57,SOLUSDT
t_3557_SELL,2026-02-03,SELL,2120.65,2202.2,2202.2,1875.99,1753.66,SL,-35.91,-1.032,False,9907.25,ETHUSDT
t_3485_SELL,2026-02-04,SELL,78038.38,73732.67,79950.43,72302.24,69434.17,TRAILING_PROFIT,94.23,2.579,True,10535.79,BTCUSDT
t_3589_SELL,2026-02-05,SELL,71454.44,65504.71,73441.65,65492.8,62511.98,TRAILING_PROFIT,108.99,2.956,True,10644.78,BTCUSDT
t_3574_SELL,2026-02-05,SELL,96.11,87.41,99.08,87.19,82.73,TRAILING_PROFIT,103.29,2.924,True,10194.86,SOLUSDT
t_3602_SELL,2026-02-06,SELL,1961.12,2056.1,2056.1,1676.19,1533.72,SL,-35.56,-1.025,False,9871.69,ETHUSDT
t_3604_SELL,2026-02-06,SELL,82.7,79.43,87.05,69.65,63.13,TRAILING_PROFIT,66.15,1.854,True,10261.02,SOLUSDT
t_3693_SELL,2026-02-09,SELL,83.23,85.62,85.62,76.05,72.46,SL,-37.37,-1.041,False,10223.65,SOLUSDT
t_3735_SELL,2026-02-11,SELL,67584.46,68816.61,68816.61,63888.01,62039.78,SL,-39.73,-1.066,False,10605.05,BTCUSDT
t_3737_SELL,2026-02-11,SELL,80.87,82.83,82.83,75.0,72.07,SL,-37.66,-1.053,False,10185.98,SOLUSDT
t_3772_SELL,2026-02-13,SELL,65413.99,66775.47,66775.47,61329.55,59287.32,SL,-39.28,-1.058,False,10565.77,BTCUSDT
t_3735_SELL,2026-02-13,SELL,1971.39,2016.23,2016.23,1836.86,1769.6,SL,-36.39,-1.053,False,9835.3,ETHUSDT
t_3772_SELL,2026-02-13,SELL,77.9,79.91,79.91,71.86,68.84,SL,-37.25,-1.045,False,10148.73,SOLUSDT
t_3834_BUY,2026-02-15,BUY,70828.42,69955.65,69955.65,73446.72,74755.88,SL,-40.56,-1.097,False,10525.21,BTCUSDT
t_3819_BUY,2026-02-15,BUY,88.12,86.53,86.53,92.88,95.27,SL,-37.91,-1.067,False,10110.82,SOLUSDT
t_3866_SELL,2026-02-16,SELL,67539.52,68683.24,68683.24,64108.36,62392.78,SL,-39.47,-1.071,False,10485.74,BTCUSDT
t_3846_SELL,2026-02-16,SELL,1942.23,1986.22,1986.22,1810.25,1744.26,SL,-36.26,-1.053,False,9799.03,ETHUSDT
t_3864_SELL,2026-02-16,SELL,84.17,86.22,86.22,78.03,74.97,SL,-37.24,-1.052,False,10073.58,SOLUSDT
t_3889_SELL,2026-02-17,SELL,66875.06,67882.23,67882.23,63853.54,62342.79,SL,-39.65,-1.08,False,10446.09,BTCUSDT
t_3918_SELL,2026-02-19,SELL,1941.03,1981.13,1981.13,1820.74,1760.59,SL,-36.31,-1.059,False,9762.72,ETHUSDT
t_3936_SELL,2026-02-19,SELL,1921.4,1952.17,1952.17,1829.08,1782.91,SL,-36.74,-1.075,False,9725.98,ETHUSDT
t_3917_SELL,2026-02-20,SELL,66359.99,67395.31,67395.31,63254.02,61701.03,SL,-39.4,-1.078,False,10406.7,BTCUSDT
t_3917_SELL,2026-02-20,SELL,81.28,83.1,83.1,75.83,73.11,SL,-37.26,-1.057,False,10036.32,SOLUSDT
t_3985_BUY,2026-02-22,BUY,86.3,85.04,85.04,90.07,91.96,SL,-38.09,-1.084,False,9998.23,SOLUSDT
t_4019_SELL,2026-02-23,SELL,66740.47,64978.28,67290.75,65089.64,64264.22,TRAILING_PROFIT,107.72,2.958,True,10514.42,BTCUSDT
t_4019_SELL,2026-02-23,SELL,1929.42,1876.94,1950.47,1866.27,1834.7,TRAILING_PROFIT,89.81,2.638,True,9815.79,ETHUSDT
t_4018_SELL,2026-02-23,SELL,82.79,79.05,83.86,79.57,77.97,TRAILING_PROFIT,110.41,3.155,True,10108.64,SOLUSDT
t_4079_BUY,2026-02-25,BUY,83.68,91.44,81.96,88.85,91.44,TP2,130.55,3.69,True,10239.19,SOLUSDT
t_4083_BUY,2026-02-26,BUY,2046.33,2002.05,2002.05,2179.16,2245.57,SL,-36.24,-1.055,False,9779.55,ETHUSDT
t_4145_SELL,2026-02-28,SELL,63216.01,64275.33,64275.33,60038.05,58449.07,SL,-39.46,-1.072,False,10474.96,BTCUSDT
t_4131_SELL,2026-02-28,SELL,1927.15,1970.07,1970.07,1798.38,1733.99,SL,-36.09,-1.054,False,9743.46,ETHUSDT
t_4131_SELL,2026-02-28,SELL,81.37,83.43,83.43,75.18,72.09,SL,-37.5,-1.046,False,10201.69,SOLUSDT
t_4250_BUY,2026-03-05,BUY,2150.23,2091.38,2091.38,2326.78,2415.05,SL,-35.58,-1.043,False,9707.88,ETHUSDT
t_4243_BUY,2026-03-06,BUY,71011.4,69464.58,69464.58,75651.87,77972.1,SL,-38.66,-1.054,False,10436.3,BTCUSDT
t_4244_BUY,2026-03-06,BUY,90.53,87.78,87.78,98.77,102.89,SL,-37.14,-1.04,False,10164.55,SOLUSDT
t_4326_SELL,2026-03-08,SELL,67080.34,67767.2,67767.2,65019.76,63989.47,SL,-40.83,-1.118,False,10395.47,BTCUSDT
t_4326_SELL,2026-03-08,SELL,82.53,83.75,83.75,78.88,77.06,SL,-38.62,-1.086,False,10125.92,SOLUSDT
t_4353_SELL,2026-03-09,SELL,66236.8,67178.01,67178.01,63413.16,62001.35,SL,-39.48,-1.085,False,10355.99,BTCUSDT
t_4326_SELL,2026-03-09,SELL,1955.2,1980.67,1980.67,1878.78,1840.57,SL,-37.12,-1.093,False,9670.75,ETHUSDT
t_4393_BUY,2026-03-10,BUY,2075.19,2029.4,2029.4,2212.56,2281.24,SL,-35.67,-1.054,False,9635.08,ETHUSDT
t_4393_BUY,2026-03-10,BUY,88.1,86.05,86.05,94.26,97.34,SL,-37.2,-1.05,False,10088.72,SOLUSDT
t_4381_BUY,2026-03-11,BUY,70272.01,69015.63,69015.63,74041.15,75925.72,SL,-38.66,-1.067,False,10317.34,BTCUSDT
t_4451_BUY,2026-03-14,BUY,2119.19,2073.48,2073.48,2256.32,2324.89,SL,-35.58,-1.055,False,9599.51,ETHUSDT
t_4451_BUY,2026-03-14,BUY,89.78,87.59,87.59,96.35,99.63,SL,-37.04,-1.049,False,10051.68,SOLUSDT
t_4519_BUY,2026-03-16,BUY,2129.05,2206.31,2103.03,2207.12,2246.15,TRAILING_PROFIT,96.92,2.885,True,9696.42,ETHUSDT
t_4520_BUY,2026-03-16,BUY,90.0,91.88,88.74,93.78,95.67,TRAILING_PROFIT,75.89,2.157,True,10127.57,SOLUSDT
t_4451_BUY,2026-03-17,BUY,71475.61,74836.32,70313.72,74961.27,76704.1,TRAILING_PROFIT,103.66,2.871,True,10421.0,BTCUSDT
t_4528_BUY,2026-03-18,BUY,2280.47,2233.35,2233.35,2421.82,2492.5,SL,-35.89,-1.058,False,9660.53,ETHUSDT
t_4602_SELL,2026-03-20,SELL,70191.17,71166.24,71166.24,67265.97,65803.37,SL,-39.65,-1.087,False,10381.35,BTCUSDT
t_4607_SELL,2026-03-20,SELL,88.11,89.75,89.75,83.18,80.72,SL,-37.68,-1.063,False,10089.89,SOLUSDT
t_4666_SELL,2026-03-22,SELL,2084.87,2111.21,2111.21,2005.86,1966.35,SL,-37.05,-1.096,False,9623.49,ETHUSDT
t_4666_SELL,2026-03-22,SELL,87.56,88.71,88.71,84.12,82.4,SL,-38.71,-1.096,False,10051.18,SOLUSDT
t_4666_SELL,2026-03-23,SELL,68918.12,69598.9,69598.9,66875.79,65854.62,SL,-40.77,-1.122,False,10340.58,BTCUSDT
t_4688_SELL,2026-03-23,SELL,2045.96,2076.52,2076.52,1954.27,1908.42,SL,-36.4,-1.081,False,9587.08,ETHUSDT
t_4688_SELL,2026-03-23,SELL,85.99,87.22,87.22,82.29,80.43,SL,-38.01,-1.08,False,10013.17,SOLUSDT
t_4780_SELL,2026-03-26,SELL,68486.86,69389.81,69389.81,65778.01,64423.58,SL,-39.51,-1.092,False,10301.07,BTCUSDT
t_4795_SELL,2026-03-29,SELL,67920.5,66328.74,68796.89,65291.33,63976.75,TRAILING_PROFIT,83.52,2.317,True,10384.59,BTCUSDT
t_4780_SELL,2026-03-29,SELL,2049.41,1992.08,2082.67,1949.62,1899.73,TRAILING_PROFIT,76.81,2.289,True,9663.9,ETHUSDT
t_4781_SELL,2026-03-29,SELL,86.06,82.86,87.52,81.69,79.51,TRAILING_PROFIT,88.73,2.532,True,10101.9,SOLUSDT
t_4857_SELL,2026-03-30,SELL,80.94,82.26,82.26,76.98,75.0,SL,-37.98,-1.074,False,10063.92,SOLUSDT
t_4913_BUY,2026-04-01,BUY,69102.85,68063.49,68063.49,72220.94,73779.99,SL,-39.22,-1.079,False,10345.37,BTCUSDT
t_4913_BUY,2026-04-01,BUY,2151.23,2109.56,2109.56,2276.23,2338.72,SL,-35.9,-1.061,False,9628.0,ETHUSDT
t_4943_SELL,2026-04-02,SELL,66052.71,66890.44,66890.44,63539.53,62282.94,SL,-39.66,-1.095,False,10305.71,BTCUSDT
t_4932_SELL,2026-04-04,SELL,79.34,81.41,81.41,73.12,70.0,SL,-36.78,-1.044,False,10027.14,SOLUSDT
t_5009_SELL,2026-04-05,SELL,2038.32,2053.16,2053.16,1993.81,1971.55,SL,-39.28,-1.166,False,9588.72,ETHUSDT
t_5015_SELL,2026-04-05,SELL,79.0,79.78,79.78,76.66,75.5,SL,-30.72,-0.875,False,9996.43,SOLUSDT
t_5036_BUY,2026-04-06,BUY,69728.0,68996.82,68996.82,71921.55,73018.33,SL,-40.18,-1.114,False,10265.54,BTCUSDT
t_5036_BUY,2026-04-06,BUY,2150.97,2120.33,2120.33,2242.89,2288.85,SL,-36.37,-1.084,False,9552.35,ETHUSDT
t_5163_BUY,2026-04-11,BUY,2258.68,2296.12,2235.16,2329.24,2364.52,TRAILING_PROFIT,72.87,2.179,True,9625.21,ETHUSDT
t_5166_BUY,2026-04-11,BUY,86.01,84.95,84.95,89.19,90.79,SL,-38.31,-1.095,False,9958.11,SOLUSDT
t_5185_SELL,2026-04-12,SELL,81.56,82.63,82.63,78.35,76.74,SL,-38.01,-1.09,False,9920.11,SOLUSDT
t_5073_BUY,2026-04-13,BUY,71514.09,73949.33,70448.66,74710.37,76308.52,TRAILING_PROFIT,92.0,2.561,True,10357.54,BTCUSDT
t_5232_BUY,2026-04-14,BUY,75525.94,74702.25,74702.25,77997.0,79232.53,SL,-40.22,-1.109,False,10317.32,BTCUSDT
t_5217_BUY,2026-04-14,BUY,2352.74,2306.07,2306.07,2492.74,2562.73,SL,-35.71,-1.06,False,9589.5,ETHUSDT
t_5217_BUY,2026-04-14,BUY,86.22,84.66,84.66,90.9,93.24,SL,-37.01,-1.066,False,9883.09,SOLUSDT
t_5299_BUY,2026-04-17,BUY,75780.38,77129.38,74952.73,78263.34,79504.82,TRAILING_PROFIT,79.58,2.204,True,10396.9,BTCUSDT
t_5304_BUY,2026-04-18,BUY,2437.05,2394.45,2394.45,2564.84,2628.73,SL,-35.85,-1.068,False,9553.65,ETHUSDT
t_5282_BUY,2026-04-19,BUY,86.62,85.09,85.09,91.21,93.5,SL,-36.93,-1.068,False,9846.17,SOLUSDT
t_5359_SELL,2026-04-20,SELL,2280.61,2311.11,2311.11,2189.11,2143.36,SL,-36.46,-1.09,False,9517.2,ETHUSDT
t_5381_BUY,2026-04-21,BUY,76423.69,75447.56,75447.56,79352.08,80816.27,SL,-39.79,-1.093,False,10357.11,BTCUSDT
t_5413_BUY,2026-04-23,BUY,2370.34,2331.35,2331.35,2487.31,2545.79,SL,-35.72,-1.072,False,9481.47,ETHUSDT
t_5416_BUY,2026-04-23,BUY,88.02,86.63,86.63,92.19,94.27,SL,-37.08,-1.076,False,9809.08,SOLUSDT
t_5413_BUY,2026-04-27,BUY,77604.71,76532.27,76532.27,80822.04,82430.71,SL,-39.38,-1.086,False,10317.74,BTCUSDT
t_5521_BUY,2026-04-27,BUY,2346.2,2374.22,2331.32,2390.84,2413.16,TRAILING_PROFIT,74.69,2.251,True,9556.17,ETHUSDT
t_5546_SELL,2026-04-27,SELL,2275.07,2306.24,2306.24,2181.56,2134.8,SL,-36.4,-1.088,False,9519.77,ETHUSDT
t_5531_BUY,2026-04-27,BUY,87.35,86.48,86.48,89.97,91.28,SL,-33.45,-0.974,False,9775.63,SOLUSDT
t_5566_SELL,2026-04-29,SELL,76229.0,76903.72,76903.72,74204.83,73192.74,SL,-41.03,-1.136,False,10276.71,BTCUSDT
t_5546_SELL,2026-04-29,SELL,84.17,85.3,85.3,80.77,79.08,SL,-37.22,-1.088,False,9738.41,SOLUSDT
t_5597_SELL,2026-04-30,SELL,2239.41,2276.88,2276.88,2126.99,2070.78,SL,-35.73,-1.072,False,9484.05,ETHUSDT
t_5597_SELL,2026-04-30,SELL,82.3,83.56,83.56,78.51,76.62,SL,-36.69,-1.077,False,9701.72,SOLUSDT
t_5672_BUY,2026-05-03,BUY,2325.62,2309.71,2309.71,2373.36,2397.23,SL,-38.99,-1.175,False,9445.06,ETHUSDT
t_5639_BUY,2026-05-04,BUY,77896.01,79662.54,77228.93,79897.24,80897.85,TRAILING_PROFIT,96.48,2.682,True,10373.19,BTCUSDT
t_5701_BUY,2026-05-04,BUY,2374.73,2344.02,2344.02,2466.85,2512.91,SL,-36.11,-1.092,False,9408.95,ETHUSDT
t_5756_BUY,2026-05-06,BUY,2412.76,2382.94,2382.94,2502.21,2546.94,SL,-36.11,-1.097,False,9372.84,ETHUSDT
t_5742_BUY,2026-05-06,BUY,86.49,88.7,85.57,89.26,90.65,TRAILING_PROFIT,81.03,2.386,True,9782.74,SOLUSDT
t_5736_BUY,2026-05-07,BUY,81330.0,80565.98,80565.98,83622.05,84768.07,SL,-40.92,-1.127,False,10332.26,BTCUSDT
t_5778_BUY,2026-05-07,BUY,90.16,88.8,88.8,94.23,96.26,SL,-37.05,-1.082,False,9745.69,SOLUSDT
t_5785_SELL,2026-05-09,SELL,2298.98,2326.63,2326.63,2216.03,2174.56,SL,-36.1,-1.1,False,9336.74,ETHUSDT
t_5858_BUY,2026-05-10,BUY,81418.01,81046.83,81046.83,82531.54,83088.3,SL,-45.66,-1.263,False,10286.6,BTCUSDT
t_5858_BUY,2026-05-10,BUY,2347.56,2332.89,2332.89,2391.58,2413.59,SL,-38.92,-1.191,False,9297.81,ETHUSDT
t_5812_BUY,2026-05-10,BUY,91.65,95.7,90.25,95.85,97.94,TRAILING_PROFIT,97.83,2.868,True,9843.53,SOLUSDT
t_5865_BUY,2026-05-11,BUY,82044.49,81338.36,81338.36,84162.87,85222.07,SL,-41.0,-1.139,False,10245.6,BTCUSDT
t_5865_BUY,2026-05-11,BUY,2373.78,2345.23,2345.23,2459.44,2502.27,SL,-35.76,-1.099,False,9262.05,ETHUSDT
t_5883_BUY,2026-05-12,BUY,97.35,95.56,95.56,102.71,105.38,SL,-36.77,-1.067,False,9806.75,SOLUSDT
t_5899_SELL,2026-05-13,SELL,2288.01,2311.65,2311.65,2217.1,2181.65,SL,-36.21,-1.117,False,9225.84,ETHUSDT
t_5930_SELL,2026-05-13,SELL,2236.49,2266.41,2266.41,2146.73,2101.85,SL,-35.21,-1.09,False,9190.64,ETHUSDT
t_5942_SELL,2026-05-14,SELL,89.93,91.2,91.2,86.12,84.22,SL,-37.27,-1.086,False,9769.48,SOLUSDT
t_5976_SELL,2026-05-17,SELL,2213.68,2148.35,2243.57,2124.0,2079.17,TRAILING_PROFIT,80.59,2.505,True,9271.23,ETHUSDT
t_5976_SELL,2026-05-17,SELL,88.9,85.99,90.35,84.54,82.36,TRAILING_PROFIT,83.06,2.429,True,9852.54,SOLUSDT
t_5994_SELL,2026-05-18,SELL,78369.77,76908.89,78985.63,76522.19,75598.4,TRAILING_PROFIT,90.9,2.535,True,10336.5,BTCUSDT
t_6053_SELL,2026-05-18,SELL,2081.32,2113.31,2113.31,1985.35,1937.36,SL,-35.0,-1.079,False,9236.23,ETHUSDT
t_6149_SELL,2026-05-23,SELL,76537.47,75029.03,77158.65,74673.92,73742.15,TRAILING_PROFIT,92.9,2.568,True,10429.41,BTCUSDT
t_6149_SELL,2026-05-23,SELL,2099.99,2046.01,2122.57,2032.25,1998.38,TRAILING_PROFIT,83.58,2.585,True,9319.81,ETHUSDT
t_6162_SELL,2026-05-23,SELL,82.25,83.59,83.59,78.22,76.2,SL,-36.92,-1.071,False,9815.62,SOLUSDT
t_6217_BUY,2026-05-25,BUY,77714.0,77155.98,77155.98,79388.07,80225.11,SL,-42.58,-1.167,False,10386.83,BTCUSDT
t_6244_SELL,2026-05-28,SELL,75935.08,73821.53,76813.2,73300.73,71983.55,TRAILING_PROFIT,94.57,2.601,True,10481.39,BTCUSDT
t_6377_SELL,2026-06-01,SELL,73135.74,71653.1,73726.77,71362.66,70476.12,TRAILING_PROFIT,95.65,2.607,True,10577.05,BTCUSDT
t_6244_SELL,2026-06-01,SELL,83.59,80.66,84.93,79.57,77.57,TRAILING_PROFIT,86.68,2.523,True,9902.3,SOLUSDT
t_6404_SELL,2026-06-02,SELL,69426.01,67173.11,70273.31,66884.1,65613.14,TRAILING_PROFIT,101.17,2.733,True,10678.22,BTCUSDT
t_6272_SELL,2026-06-02,SELL,2021.04,1961.01,2050.53,1932.57,1888.34,TRAILING_PROFIT,79.5,2.437,True,9399.3,ETHUSDT
t_6404_SELL,2026-06-02,SELL,79.1,74.96,80.4,75.19,73.24,TRAILING_PROFIT,104.72,3.021,True,10007.02,SOLUSDT
t_6422_SELL,2026-06-03,SELL,65849.9,67048.69,67048.69,62253.52,60455.32,SL,-39.86,-1.067,False,10638.36,BTCUSDT
t_6422_SELL,2026-06-03,SELL,72.71,74.77,74.77,66.52,63.43,SL,-36.49,-1.042,False,9970.53,SOLUSDT
t_6439_SELL,2026-06-04,SELL,65007.27,64297.88,66119.06,61671.91,60004.23,TRAILING_PROFIT,65.16,1.75,True,10703.51,BTCUSDT
t_6417_SELL,2026-06-04,SELL,1868.77,1803.64,1909.42,1746.81,1685.82,TRAILING_PROFIT,73.93,2.247,True,9473.23,ETHUSDT
t_6472_SELL,2026-06-05,SELL,1684.16,1615.45,1732.06,1540.47,1468.63,TRAILING_PROFIT,72.16,2.176,True,9545.39,ETHUSDT
t_6438_SELL,2026-06-05,SELL,71.99,67.75,73.91,66.23,63.36,TRAILING_PROFIT,89.39,2.562,True,10059.93,SOLUSDT
t_6480_SELL,2026-06-07,SELL,60732.36,62386.7,62386.7,55769.35,53287.84,SL,-39.14,-1.045,False,10664.38,BTCUSDT
t_6495_SELL,2026-06-07,SELL,60.88,63.69,63.69,52.45,48.23,SL,-36.13,-1.026,False,10023.8,SOLUSDT
t_6578_SELL,2026-06-09,SELL,61131.84,62076.5,62076.5,58297.87,56880.89,SL,-40.25,-1.078,False,10624.13,BTCUSDT
t_6680_BUY,2026-06-14,BUY,64471.04,64011.96,64011.96,65848.28,66536.89,SL,-43.43,-1.168,False,10580.7,BTCUSDT
t_6680_BUY,2026-06-14,BUY,69.27,68.3,68.3,72.19,73.65,SL,-36.93,-1.053,False,9986.87,SOLUSDT
t_6704_BUY,2026-06-15,BUY,65311.59,66803.78,64717.42,67094.09,67985.34,TRAILING_PROFIT,97.1,2.622,True,10677.81,BTCUSDT
t_6717_BUY,2026-06-15,BUY,1737.77,1794.45,1716.88,1800.43,1831.76,TRAILING_PROFIT,92.05,2.755,True,9637.44,ETHUSDT
t_6722_BUY,2026-06-15,BUY,1845.53,1813.76,1813.76,1940.85,1988.51,SL,-36.06,-1.069,False,9601.39,ETHUSDT
t_6717_BUY,2026-06-15,BUY,71.88,74.31,70.75,75.26,76.95,TRAILING_PROFIT,87.36,2.499,True,10074.23,SOLUSDT
t_6794_SELL,2026-06-19,SELL,62369.44,63320.07,63320.07,59517.55,58091.61,SL,-40.34,-1.079,False,10637.47,BTCUSDT
t_6887_BUY,2026-06-22,BUY,65149.57,64451.09,64451.09,67245.02,68292.75,SL,-41.38,-1.111,False,10596.1,BTCUSDT
t_6886_BUY,2026-06-22,BUY,1767.68,1745.54,1745.54,1834.11,1867.33,SL,-36.8,-1.095,False,9564.59,ETHUSDT
t_6849_BUY,2026-06-22,BUY,73.56,72.21,72.21,77.61,79.63,SL,-37.55,-1.065,False,10036.68,SOLUSDT
t_6905_SELL,2026-06-24,SELL,62936.01,60812.88,63671.13,60730.64,59627.96,TRAILING_PROFIT,105.44,2.843,True,10701.54,BTCUSDT
t_6940_SELL,2026-06-24,SELL,59404.0,60380.82,60380.82,56473.55,55008.32,SL,-40.21,-1.074,False,10661.32,BTCUSDT
t_6907_SELL,2026-06-24,SELL,1648.48,1678.04,1678.04,1559.79,1515.44,SL,-35.73,-1.067,False,9528.86,ETHUSDT
t_6907_SELL,2026-06-24,SELL,68.7,70.17,70.17,64.3,62.1,SL,-37.22,-1.06,False,9999.46,SOLUSDT
t_6960_SELL,2026-06-25,SELL,58290.17,59463.87,59463.87,54769.06,53008.5,SL,-39.56,-1.06,False,10621.76,BTCUSDT
t_6938_SELL,2026-06-25,SELL,1618.08,1645.76,1645.76,1535.04,1493.52,SL,-35.71,-1.071,False,9493.14,ETHUSDT
t_6960_SELL,2026-06-25,SELL,1538.15,1578.88,1578.88,1415.97,1354.88,SL,-34.76,-1.046,False,9458.39,ETHUSDT
t_6938_SELL,2026-06-25,SELL,67.33,68.68,68.68,63.29,61.27,SL,-37.23,-1.064,False,9962.22,SOLUSDT
t_6960_SELL,2026-06-25,SELL,64.23,66.08,66.08,58.67,55.89,SL,-36.27,-1.04,False,9925.96,SOLUSDT
t_6973_SELL,2026-06-26,SELL,1524.7,1564.17,1564.17,1406.29,1347.09,SL,-34.66,-1.047,False,9423.73,ETHUSDT
t_7041_SELL,2026-06-28,SELL,59067.01,59723.01,59723.01,57099.01,56115.0,SL,-41.22,-1.109,False,10580.55,BTCUSDT
t_7079_SELL,2026-06-30,SELL,58412.0,59093.68,59093.68,56366.96,55344.44,SL,-40.86,-1.103,False,10539.69,BTCUSDT
t_7112_BUY,2026-07-02,BUY,1632.12,1605.12,1605.12,1713.12,1753.62,SL,-35.35,-1.072,False,9388.38,ETHUSDT
t_6986_BUY,2026-07-02,BUY,72.07,78.38,69.72,79.12,82.64,TRAILING_PROFIT,97.43,2.805,True,10023.39,SOLUSDT
t_7126_BUY,2026-07-02,BUY,82.38,80.44,80.44,88.19,91.1,SL,-36.9,-1.052,False,9986.49,SOLUSDT
t_7127_BUY,2026-07-03,BUY,1662.82,1730.41,1635.43,1744.98,1786.07,TRAILING_PROFIT,87.38,2.659,True,9475.76,ETHUSDT
t_7167_BUY,2026-07-04,BUY,83.48,82.17,82.17,87.4,89.36,SL,-37.71,-1.079,False,9948.78,SOLUSDT
t_7127_BUY,2026-07-06,BUY,61542.53,63919.08,60672.5,64152.62,65457.67,TRAILING_PROFIT,102.52,2.779,True,10642.21,BTCUSDT
t_7159_BUY,2026-07-06,BUY,1766.15,1739.26,1739.26,1846.82,1887.16,SL,-35.76,-1.078,False,9440.0,ETHUSDT
t_7232_BUY,2026-07-07,BUY,1814.88,1784.58,1784.58,1905.78,1951.23,SL,-35.4,-1.071,False,9404.6,ETHUSDT
t_7232_BUY,2026-07-07,BUY,82.82,81.31,81.31,87.36,89.63,SL,-37.03,-1.063,False,9911.75,SOLUSDT
t_7267_SELL,2026-07-09,SELL,77.25,78.68,78.68,72.97,70.82,SL,-37.01,-1.067,False,9874.74,SOLUSDT
t_7354_SELL,2026-07-12,SELL,76.79,77.63,77.63,74.28,73.02,SL,-32.23,-0.933,False,9842.51,SOLUSDT
t_7308_BUY,2026-07-13,BUY,63749.86,63025.0,63025.0,65924.45,67011.75,SL,-41.16,-1.105,False,10601.05,BTCUSDT
t_7392_SELL,2026-07-13,SELL,62318.0,62899.55,62899.55,60573.36,59701.04,SL,-41.9,-1.129,False,10559.15,BTCUSDT
t_7315_BUY,2026-07-13,BUY,1783.99,1762.86,1762.86,1847.37,1879.06,SL,-36.24,-1.101,False,9368.37,ETHUSDT
t_7392_SELL,2026-07-14,SELL,75.4,76.41,76.41,72.36,70.84,SL,-37.43,-1.087,False,9805.08,SOLUSDT
t_7415_BUY,2026-07-17,BUY,1861.04,1832.04,1832.04,1948.03,1991.52,SL,-35.3,-1.077,False,9333.07,ETHUSDT
t_7525_BUY,2026-07-19,BUY,1871.44,1857.02,1857.02,1914.69,1936.32,SL,-37.74,-1.155,False,9295.33,ETHUSDT
t_7517_BUY,2026-07-20,BUY,64512.41,64177.31,64177.31,65517.72,66020.37,SL,-45.47,-1.23,False,10513.68,BTCUSDT
t_7558_BUY,2026-07-20,BUY,1893.2,1868.14,1868.14,1968.39,2005.99,SL,-35.46,-1.09,False,9259.87,ETHUSDT
t_7468_SELL,2026-07-20,SELL,75.61,76.71,76.71,72.31,70.67,SL,-37.21,-1.084,False,9767.86,SOLUSDT
t_7562_BUY,2026-07-23,BUY,65598.75,64749.04,64749.04,68147.88,69422.44,SL,-40.18,-1.092,False,10473.5,BTCUSDT
t_7562_BUY,2026-07-23,BUY,1902.34,1871.94,1871.94,1993.53,2039.13,SL,-34.83,-1.075,False,9225.04,ETHUSDT
t_7705_BUY,2026-07-26,BUY,1898.59,1938.61,1887.08,1933.12,1950.39,TRAILING_PROFIT,98.1,3.038,True,9323.14,ETHUSDT
t_7654_SELL,2026-07-26,SELL,75.2,76.01,76.01,72.77,71.56,SL,-30.79,-0.901,False,9737.07,SOLUSDT
t_7737_SELL,2026-07-31,SELL,74.06,75.18,75.18,70.69,69.0,SL,-36.68,-1.076,False,9700.39,SOLUSDT
t_7825_SELL,2026-08-02,SELL,62682.06,63316.82,63316.82,60777.78,59825.65,SL,-41.02,-1.119,False,10432.47,BTCUSDT
t_7824_SELL,2026-08-02,SELL,1867.12,1889.98,1889.98,1798.55,1764.27,SL,-35.85,-1.099,False,9287.29,ETHUSDT
t_7852_SELL,2026-08-02,SELL,71.93,72.54,72.54,70.11,69.21,SL,-23.65,-0.697,False,9676.74,SOLUSDT
t_7990_BUY,2026-08-07,BUY,65029.98,64623.11,64623.11,66250.58,66860.88,SL,-43.5,-1.191,False,10388.98,BTCUSDT
t_8006_BUY,2026-08-09,BUY,74.83,76.61,74.13,76.93,77.98,TRAILING_PROFIT,62.56,1.847,True,9739.29,SOLUSDT
t_7947_BUY,2026-08-10,BUY,1895.56,1874.11,1874.11,1959.92,1992.1,SL,-35.93,-1.105,False,9251.36,ETHUSDT
t_8090_SELL,2026-08-11,SELL,1862.74,1880.2,1880.2,1810.35,1784.16,SL,-36.54,-1.128,False,9214.82,ETHUSDT
t_8089_SELL,2026-08-12,SELL,63770.03,64159.38,64159.38,62601.98,62017.96,SL,-43.53,-1.197,False,10345.45,BTCUSDT
t_8165_SELL,2026-08-15,SELL,74.97,75.59,75.59,73.11,72.18,SL,-24.21,-0.71,False,9715.08,SOLUSDT
t_8139_SELL,2026-08-17,SELL,63160.13,63677.4,63677.4,61608.31,60832.41,SL,-41.54,-1.147,False,10303.91,BTCUSDT
t_8234_BUY,2026-08-18,BUY,1913.22,1897.46,1897.46,1960.51,1984.16,SL,-36.92,-1.145,False,9177.9,ETHUSDT
t_8236_BUY,2026-08-19,BUY,64325.99,65614.09,63912.64,65566.03,66186.05,TRAILING_PROFIT,103.49,2.87,True,10407.4,BTCUSDT
t_8279_BUY,2026-08-19,BUY,1937.21,2060.52,1922.4,1981.63,2003.83,TRAILING_PROFIT,176.8,5.504,True,9354.7,ETHUSDT
t_8254_BUY,2026-08-19,BUY,76.31,77.88,75.66,78.27,79.24,TRAILING_PROFIT,56.82,1.671,True,9771.91,SOLUSDT
t_8281_BUY,2026-08-19,BUY,80.89,82.73,79.8,84.16,85.8,TRAILING_PROFIT,76.94,2.25,True,9848.84,SOLUSDT
t_8288_BUY,2026-08-21,BUY,69709.46,74253.43,68658.54,72862.21,74438.59,TRAILING_PROFIT,130.41,3.58,True,10537.81,BTCUSDT
t_8287_BUY,2026-08-21,BUY,2218.12,2407.39,2165.39,2376.31,2455.41,TRAILING_PROFIT,106.16,3.242,True,9460.86,ETHUSDT
t_8299_BUY,2026-08-21,BUY,87.53,91.9,85.79,92.76,95.37,TRAILING_PROFIT,92.85,2.693,True,9941.69,SOLUSDT
t_8336_BUY,2026-08-22,BUY,2513.27,2450.1,2450.1,2702.77,2797.52,SL,-34.68,-1.047,False,9426.18,ETHUSDT
t_8342_BUY,2026-08-22,BUY,96.79,94.26,94.26,104.39,108.18,SL,-36.35,-1.045,False,9905.34,SOLUSDT
t_8322_BUY,2026-08-25,BUY,76308.65,79793.34,74969.08,80327.36,82336.72,TRAILING_PROFIT,100.71,2.731,True,10638.52,BTCUSDT
t_8398_BUY,2026-08-25,BUY,2494.18,2446.7,2446.7,2636.63,2707.86,SL,-35.05,-1.062,False,9391.13,ETHUSDT
t_8411_BUY,2026-08-25,BUY,101.77,98.92,98.92,110.31,114.58,SL,-36.17,-1.043,False,9869.17,SOLUSDT
t_8467_BUY,2026-08-27,BUY,2531.05,2494.99,2494.99,2639.24,2693.33,SL,-35.61,-1.084,False,9355.52,ETHUSDT
t_8547_BUY,2026-08-30,BUY,79337.93,78839.99,78839.99,80831.74,81578.65,SL,-44.33,-1.191,False,10594.19,BTCUSDT
t_8547_BUY,2026-08-30,BUY,2529.28,2506.74,2506.74,2596.89,2630.69,SL,-37.14,-1.134,False,9318.38,ETHUSDT
t_8467_BUY,2026-08-30,BUY,104.66,102.1,102.1,112.33,116.16,SL,-36.27,-1.05,False,9832.9,SOLUSDT
t_8612_SELL,2026-09-02,SELL,2376.61,2410.63,2410.63,2274.56,2223.53,SL,-35.37,-1.085,False,9283.0,ETHUSDT
t_8639_BUY,2026-09-03,BUY,78652.38,80648.99,77858.93,81032.73,82222.9,TRAILING_PROFIT,97.8,2.638,True,10691.99,BTCUSDT
t_8641_BUY,2026-09-04,BUY,104.81,102.83,102.83,110.74,113.7,SL,-36.65,-1.065,False,9796.25,SOLUSDT
t_8722_BUY,2026-09-07,BUY,80341.83,79876.21,79876.21,81738.68,82437.1,SL,-45.15,-1.206,False,10646.84,BTCUSDT
t_8702_BUY,2026-09-07,BUY,105.95,104.54,104.54,110.19,112.31,SL,-37.29,-1.088,False,9758.96,SOLUSDT
