lookback,sl_atr,vol_mult,trades,win_rate,profit_factor,net_pnl,expectancy_r,max_dd_pct,profitable
40,1.0,1.1,166,25.9,0.74,-1297.87,-0.234,16.27,False
40,1.0,1.25,161,26.71,0.77,-1095.72,-0.201,14.84,False
40,1.0,1.35,160,24.38,0.69,-1492.31,-0.283,17.25,False
40,1.0,1.5,155,25.16,0.72,-1320.82,-0.256,15.59,False
40,1.2,1.1,157,26.75,0.77,-1063.34,-0.2,15.2,False
40,1.2,1.25,153,27.45,0.8,-901.34,-0.171,14.15,False
40,1.2,1.35,152,26.32,0.75,-1116.07,-0.218,15.1,False
40,1.2,1.5,147,27.21,0.78,-921.51,-0.183,13.24,False
40,1.4,1.1,140,30.71,0.98,-82.91,-0.012,9.41,False
40,1.4,1.25,138,31.16,0.99,-39.68,-0.003,9.17,False
40,1.4,1.35,137,30.66,0.97,-123.16,-0.021,10.28,False
40,1.4,1.5,133,31.58,1.01,28.55,0.011,8.9,True
40,1.6,1.1,132,29.55,0.98,-88.43,-0.014,8.41,False
40,1.6,1.25,130,30.0,1.0,-12.59,0.003,8.18,True
40,1.6,1.35,129,30.23,1.01,23.92,0.011,8.2,True
40,1.6,1.5,124,31.45,1.07,254.28,0.063,6.09,True
40,1.8,1.1,118,32.2,1.12,380.34,0.096,5.19,True
40,1.8,1.25,117,31.62,1.09,290.03,0.075,5.19,True
40,1.8,1.35,117,31.62,1.08,267.37,0.07,5.54,True
40,1.8,1.5,112,33.04,1.15,463.25,0.121,4.21,True
40,2.0,1.1,111,30.63,1.06,174.82,0.05,5.42,True
40,2.0,1.25,111,30.63,1.05,144.69,0.042,5.42,True
40,2.0,1.35,111,30.63,1.04,130.63,0.039,5.76,True
40,2.0,1.5,105,32.38,1.13,362.5,0.102,4.18,True
44,1.0,1.1,163,25.15,0.72,-1367.57,-0.253,17.1,False
44,1.0,1.25,159,25.79,0.75,-1219.86,-0.229,15.69,False
44,1.0,1.35,158,24.05,0.68,-1542.08,-0.298,17.74,False
44,1.0,1.5,153,24.84,0.7,-1371.65,-0.27,16.37,False
44,1.2,1.1,153,26.8,0.77,-1022.85,-0.197,15.64,False
44,1.2,1.25,150,27.33,0.79,-911.13,-0.177,14.59,False
44,1.2,1.35,149,26.17,0.74,-1125.79,-0.224,15.54,False
44,1.2,1.5,144,27.08,0.78,-931.42,-0.189,13.69,False
44,1.4,1.1,136,30.88,0.99,-37.0,-0.003,9.83,False
44,1.4,1.25,135,31.11,0.99,-46.38,-0.005,9.59,False
44,1.4,1.35,134,30.6,0.97,-129.89,-0.023,10.7,False
44,1.4,1.5,130,31.54,1.01,21.71,0.01,9.33,True
44,1.6,1.1,128,29.69,0.99,-35.53,-0.003,8.75,False
44,1.6,1.25,127,29.92,1.0,-10.15,0.003,8.52,True
44,1.6,1.35,126,30.16,1.01,26.26,0.011,8.54,True
44,1.6,1.5,121,31.4,1.08,256.77,0.065,6.44,True
44,1.8,1.1,114,32.46,1.14,425.46,0.11,4.45,True
44,1.8,1.25,114,32.46,1.13,411.2,0.107,4.45,True
44,1.8,1.35,114,32.46,1.12,388.26,0.101,4.8,True
44,1.8,1.5,109,33.94,1.2,586.4,0.155,4.2,True
44,2.0,1.1,108,31.48,1.09,275.64,0.077,4.69,True
44,2.0,1.25,108,31.48,1.09,262.99,0.074,4.69,True
44,2.0,1.35,108,31.48,1.08,248.69,0.07,5.02,True
44,2.0,1.5,102,33.33,1.18,483.27,0.138,4.17,True
48,1.0,1.1,157,26.11,0.75,-1163.7,-0.22,16.93,False
48,1.0,1.25,153,26.8,0.78,-1012.47,-0.194,15.51,False
48,1.0,1.35,152,25.0,0.71,-1342.28,-0.266,16.84,False
48,1.0,1.5,147,25.85,0.73,-1171.44,-0.237,15.56,False
48,1.2,1.1,146,28.08,0.82,-752.51,-0.148,13.77,False
48,1.2,1.25,143,28.67,0.85,-637.4,-0.127,12.7,False
48,1.2,1.35,142,27.46,0.79,-858.55,-0.176,13.67,False
48,1.2,1.5,137,28.47,0.83,-661.55,-0.138,12.17,False
48,1.4,1.1,130,32.31,1.06,206.39,0.05,8.58,True
48,1.4,1.25,128,32.81,1.07,248.13,0.06,7.88,True
48,1.4,1.35,127,32.28,1.05,162.11,0.041,9.01,True
48,1.4,1.5,123,33.33,1.09,315.13,0.077,7.64,True
48,1.6,1.1,122,31.15,1.05,185.31,0.048,7.86,True
48,1.6,1.25,120,31.67,1.08,262.77,0.067,7.16,True
48,1.6,1.35,119,31.93,1.09,301.02,0.077,7.18,True
48,1.6,1.5,115,33.04,1.15,464.42,0.118,5.71,True
48,1.8,1.1,108,34.26,1.22,631.46,0.168,4.08,True
48,1.8,1.25,107,34.58,1.24,670.32,0.179,3.74,True
48,1.8,1.35,107,34.58,1.23,646.79,0.173,3.75,True
48,1.8,1.5,103,35.92,1.3,805.38,0.221,3.72,True
48,2.0,1.1,102,33.33,1.18,474.3,0.135,4.14,True
48,2.0,1.25,101,33.66,1.19,512.49,0.147,3.79,True
48,2.0,1.35,101,33.66,1.19,497.82,0.143,3.79,True
48,2.0,1.5,97,34.02,1.2,521.84,0.155,4.16,True
52,1.0,1.1,153,24.84,0.71,-1336.18,-0.263,18.22,False
52,1.0,1.25,149,25.5,0.74,-1187.88,-0.237,16.82,False
52,1.0,1.35,148,25.0,0.71,-1294.67,-0.263,16.71,False
52,1.0,1.5,144,25.69,0.73,-1159.24,-0.239,15.78,False
52,1.2,1.1,142,27.46,0.8,-832.11,-0.17,14.84,False
52,1.2,1.25,139,28.06,0.82,-718.02,-0.148,13.78,False
52,1.2,1.35,138,27.54,0.79,-819.88,-0.172,13.64,False
52,1.2,1.5,134,28.36,0.83,-659.58,-0.141,12.49,False
52,1.4,1.1,127,31.5,1.03,90.15,0.025,10.15,True
52,1.4,1.25,125,32.0,1.04,131.52,0.035,9.46,True
52,1.4,1.35,124,32.26,1.05,170.6,0.044,9.47,True
52,1.4,1.5,121,33.06,1.08,283.2,0.071,8.46,True
52,1.6,1.1,119,31.09,1.05,174.3,0.047,8.31,True
52,1.6,1.25,117,31.62,1.08,251.65,0.066,7.61,True
52,1.6,1.35,116,31.9,1.09,291.61,0.076,7.61,True
52,1.6,1.5,113,32.74,1.13,414.39,0.108,6.73,True
52,1.8,1.1,106,33.96,1.2,572.01,0.156,5.03,True
52,1.8,1.25,105,34.29,1.22,610.7,0.167,5.03,True
52,1.8,1.35,105,34.29,1.21,588.88,0.161,5.03,True
52,1.8,1.5,102,35.29,1.26,705.35,0.197,4.31,True
52,2.0,1.1,99,33.33,1.18,468.15,0.137,4.92,True
52,2.0,1.25,98,33.67,1.2,506.29,0.149,4.92,True
52,2.0,1.35,99,33.33,1.17,453.2,0.133,4.92,True
52,2.0,1.5,96,33.33,1.17,437.27,0.133,5.75,True
56,1.0,1.1,146,25.34,0.73,-1209.73,-0.247,17.76,False
56,1.0,1.25,142,26.06,0.75,-1059.28,-0.22,16.36,False
56,1.0,1.35,142,25.35,0.72,-1203.94,-0.253,16.25,False
56,1.0,1.5,138,26.09,0.74,-1066.98,-0.228,15.3,False
56,1.2,1.1,137,26.28,0.77,-930.12,-0.199,14.34,False
56,1.2,1.25,134,26.87,0.79,-817.22,-0.177,13.28,False
56,1.2,1.35,134,26.12,0.76,-954.28,-0.209,13.13,False
56,1.2,1.5,130,26.92,0.79,-796.27,-0.177,11.97,False
56,1.4,1.1,123,30.89,0.98,-58.44,-0.008,9.88,False
56,1.4,1.25,121,31.4,0.99,-17.67,0.001,9.19,False
56,1.4,1.35,121,31.4,0.99,-18.52,0.001,9.19,False
56,1.4,1.5,118,32.2,1.03,91.97,0.027,8.19,True
56,1.6,1.1,115,30.43,1.01,32.51,0.013,9.09,True
56,1.6,1.25,113,30.09,1.0,-5.09,0.004,8.4,True
56,1.6,1.35,113,30.09,1.0,-5.03,0.004,8.4,True
56,1.6,1.5,110,30.91,1.04,114.23,0.035,7.53,True
56,1.8,1.1,104,32.69,1.13,376.67,0.107,6.33,True
56,1.8,1.25,105,32.38,1.12,335.76,0.095,6.33,True
56,1.8,1.35,106,32.08,1.1,274.95,0.078,6.33,True
56,1.8,1.5,103,33.01,1.14,387.99,0.111,5.61,True
56,2.0,1.1,97,32.99,1.16,411.8,0.124,4.56,True
56,2.0,1.25,98,32.65,1.14,371.16,0.112,4.82,True
56,2.0,1.35,99,32.32,1.12,318.74,0.096,4.82,True
56,2.0,1.5,96,32.29,1.12,303.02,0.094,5.39,True
