id,day,side,entry,exit,sl,tp1,tp2,reason,pnl,r_multiple,is_win,capital_after
t_524_BUY,2025-09-30,BUY,112781.97,113745.17,112164.34,114017.22,114634.85,TRAILING_PROFIT,54.58,1.56,True,10054.58
t_818_SELL,2025-10-12,SELL,113198.2,114677.13,114677.13,110240.34,108761.41,SL,-38.44,-1.092,False,10016.14
t_1653_SELL,2025-11-16,SELL,96444.71,95280.62,97223.21,94887.7,94109.2,TRAILING_PROFIT,56.09,1.6,True,10072.23
t_1706_SELL,2025-11-19,SELL,92910.1,91030.38,94368.9,89992.49,88533.69,TRAILING_PROFIT,55.31,1.569,True,10127.54
t_1809_SELL,2025-11-23,SELL,85072.88,86142.84,86142.84,82932.97,81863.01,SL,-38.85,-1.096,False,10088.69
t_2039_SELL,2025-12-02,SELL,87264.2,88234.17,88234.17,85324.25,84354.28,SL,-39.14,-1.109,False,10049.54
t_2379_SELL,2025-12-17,SELL,87588.26,88733.03,88733.03,85298.72,84153.95,SL,-38.42,-1.092,False,10011.12
t_2485_BUY,2025-12-21,BUY,87943.76,88546.86,87514.33,88802.62,89232.04,TRAILING_PROFIT,51.0,1.455,True,10062.12
t_2932_SELL,2026-01-12,SELL,91366.39,92279.61,92279.61,89539.95,88626.73,SL,-39.47,-1.121,False,10022.65
t_3101_BUY,2026-01-16,BUY,95835.0,94805.51,94805.51,97893.97,98923.46,SL,-38.98,-1.111,False,9983.67
t_3242_SELL,2026-01-21,SELL,90288.04,88532.49,91220.46,88423.19,87490.77,TRAILING_PROFIT,63.82,1.826,True,10047.49
t_3361_SELL,2026-01-27,SELL,88178.1,88908.31,88908.31,86717.68,85987.47,SL,-40.28,-1.146,False,10007.21
t_3625_SELL,2026-02-06,SELL,68194.89,70359.23,70359.23,63866.21,61701.88,SL,-36.37,-1.038,False,9970.84
t_4274_BUY,2026-03-06,BUY,71652.77,70459.27,70459.27,74039.76,75233.26,SL,-37.39,-1.071,False,9933.45
t_4826_SELL,2026-03-29,SELL,67014.91,66328.74,67563.91,65916.91,65367.91,TRAILING_PROFIT,51.44,1.479,True,9984.88
t_5051_BUY,2026-04-07,BUY,68775.7,68108.75,68108.75,70109.6,70776.56,SL,-39.25,-1.123,False,9945.63
t_5250_BUY,2026-04-15,BUY,73730.43,74403.15,73025.11,75141.06,75846.38,TRAILING_PROFIT,47.01,1.351,True,9992.64
t_6021_SELL,2026-05-17,SELL,78465.99,77855.76,78827.78,77742.41,77380.62,TRAILING_PROFIT,55.41,1.584,True,10048.05
t_6516_SELL,2026-06-07,SELL,61479.75,62319.38,62319.38,59800.48,58960.85,SL,-38.28,-1.088,False,10009.77
t_6733_BUY,2026-06-16,BUY,65741.99,66418.23,65186.03,66853.92,67409.88,TRAILING_PROFIT,51.34,1.465,True,10061.11
t_7196_BUY,2026-07-05,BUY,62622.18,63368.63,62224.32,63417.89,63815.75,TRAILING_PROFIT,61.56,1.748,True,10122.66
t_7602_BUY,2026-07-23,BUY,65843.48,65411.49,65411.49,66707.47,67139.46,SL,-41.89,-1.182,False,10080.77
t_7689_SELL,2026-07-26,SELL,64412.0,64629.55,64629.55,63976.89,63759.34,SL,-47.84,-1.356,False,10032.94
t_7968_BUY,2026-08-07,BUY,64434.01,65005.76,64088.44,65125.15,65470.71,TRAILING_PROFIT,56.27,1.602,True,10089.21
t_8367_BUY,2026-08-23,BUY,76602.0,75927.57,75927.57,77950.86,78625.29,SL,-40.1,-1.136,False,10049.1
t_8371_BUY,2026-08-23,BUY,76486.49,77291.94,75719.81,78019.86,78786.54,TRAILING_PROFIT,49.4,1.405,True,10098.51
t_8424_BUY,2026-08-27,BUY,78647.99,79772.0,77571.54,80800.9,81877.35,TRAILING_PROFIT,50.67,1.434,True,10149.17
