Strategy,TP_R,SL_Mult,Train_Trades,Train_WR,Train_PF,Train_PnL,Train_DD,Train_Payoff,Val_Trades,Val_WR,Val_PF,Val_PnL,Val_DD,Val_Payoff,Score
Strategy_B_Trend_Pullback,1.8,1.0,134,41.0,1.05,44.46,15.24,1.5,67,37.3,0.87,-59.57,13.77,1.46,0.94
Strategy_B_Trend_Pullback,1.8,1.2,134,41.0,1.05,44.46,15.24,1.5,67,37.3,0.87,-59.57,13.77,1.46,0.94
Strategy_B_Trend_Pullback,1.8,1.5,134,41.0,1.05,44.46,15.24,1.5,67,37.3,0.87,-59.57,13.77,1.46,0.94
Strategy_B_Trend_Pullback,1.5,1.0,151,45.0,1.02,19.62,14.29,1.24,72,41.7,0.86,-63.26,12.55,1.21,0.92
Strategy_B_Trend_Pullback,1.5,1.2,151,45.0,1.02,19.62,14.29,1.24,72,41.7,0.86,-63.26,12.55,1.21,0.92
Strategy_B_Trend_Pullback,1.5,1.5,151,45.0,1.02,19.62,14.29,1.24,72,41.7,0.86,-63.26,12.55,1.21,0.92
Strategy_B_Trend_Pullback,2.0,1.0,121,37.2,0.99,-4.93,18.84,1.68,67,34.3,0.85,-70.13,13.77,1.63,0.91
Strategy_B_Trend_Pullback,2.0,1.2,121,37.2,0.99,-4.93,18.84,1.68,67,34.3,0.85,-70.13,13.77,1.63,0.91
Strategy_B_Trend_Pullback,2.0,1.5,121,37.2,0.99,-4.93,18.84,1.68,67,34.3,0.85,-70.13,13.77,1.63,0.91
Strategy_B_Trend_Pullback,1.2,1.0,161,50.9,1.02,20.62,10.78,0.98,76,46.1,0.81,-84.33,11.92,0.95,0.89
Strategy_B_Trend_Pullback,1.2,1.2,161,50.9,1.02,20.62,10.78,0.98,76,46.1,0.81,-84.33,11.92,0.95,0.89
Strategy_B_Trend_Pullback,1.2,1.5,161,50.9,1.02,20.62,10.78,0.98,76,46.1,0.81,-84.33,11.92,0.95,0.89
Strategy_B_Trend_Pullback,2.5,1.0,108,31.5,0.97,-25.38,22.71,2.12,62,27.4,0.77,-108.25,13.99,2.05,0.85
Strategy_B_Trend_Pullback,2.5,1.2,108,31.5,0.97,-25.38,22.71,2.12,62,27.4,0.77,-108.25,13.99,2.05,0.85
Strategy_B_Trend_Pullback,2.5,1.5,108,31.5,0.97,-25.38,22.71,2.12,62,27.4,0.77,-108.25,13.99,2.05,0.85
Strategy_A_Liquidity_Sweep,2.5,1.0,77,29.9,0.9,-58.46,18.69,2.12,33,27.3,0.77,-59.14,11.63,2.07,0.82
Strategy_A_Liquidity_Sweep,2.5,1.2,77,29.9,0.9,-58.46,18.69,2.12,33,27.3,0.77,-59.14,11.63,2.07,0.82
Strategy_A_Liquidity_Sweep,2.5,1.5,77,29.9,0.9,-58.46,18.69,2.12,33,27.3,0.77,-59.14,11.63,2.07,0.82
Strategy_A_Liquidity_Sweep,1.5,1.0,92,35.9,0.71,-182.24,22.41,1.27,42,40.5,0.83,-47.64,9.19,1.22,0.78
Strategy_A_Liquidity_Sweep,1.5,1.2,92,35.9,0.71,-182.24,22.41,1.27,42,40.5,0.83,-47.64,9.19,1.22,0.78
Strategy_A_Liquidity_Sweep,1.5,1.5,92,35.9,0.71,-182.24,22.41,1.27,42,40.5,0.83,-47.64,9.19,1.22,0.78
Strategy_A_Liquidity_Sweep,2.0,1.0,87,33.3,0.85,-98.71,17.43,1.69,33,30.3,0.71,-71.63,11.39,1.64,0.77
Strategy_A_Liquidity_Sweep,2.0,1.2,87,33.3,0.85,-98.71,17.43,1.69,33,30.3,0.71,-71.63,11.39,1.64,0.77
Strategy_A_Liquidity_Sweep,2.0,1.5,87,33.3,0.85,-98.71,17.43,1.69,33,30.3,0.71,-71.63,11.39,1.64,0.77
Strategy_A_Liquidity_Sweep,1.8,1.0,89,33.7,0.77,-143.57,19.62,1.52,36,33.3,0.74,-69.15,11.22,1.47,0.75
Strategy_A_Liquidity_Sweep,1.8,1.2,89,33.7,0.77,-143.57,19.62,1.52,36,33.3,0.74,-69.15,11.22,1.47,0.75
Strategy_A_Liquidity_Sweep,1.8,1.5,89,33.7,0.77,-143.57,19.62,1.52,36,33.3,0.74,-69.15,11.22,1.47,0.75
Strategy_A_Liquidity_Sweep,1.2,1.0,97,40.2,0.67,-197.81,22.45,1.0,42,45.2,0.79,-51.62,8.84,0.96,0.74
Strategy_A_Liquidity_Sweep,1.2,1.2,97,40.2,0.67,-197.81,22.45,1.0,42,45.2,0.79,-51.62,8.84,0.96,0.74
Strategy_A_Liquidity_Sweep,1.2,1.5,97,40.2,0.67,-197.81,22.45,1.0,42,45.2,0.79,-51.62,8.84,0.96,0.74
Strategy_C_Volatility_Breakout,1.2,1.0,15,53.3,1.13,10.23,3.41,0.99,3,100.0,33604600.0,33.6,0.0,112000.0,-100.0
Strategy_C_Volatility_Breakout,1.2,1.2,15,53.3,1.13,10.23,3.41,0.99,3,100.0,33604600.0,33.6,0.0,112000.0,-100.0
Strategy_C_Volatility_Breakout,1.2,1.5,15,53.3,1.13,10.23,3.41,0.99,3,100.0,33604600.0,33.6,0.0,112000.0,-100.0
Strategy_C_Volatility_Breakout,1.5,1.0,15,53.3,1.43,34.44,3.06,1.25,3,33.3,0.6,-9.48,2.34,1.2,-100.0
Strategy_C_Volatility_Breakout,1.5,1.2,15,53.3,1.43,34.44,3.06,1.25,3,33.3,0.6,-9.48,2.34,1.2,-100.0
Strategy_C_Volatility_Breakout,1.5,1.5,15,53.3,1.43,34.44,3.06,1.25,3,33.3,0.6,-9.48,2.34,1.2,-100.0
Strategy_C_Volatility_Breakout,1.8,1.0,15,53.3,1.73,59.15,2.78,1.51,3,33.3,0.72,-6.55,2.34,1.45,-100.0
Strategy_C_Volatility_Breakout,1.8,1.2,15,53.3,1.73,59.15,2.78,1.51,3,33.3,0.72,-6.55,2.34,1.45,-100.0
Strategy_C_Volatility_Breakout,1.8,1.5,15,53.3,1.73,59.15,2.78,1.51,3,33.3,0.72,-6.55,2.34,1.45,-100.0
Strategy_C_Volatility_Breakout,2.0,1.0,15,53.3,1.93,75.92,2.59,1.69,3,33.3,0.81,-4.6,2.34,1.61,-100.0
Strategy_C_Volatility_Breakout,2.0,1.2,15,53.3,1.93,75.92,2.59,1.69,3,33.3,0.81,-4.6,2.34,1.61,-100.0
Strategy_C_Volatility_Breakout,2.0,1.5,15,53.3,1.93,75.92,2.59,1.69,3,33.3,0.81,-4.6,2.34,1.61,-100.0
Strategy_C_Volatility_Breakout,2.5,1.0,15,53.3,2.43,118.9,2.24,2.12,3,33.3,1.01,0.29,2.34,2.02,-100.0
Strategy_C_Volatility_Breakout,2.5,1.2,15,53.3,2.43,118.9,2.24,2.12,3,33.3,1.01,0.29,2.34,2.02,-100.0
Strategy_C_Volatility_Breakout,2.5,1.5,15,53.3,2.43,118.9,2.24,2.12,3,33.3,1.01,0.29,2.34,2.02,-100.0
Strategy_D_Mean_Reversion,1.2,1.0,10,30.0,0.42,-44.97,4.5,0.98,8,50.0,0.94,-2.72,2.37,0.94,-100.0
Strategy_D_Mean_Reversion,1.2,1.2,10,30.0,0.42,-44.97,4.5,0.98,8,50.0,0.94,-2.72,2.37,0.94,-100.0
Strategy_D_Mean_Reversion,1.2,1.5,10,30.0,0.42,-44.97,4.5,0.98,8,50.0,0.94,-2.72,2.37,0.94,-100.0
Strategy_D_Mean_Reversion,1.5,1.0,10,30.0,0.53,-36.45,3.91,1.24,8,25.0,0.4,-41.25,4.12,1.19,-100.0
Strategy_D_Mean_Reversion,1.5,1.2,10,30.0,0.53,-36.45,3.91,1.24,8,25.0,0.4,-41.25,4.12,1.19,-100.0
Strategy_D_Mean_Reversion,1.5,1.5,10,30.0,0.53,-36.45,3.91,1.24,8,25.0,0.4,-41.25,4.12,1.19,-100.0
Strategy_D_Mean_Reversion,1.8,1.0,10,30.0,0.64,-27.87,3.36,1.5,8,25.0,0.48,-35.58,3.56,1.44,-100.0
Strategy_D_Mean_Reversion,1.8,1.2,10,30.0,0.64,-27.87,3.36,1.5,8,25.0,0.48,-35.58,3.56,1.44,-100.0
Strategy_D_Mean_Reversion,1.8,1.5,10,30.0,0.64,-27.87,3.36,1.5,8,25.0,0.48,-35.58,3.56,1.44,-100.0
Strategy_D_Mean_Reversion,2.0,1.0,10,20.0,0.42,-51.48,5.87,1.67,8,25.0,0.54,-31.8,3.44,1.61,-100.0
Strategy_D_Mean_Reversion,2.0,1.2,10,20.0,0.42,-51.48,5.87,1.67,8,25.0,0.54,-31.8,3.44,1.61,-100.0
Strategy_D_Mean_Reversion,2.0,1.5,10,20.0,0.42,-51.48,5.87,1.67,8,25.0,0.54,-31.8,3.44,1.61,-100.0
Strategy_D_Mean_Reversion,2.5,1.0,10,20.0,0.53,-42.17,5.53,2.1,8,25.0,0.68,-22.27,3.44,2.03,-100.0
Strategy_D_Mean_Reversion,2.5,1.2,10,20.0,0.53,-42.17,5.53,2.1,8,25.0,0.68,-22.27,3.44,2.03,-100.0
Strategy_D_Mean_Reversion,2.5,1.5,10,20.0,0.53,-42.17,5.53,2.1,8,25.0,0.68,-22.27,3.44,2.03,-100.0
